zone_id,rainfall_mm,max_daily_rainfall_mm,max_3day_rainfall_mm,elevation_m,slope_deg,historical_event_count,historical_data_available,max_daily_rainfall_factor,max_3day_rainfall_factor,low_elevation_factor,low_slope_factor,low_lying,historical_factor,max_daily_rainfall_contribution,max_3day_rainfall_contribution,low_elevation_contribution,low_slope_contribution,historical_contribution,risk_score,risk_class
Z156,1052.636185937,36.789238,98.898073,298.0,1.136347105590608,0,True,0.03538812785388128,0.2454337899543379,0.5570776255707762,0.6643835616438356,False,0.4634703196347032,0.7372526636225267,5.11320395738204,13.926940639269406,11.073059360730594,7.724505327245054,39,MODERATE
Z002,1052.636185937,36.789238,98.898073,299.0,1.7964213810407137,0,True,0.03538812785388128,0.2454337899543379,0.5445205479452054,0.3698630136986301,False,0.4634703196347032,0.7372526636225267,5.11320395738204,13.613013698630136,6.164383561643835,7.724505327245054,33,MODERATE
Z003,1052.636185937,36.789238,98.898073,310.0,1.7964213810407137,0,True,0.03538812785388128,0.2454337899543379,0.3276255707762557,0.3698630136986301,False,0.4634703196347032,0.7372526636225267,5.11320395738204,8.190639269406393,6.164383561643835,7.724505327245054,28,LOW
Z004,1052.636185937,36.789238,98.898073,347.0,10.060828604242646,0,True,0.03538812785388128,0.2454337899543379,0.03881278538812785,0.00228310502283105,False,0.4634703196347032,0.7372526636225267,5.11320395738204,0.9703196347031963,0.0380517503805175,7.724505327245054,15,LOW
Z005,1052.636185937,36.789238,98.898073,325.0,1.7963172523867896,0,True,0.03538812785388128,0.2454337899543379,0.136986301369863,0.4668949771689498,False,0.4634703196347032,0.7372526636225267,5.11320395738204,3.4246575342465753,7.78158295281583,7.724505327245054,25,LOW
Z006,1052.636185937,36.789238,98.898073,340.0,1.136347105590608,0,True,0.03538812785388128,0.2454337899543379,0.07534246575342465,0.6643835616438356,False,0.4634703196347032,0.7372526636225267,5.11320395738204,1.8835616438356164,11.073059360730594,7.724505327245054,27,LOW
Z007,1114.724262765,44.927498,97.00333699999999,336.0,5.374895598701835,0,True,0.4634703196347032,0.0684931506849315,0.0867579908675799,0.01598173515981735,False,0.4634703196347032,9.655631659056318,1.4269406392694064,2.1689497716894977,0.2663622526636225,7.724505327245054,21,LOW
Z008,1114.724262765,44.927498,97.00333699999999,324.0,1.6067492162846009,0,True,0.4634703196347032,0.0684931506849315,0.1506849315068493,0.571917808219178,False,0.4634703196347032,9.655631659056318,1.4269406392694064,3.767123287671233,9.531963470319635,7.724505327245054,32,MODERATE
Z009,1114.724262765,44.927498,97.00333699999999,336.0,2.409334683179326,0,True,0.4634703196347032,0.0684931506849315,0.0867579908675799,0.24885844748858446,False,0.4634703196347032,9.655631659056318,1.4269406392694064,2.1689497716894977,4.147640791476408,7.724505327245054,25,LOW
Z010,1114.724262765,44.927498,97.00333699999999,346.0,1.6067492162846009,0,True,0.4634703196347032,0.0684931506849315,0.04794520547945205,0.571917808219178,False,0.4634703196347032,9.655631659056318,1.4269406392694064,1.1986301369863013,9.531963470319635,7.724505327245054,30,LOW
Z011,1114.724262765,44.927498,97.00333699999999,347.0,1.6069044726299722,0,True,0.4634703196347032,0.0684931506849315,0.03881278538812785,0.5273972602739726,False,0.4634703196347032,9.655631659056318,1.4269406392694064,0.9703196347031963,8.789954337899545,7.724505327245054,29,LOW
Z012,1147.4016432002,42.18702,98.436382,346.0,1.6069044726299722,0,True,0.16095890410958905,0.1769406392694064,0.04794520547945205,0.5273972602739726,False,0.4634703196347032,3.3533105022831053,3.686263318112634,1.1986301369863013,8.789954337899545,7.724505327245054,25,LOW
Z013,1147.4016432002,42.18702,98.436382,363.0,0.8035325853473997,0,True,0.16095890410958905,0.1769406392694064,0.00228310502283105,0.8710045662100456,False,0.4634703196347032,3.3533105022831053,3.686263318112634,0.05707762557077625,14.516742770167427,7.724505327245054,29,LOW
Z014,1147.4016432002,42.18702,98.436382,351.0,0.8036102593253973,0,True,0.16095890410958905,0.1769406392694064,0.0182648401826484,0.7796803652968036,False,0.4634703196347032,3.3533105022831053,3.686263318112634,0.45662100456621,12.994672754946729,7.724505327245054,28,LOW
Z015,1147.4016432002,42.18702,98.436382,351.0,1.136347105590608,0,True,0.16095890410958905,0.1769406392694064,0.0182648401826484,0.6643835616438356,False,0.4634703196347032,3.3533105022831053,3.686263318112634,0.45662100456621,11.073059360730594,7.724505327245054,26,LOW
Z016,1147.4016432002,42.18702,98.436382,355.0,0.0,0,True,0.16095890410958905,0.1769406392694064,0.007990867579908675,0.9600456621004566,False,0.4634703196347032,3.3533105022831053,3.686263318112634,0.1997716894977169,16.00076103500761,7.724505327245054,31,MODERATE
Z017,1147.4016432002,42.18702,98.436382,346.0,1.7964213810407137,0,True,0.16095890410958905,0.1769406392694064,0.04794520547945205,0.3698630136986301,False,0.4634703196347032,3.3533105022831053,3.686263318112634,1.1986301369863013,6.164383561643835,7.724505327245054,22,LOW
Z018,1163.802276781,43.720043,97.90064600000001,343.0,0.8035325853473997,0,True,0.2819634703196347,0.11986301369863013,0.06735159817351598,0.8710045662100456,False,0.4634703196347032,5.87423896499239,2.4971461187214614,1.6837899543378994,14.516742770167427,7.724505327245054,32,MODERATE
Z019,1163.802276781,43.720043,97.90064600000001,334.0,0.0,0,True,0.2819634703196347,0.11986301369863013,0.09931506849315068,0.9600456621004566,False,0.4634703196347032,5.87423896499239,2.4971461187214614,2.482876712328767,16.00076103500761,7.724505327245054,35,MODERATE
Z020,1163.802276781,43.720043,97.90064600000001,325.0,3.3095999178145146,0,True,0.2819634703196347,0.11986301369863013,0.136986301369863,0.08105022831050228,False,0.4634703196347032,5.87423896499239,2.4971461187214614,3.4246575342465753,1.3508371385083715,7.724505327245054,21,LOW
Z021,1163.802276781,43.720043,97.90064600000001,325.0,2.2718009544716,0,True,0.2819634703196347,0.11986301369863013,0.136986301369863,0.2865296803652968,False,0.4634703196347032,5.87423896499239,2.4971461187214614,3.4246575342465753,4.775494672754947,7.724505327245054,24,LOW
Z022,1052.636185937,36.789238,98.898073,297.0,1.7964213810407137,0,True,0.03538812785388128,0.2454337899543379,0.5787671232876712,0.3698630136986301,False,0.4634703196347032,0.7372526636225267,5.11320395738204,14.46917808219178,6.164383561643835,7.724505327245054,34,MODERATE
Z023,1052.636185937,36.789238,98.898073,300.6328125,2.3775579516470797,0,True,0.03538812785388128,0.2454337899543379,0.5091324200913242,0.2557077625570776,False,0.4634703196347032,0.7372526636225267,5.11320395738204,12.728310502283104,4.26179604261796,7.724505327245054,31,MODERATE
Z024,1052.636185937,36.789238,98.898073,311.0,2.895095406089006,0,True,0.03538812785388128,0.2454337899543379,0.3093607305936073,0.1095890410958904,False,0.4634703196347032,0.7372526636225267,5.11320395738204,7.7340182648401825,1.8264840182648403,7.724505327245054,23,LOW
Z025,1052.636185937,36.789238,98.898073,321.0,2.539520020526714,0,True,0.03538812785388128,0.2454337899543379,0.18493150684931506,0.2054794520547945,False,0.4634703196347032,0.7372526636225267,5.11320395738204,4.623287671232877,3.4246575342465753,7.724505327245054,22,LOW
Z026,1052.636185937,36.789238,98.898073,324.0,1.6067492162846009,0,True,0.03538812785388128,0.2454337899543379,0.1506849315068493,0.571917808219178,False,0.4634703196347032,0.7372526636225267,5.11320395738204,3.767123287671233,9.531963470319635,7.724505327245054,27,LOW
Z027,1052.636185937,36.789238,98.898073,334.0,1.7963172523867896,0,True,0.03538812785388128,0.2454337899543379,0.09931506849315068,0.4668949771689498,False,0.4634703196347032,0.7372526636225267,5.11320395738204,2.482876712328767,7.78158295281583,7.724505327245054,24,LOW
Z028,1114.724262765,44.927498,97.00333699999999,325.0,0.8036102593253973,0,True,0.4634703196347032,0.0684931506849315,0.136986301369863,0.7796803652968036,False,0.4634703196347032,9.655631659056318,1.4269406392694064,3.4246575342465753,12.994672754946729,7.724505327245054,35,MODERATE
Z029,1114.724262765,44.927498,97.00333699999999,329.0,0.8036102593253973,0,True,0.4634703196347032,0.0684931506849315,0.11757990867579908,0.7796803652968036,False,0.4634703196347032,9.655631659056318,1.4269406392694064,2.939497716894977,12.994672754946729,7.724505327245054,35,MODERATE
Z030,1114.724262765,44.927498,97.00333699999999,333.0,2.895095406089006,0,True,0.4634703196347032,0.0684931506849315,0.10844748858447488,0.1095890410958904,False,0.4634703196347032,9.655631659056318,1.4269406392694064,2.711187214611872,1.8264840182648403,7.724505327245054,23,LOW
Z031,1114.724262765,44.927498,97.00333699999999,334.0,1.7964213810407137,0,True,0.4634703196347032,0.0684931506849315,0.09931506849315068,0.3698630136986301,False,0.4634703196347032,9.655631659056318,1.4269406392694064,2.482876712328767,6.164383561643835,7.724505327245054,27,LOW
Z032,1114.724262765,44.927498,97.00333699999999,334.0,2.5397161746466046,0,True,0.4634703196347032,0.0684931506849315,0.09931506849315068,0.1632420091324201,False,0.4634703196347032,9.655631659056318,1.4269406392694064,2.482876712328767,2.720700152207002,7.724505327245054,24,LOW
Z033,1147.4016432002,42.18702,98.436382,350.0,2.539520020526714,0,True,0.16095890410958905,0.1769406392694064,0.02511415525114155,0.2054794520547945,False,0.4634703196347032,3.3533105022831053,3.686263318112634,0.6278538812785388,3.4246575342465753,7.724505327245054,19,LOW
Z034,1147.4016432002,42.18702,98.436382,348.0,0.8036102593253973,0,True,0.16095890410958905,0.1769406392694064,0.033105022831050226,0.7796803652968036,False,0.4634703196347032,3.3533105022831053,3.686263318112634,0.8276255707762556,12.994672754946729,7.724505327245054,29,LOW
Z035,1147.4016432002,42.18702,98.436382,345.0,3.3095999178145146,0,True,0.16095890410958905,0.1769406392694064,0.05707762557077625,0.08105022831050228,False,0.4634703196347032,3.3533105022831053,3.686263318112634,1.4269406392694064,1.3508371385083715,7.724505327245054,18,LOW
Z036,1147.4016432002,42.18702,98.436382,346.0,2.5397161746466046,0,True,0.16095890410958905,0.1769406392694064,0.04794520547945205,0.1632420091324201,False,0.4634703196347032,3.3533105022831053,3.686263318112634,1.1986301369863013,2.720700152207002,7.724505327245054,19,LOW
Z037,1147.4016432002,42.18702,98.436382,355.0,2.5397161746466046,0,True,0.16095890410958905,0.1769406392694064,0.007990867579908675,0.1632420091324201,False,0.4634703196347032,3.3533105022831053,3.686263318112634,0.1997716894977169,2.720700152207002,7.724505327245054,18,LOW
Z038,1147.4016432002,42.18702,98.436382,336.0,0.0,0,True,0.16095890410958905,0.1769406392694064,0.0867579908675799,0.9600456621004566,False,0.4634703196347032,3.3533105022831053,3.686263318112634,2.1689497716894977,16.00076103500761,7.724505327245054,33,MODERATE
Z039,1163.802276781,43.720043,97.90064600000001,337.0,2.409334683179326,0,True,0.2819634703196347,0.11986301369863013,0.08105022831050228,0.24885844748858446,False,0.4634703196347032,5.87423896499239,2.4971461187214614,2.026255707762557,4.147640791476408,7.724505327245054,22,LOW
Z040,1163.802276781,43.720043,97.90064600000001,341.0,3.3098816119282364,0,True,0.2819634703196347,0.11986301369863013,0.0730593607305936,0.07077625570776255,False,0.4634703196347032,5.87423896499239,2.4971461187214614,1.82648401826484,1.1796042617960427,7.724505327245054,19,LOW
Z041,1163.802276781,43.720043,97.90064600000001,327.0,3.4054724957844504,0,True,0.2819634703196347,0.11986301369863013,0.12557077625570776,0.06278538812785388,False,0.4634703196347032,5.87423896499239,2.4971461187214614,3.139269406392694,1.0464231354642313,7.724505327245054,20,LOW
Z042,1163.802276781,43.720043,97.90064600000001,323.0,1.6067492162846009,0,True,0.2819634703196347,0.11986301369863013,0.1632420091324201,0.571917808219178,False,0.4634703196347032,5.87423896499239,2.4971461187214614,4.081050228310502,9.531963470319635,7.724505327245054,30,LOW
Z043,1052.636185937,36.789238,98.898073,306.0,2.895095406089006,0,True,0.03538812785388128,0.2454337899543379,0.3972602739726027,0.1095890410958904,False,0.4634703196347032,0.7372526636225267,5.11320395738204,9.931506849315069,1.8264840182648403,7.724505327245054,25,LOW
Z044,1052.636185937,36.789238,98.898073,311.0,0.8036102593253973,0,True,0.03538812785388128,0.2454337899543379,0.3093607305936073,0.7796803652968036,False,0.4634703196347032,0.7372526636225267,5.11320395738204,7.7340182648401825,12.994672754946729,7.724505327245054,34,MODERATE
Z045,1052.636185937,36.789238,98.898073,309.0,1.136347105590608,0,True,0.03538812785388128,0.2454337899543379,0.3481735159817352,0.6643835616438356,False,0.4634703196347032,0.7372526636225267,5.11320395738204,8.704337899543379,11.073059360730594,7.724505327245054,33,MODERATE
Z046,1052.636185937,36.789238,98.898073,318.0,1.6067492162846009,0,True,0.03538812785388128,0.2454337899543379,0.21232876712328766,0.571917808219178,False,0.4634703196347032,0.7372526636225267,5.11320395738204,5.308219178082192,9.531963470319635,7.724505327245054,28,LOW
Z047,1052.636185937,36.789238,98.898073,313.0,1.7964213810407137,0,True,0.03538812785388128,0.2454337899543379,0.2773972602739726,0.3698630136986301,False,0.4634703196347032,0.7372526636225267,5.11320395738204,6.934931506849315,6.164383561643835,7.724505327245054,27,LOW
Z048,1052.636185937,36.789238,98.898073,317.0,0.8035325853473997,0,True,0.03538812785388128,0.2454337899543379,0.22488584474885845,0.8710045662100456,False,0.4634703196347032,0.7372526636225267,5.11320395738204,5.622146118721461,14.516742770167427,7.724505327245054,34,MODERATE
Z049,1114.724262765,44.927498,97.00333699999999,322.0,1.6067492162846009,0,True,0.4634703196347032,0.0684931506849315,0.17579908675799086,0.571917808219178,False,0.4634703196347032,9.655631659056318,1.4269406392694064,4.394977168949771,9.531963470319635,7.724505327245054,33,MODERATE
Z050,1114.724262765,44.927498,97.00333699999999,330.0,0.0,0,True,0.4634703196347032,0.0684931506849315,0.1141552511415525,0.9600456621004566,False,0.4634703196347032,9.655631659056318,1.4269406392694064,2.853881278538813,16.00076103500761,7.724505327245054,38,MODERATE
Z051,1114.724262765,44.927498,97.00333699999999,324.0,2.2718009544716,0,True,0.4634703196347032,0.0684931506849315,0.1506849315068493,0.2865296803652968,False,0.4634703196347032,9.655631659056318,1.4269406392694064,3.767123287671233,4.775494672754947,7.724505327245054,27,LOW
Z052,1114.724262765,44.927498,97.00333699999999,334.0,2.539520020526714,0,True,0.4634703196347032,0.0684931506849315,0.09931506849315068,0.2054794520547945,False,0.4634703196347032,9.655631659056318,1.4269406392694064,2.482876712328767,3.4246575342465753,7.724505327245054,25,LOW
Z053,1114.724262765,44.927498,97.00333699999999,345.0,2.895095406089006,1,True,0.4634703196347032,0.0684931506849315,0.05707762557077625,0.1095890410958904,False,0.958904109589041,9.655631659056318,1.4269406392694064,1.4269406392694064,1.8264840182648403,15.981735159817353,30,LOW
Z054,1147.4016432002,42.18702,98.436382,350.0,2.5397161746466046,0,True,0.16095890410958905,0.1769406392694064,0.02511415525114155,0.1632420091324201,False,0.4634703196347032,3.3533105022831053,3.686263318112634,0.6278538812785388,2.720700152207002,7.724505327245054,18,LOW
Z055,1147.4016432002,42.18702,98.436382,343.0,1.7964213810407137,0,True,0.16095890410958905,0.1769406392694064,0.06735159817351598,0.3698630136986301,False,0.4634703196347032,3.3533105022831053,3.686263318112634,1.6837899543378994,6.164383561643835,7.724505327245054,23,LOW
Z056,1147.4016432002,42.18702,98.436382,344.0,5.069101151811648,0,True,0.16095890410958905,0.1769406392694064,0.06278538812785388,0.02054794520547945,False,0.4634703196347032,3.3533105022831053,3.686263318112634,1.569634703196347,0.3424657534246575,7.724505327245054,17,LOW
Z057,1147.4016432002,42.18702,98.436382,345.0,0.8036102593253973,0,True,0.16095890410958905,0.1769406392694064,0.05707762557077625,0.7796803652968036,False,0.4634703196347032,3.3533105022831053,3.686263318112634,1.4269406392694064,12.994672754946729,7.724505327245054,29,LOW
Z058,1147.4016432002,42.18702,98.436382,333.0,5.6076666017163515,0,True,0.16095890410958905,0.1769406392694064,0.10844748858447488,0.0136986301369863,False,0.4634703196347032,3.3533105022831053,3.686263318112634,2.711187214611872,0.22831050228310504,7.724505327245054,18,LOW
Z059,1147.4016432002,42.18702,98.436382,334.0,2.2718009544716,0,True,0.16095890410958905,0.1769406392694064,0.09931506849315068,0.2865296803652968,False,0.4634703196347032,3.3533105022831053,3.686263318112634,2.482876712328767,4.775494672754947,7.724505327245054,22,LOW
Z060,1163.802276781,43.720043,97.90064600000001,322.0,1.7963172523867896,0,True,0.2819634703196347,0.11986301369863013,0.17579908675799086,0.4668949771689498,False,0.4634703196347032,5.87423896499239,2.4971461187214614,4.394977168949771,7.78158295281583,7.724505327245054,28,LOW
Z061,1163.802276781,43.720043,97.90064600000001,350.0,6.451461614830031,0,True,0.2819634703196347,0.11986301369863013,0.02511415525114155,0.01141552511415525,False,0.4634703196347032,5.87423896499239,2.4971461187214614,0.6278538812785388,0.1902587519025875,7.724505327245054,17,LOW
Z062,1163.802276781,43.720043,97.90064600000001,351.0,2.2718009544716,0,True,0.2819634703196347,0.11986301369863013,0.0182648401826484,0.2865296803652968,False,0.4634703196347032,5.87423896499239,2.4971461187214614,0.45662100456621,4.775494672754947,7.724505327245054,21,LOW
Z063,1163.802276781,43.720043,97.90064600000001,323.0,1.7964213810407137,0,True,0.2819634703196347,0.11986301369863013,0.1632420091324201,0.3698630136986301,False,0.4634703196347032,5.87423896499239,2.4971461187214614,4.081050228310502,6.164383561643835,7.724505327245054,26,LOW
Z064,1052.636185937,36.789238,98.898073,307.0,1.136347105590608,0,True,0.03538812785388128,0.2454337899543379,0.3767123287671233,0.6643835616438356,False,0.4634703196347032,0.7372526636225267,5.11320395738204,9.417808219178083,11.073059360730594,7.724505327245054,34,MODERATE
Z065,1052.636185937,36.789238,98.898073,314.0,0.8036102593253973,0,True,0.03538812785388128,0.2454337899543379,0.2636986301369863,0.7796803652968036,False,0.4634703196347032,0.7372526636225267,5.11320395738204,6.592465753424658,12.994672754946729,7.724505327245054,33,MODERATE
Z066,1052.636185937,36.789238,98.898073,313.0,0.0,0,True,0.03538812785388128,0.2454337899543379,0.2773972602739726,0.9600456621004566,False,0.4634703196347032,0.7372526636225267,5.11320395738204,6.934931506849315,16.00076103500761,7.724505327245054,37,MODERATE
Z067,1052.636185937,36.789238,98.898073,312.0,2.895095406089006,0,True,0.03538812785388128,0.2454337899543379,0.2910958904109589,0.1095890410958904,False,0.4634703196347032,0.7372526636225267,5.11320395738204,7.277397260273973,1.8264840182648403,7.724505327245054,23,LOW
Z068,1052.636185937,36.789238,98.898073,311.0,1.6067492162846009,0,True,0.03538812785388128,0.2454337899543379,0.3093607305936073,0.571917808219178,False,0.4634703196347032,0.7372526636225267,5.11320395738204,7.7340182648401825,9.531963470319635,7.724505327245054,31,MODERATE
Z069,1052.636185937,36.789238,98.898073,314.0,1.6069044726299722,0,True,0.03538812785388128,0.2454337899543379,0.2636986301369863,0.5273972602739726,False,0.4634703196347032,0.7372526636225267,5.11320395738204,6.592465753424658,8.789954337899545,7.724505327245054,29,LOW
Z070,1114.724262765,44.927498,97.00333699999999,317.0,0.0,0,True,0.4634703196347032,0.0684931506849315,0.22488584474885845,0.9600456621004566,False,0.4634703196347032,9.655631659056318,1.4269406392694064,5.622146118721461,16.00076103500761,7.724505327245054,40,MODERATE
Z071,1114.724262765,44.927498,97.00333699999999,323.0,1.7963172523867896,0,True,0.4634703196347032,0.0684931506849315,0.1632420091324201,0.4668949771689498,False,0.4634703196347032,9.655631659056318,1.4269406392694064,4.081050228310502,7.78158295281583,7.724505327245054,31,MODERATE
Z072,1114.724262765,44.927498,97.00333699999999,319.0,0.0,0,True,0.4634703196347032,0.0684931506849315,0.20205479452054795,0.9600456621004566,False,0.4634703196347032,9.655631659056318,1.4269406392694064,5.051369863013699,16.00076103500761,7.724505327245054,40,MODERATE
Z073,1114.724262765,44.927498,97.00333699999999,327.0,3.3095999178145146,0,True,0.4634703196347032,0.0684931506849315,0.12557077625570776,0.08105022831050228,False,0.4634703196347032,9.655631659056318,1.4269406392694064,3.139269406392694,1.3508371385083715,7.724505327245054,23,LOW
Z074,1114.724262765,44.927498,97.00333699999999,344.0,1.7963172523867896,0,True,0.4634703196347032,0.0684931506849315,0.06278538812785388,0.4668949771689498,False,0.4634703196347032,9.655631659056318,1.4269406392694064,1.569634703196347,7.78158295281583,7.724505327245054,28,LOW
Z075,1147.4016432002,42.18702,98.436382,339.0,3.4054724957844504,0,True,0.16095890410958905,0.1769406392694064,0.0776255707762557,0.06278538812785388,False,0.4634703196347032,3.3533105022831053,3.686263318112634,1.9406392694063925,1.0464231354642313,7.724505327245054,18,LOW
Z076,1147.4016432002,42.18702,98.436382,347.0,0.8035325853473997,0,True,0.16095890410958905,0.1769406392694064,0.03881278538812785,0.8710045662100456,False,0.4634703196347032,3.3533105022831053,3.686263318112634,0.9703196347031963,14.516742770167427,7.724505327245054,30,LOW
Z077,1147.4016432002,42.18702,98.436382,318.0,1.7964213810407137,0,True,0.16095890410958905,0.1769406392694064,0.21232876712328766,0.3698630136986301,False,0.4634703196347032,3.3533105022831053,3.686263318112634,5.308219178082192,6.164383561643835,7.724505327245054,26,LOW
Z078,1147.4016432002,42.18702,98.436382,342.0,1.7963172523867896,0,True,0.16095890410958905,0.1769406392694064,0.07077625570776255,0.4668949771689498,False,0.4634703196347032,3.3533105022831053,3.686263318112634,1.7694063926940637,7.78158295281583,7.724505327245054,24,LOW
Z079,1147.4016432002,42.18702,98.436382,318.0,1.136347105590608,0,True,0.16095890410958905,0.1769406392694064,0.21232876712328766,0.6643835616438356,False,0.4634703196347032,3.3533105022831053,3.686263318112634,5.308219178082192,11.073059360730594,7.724505327245054,31,MODERATE
Z080,1147.4016432002,42.18702,98.436382,324.0,2.894987945295464,0,True,0.16095890410958905,0.1769406392694064,0.1506849315068493,0.1324200913242009,False,0.4634703196347032,3.3533105022831053,3.686263318112634,3.767123287671233,2.207001522070015,7.724505327245054,21,LOW
Z081,1163.802276781,43.720043,97.90064600000001,325.0,1.136347105590608,0,True,0.2819634703196347,0.11986301369863013,0.136986301369863,0.6643835616438356,False,0.4634703196347032,5.87423896499239,2.4971461187214614,3.4246575342465753,11.073059360730594,7.724505327245054,31,MODERATE
Z082,1163.802276781,43.720043,97.90064600000001,356.0,0.8036102593253973,0,True,0.2819634703196347,0.11986301369863013,0.0045662100456621,0.7796803652968036,False,0.4634703196347032,5.87423896499239,2.4971461187214614,0.1141552511415525,12.994672754946729,7.724505327245054,29,LOW
Z083,1163.802276781,43.720043,97.90064600000001,352.0,1.7963172523867896,0,True,0.2819634703196347,0.11986301369863013,0.0136986301369863,0.4668949771689498,False,0.4634703196347032,5.87423896499239,2.4971461187214614,0.3424657534246575,7.78158295281583,7.724505327245054,24,LOW
Z084,1163.802276781,43.720043,97.90064600000001,324.0,1.7963172523867896,0,True,0.2819634703196347,0.11986301369863013,0.1506849315068493,0.4668949771689498,False,0.4634703196347032,5.87423896499239,2.4971461187214614,3.767123287671233,7.78158295281583,7.724505327245054,28,LOW
Z085,1052.636185937,36.789238,98.898073,306.0,1.7964213810407137,0,True,0.03538812785388128,0.2454337899543379,0.3972602739726027,0.3698630136986301,False,0.4634703196347032,0.7372526636225267,5.11320395738204,9.931506849315069,6.164383561643835,7.724505327245054,30,LOW
Z086,1052.636185937,36.789238,98.898073,310.0,1.136347105590608,0,True,0.03538812785388128,0.2454337899543379,0.3276255707762557,0.6643835616438356,False,0.4634703196347032,0.7372526636225267,5.11320395738204,8.190639269406393,11.073059360730594,7.724505327245054,33,MODERATE
Z087,1052.636185937,36.789238,98.898073,308.0,1.6067492162846009,0,True,0.03538812785388128,0.2454337899543379,0.365296803652968,0.571917808219178,False,0.4634703196347032,0.7372526636225267,5.11320395738204,9.1324200913242,9.531963470319635,7.724505327245054,32,MODERATE
Z088,1052.636185937,36.789238,98.898073,304.0,0.8035325853473997,0,True,0.03538812785388128,0.2454337899543379,0.430365296803653,0.8710045662100456,False,0.4634703196347032,0.7372526636225267,5.11320395738204,10.759132420091325,14.516742770167427,7.724505327245054,39,MODERATE
Z089,1052.636185937,36.789238,98.898073,314.0,1.6067492162846009,0,True,0.03538812785388128,0.2454337899543379,0.2636986301369863,0.571917808219178,False,0.4634703196347032,0.7372526636225267,5.11320395738204,6.592465753424658,9.531963470319635,7.724505327245054,30,LOW
Z090,1052.636185937,36.789238,98.898073,314.0,2.409334683179326,0,True,0.03538812785388128,0.2454337899543379,0.2636986301369863,0.24885844748858446,False,0.4634703196347032,0.7372526636225267,5.11320395738204,6.592465753424658,4.147640791476408,7.724505327245054,24,LOW
Z091,1114.724262765,44.927498,97.00333699999999,315.0,0.8036102593253973,0,True,0.4634703196347032,0.0684931506849315,0.25,0.7796803652968036,False,0.4634703196347032,9.655631659056318,1.4269406392694064,6.25,12.994672754946729,7.724505327245054,38,MODERATE
Z092,1114.724262765,44.927498,97.00333699999999,313.0,1.7964213810407137,0,True,0.4634703196347032,0.0684931506849315,0.2773972602739726,0.3698630136986301,False,0.4634703196347032,9.655631659056318,1.4269406392694064,6.934931506849315,6.164383561643835,7.724505327245054,32,MODERATE
Z093,1114.724262765,44.927498,97.00333699999999,320.75,0.9858598159040892,0,True,0.4634703196347032,0.0684931506849315,0.18949771689497716,0.730593607305936,False,0.4634703196347032,9.655631659056318,1.4269406392694064,4.737442922374429,12.1765601217656,7.724505327245054,36,MODERATE
Z094,1114.724262765,44.927498,97.00333699999999,320.33984375,2.522970729661075,1,True,0.4634703196347032,0.0684931506849315,0.1917808219178082,0.228310502283105,False,0.958904109589041,9.655631659056318,1.4269406392694064,4.794520547945205,3.8051750380517504,15.981735159817353,36,MODERATE
Z095,1114.724262765,44.927498,97.00333699999999,337.0,3.589317782023876,0,True,0.4634703196347032,0.0684931506849315,0.08105022831050228,0.0502283105022831,False,0.4634703196347032,9.655631659056318,1.4269406392694064,2.026255707762557,0.8371385083713851,7.724505327245054,22,LOW
Z096,1147.4016432002,42.18702,98.436382,319.26953125,0.8471737902594485,0,True,0.16095890410958905,0.1769406392694064,0.19863013698630136,0.7328767123287672,False,0.4634703196347032,3.3533105022831053,3.686263318112634,4.965753424657534,12.21461187214612,7.724505327245054,32,MODERATE
Z097,1147.4016432002,42.18702,98.436382,346.0,2.5397161746466046,0,True,0.16095890410958905,0.1769406392694064,0.04794520547945205,0.1632420091324201,False,0.4634703196347032,3.3533105022831053,3.686263318112634,1.1986301369863013,2.720700152207002,7.724505327245054,19,LOW
Z098,1147.4016432002,42.18702,98.436382,329.0,7.368479570282629,0,True,0.16095890410958905,0.1769406392694064,0.11757990867579908,0.0091324200913242,False,0.4634703196347032,3.3533105022831053,3.686263318112634,2.939497716894977,0.15220700152207,7.724505327245054,18,LOW
Z099,1147.4016432002,42.18702,98.436382,314.0,1.136347105590608,0,True,0.16095890410958905,0.1769406392694064,0.2636986301369863,0.6643835616438356,False,0.4634703196347032,3.3533105022831053,3.686263318112634,6.592465753424658,11.073059360730594,7.724505327245054,32,MODERATE
Z100,1147.4016432002,42.18702,98.436382,316.0,4.319295934481344,0,True,0.16095890410958905,0.1769406392694064,0.2374429223744292,0.033105022831050226,False,0.4634703196347032,3.3533105022831053,3.686263318112634,5.93607305936073,0.5517503805175038,7.724505327245054,21,LOW
Z101,1147.4016432002,42.18702,98.436382,316.046875,0.0313930811761503,0,True,0.16095890410958905,0.1769406392694064,0.23059360730593606,0.9178082191780822,False,0.4634703196347032,3.3533105022831053,3.686263318112634,5.764840182648402,15.296803652968038,7.724505327245054,36,MODERATE
Z102,1163.802276781,43.720043,97.90064600000001,331.0,9.842725278645426,0,True,0.2819634703196347,0.11986301369863013,0.11187214611872145,0.0045662100456621,False,0.4634703196347032,5.87423896499239,2.4971461187214614,2.7968036529680362,0.076103500761035,7.724505327245054,19,LOW
Z103,1163.802276781,43.720043,97.90064600000001,353.0,1.6067492162846009,0,True,0.2819634703196347,0.11986301369863013,0.01141552511415525,0.571917808219178,False,0.4634703196347032,5.87423896499239,2.4971461187214614,0.28538812785388123,9.531963470319635,7.724505327245054,26,LOW
Z104,1163.802276781,43.720043,97.90064600000001,335.0,2.5397161746466046,0,True,0.2819634703196347,0.11986301369863013,0.091324200913242,0.1632420091324201,False,0.4634703196347032,5.87423896499239,2.4971461187214614,2.28310502283105,2.720700152207002,7.724505327245054,21,LOW
Z105,1163.802276781,43.720043,97.90064600000001,328.0,1.7964213810407137,0,True,0.2819634703196347,0.11986301369863013,0.12100456621004566,0.3698630136986301,False,0.4634703196347032,5.87423896499239,2.4971461187214614,3.0251141552511416,6.164383561643835,7.724505327245054,25,LOW
Z106,1108.426344,46.527706,121.851667,307.0,0.0,0,True,0.5947488584474886,0.8162100456621004,0.3767123287671233,0.9600456621004566,False,0.4634703196347032,12.390601217656014,17.00437595129376,9.417808219178083,16.00076103500761,7.724505327245054,63,HIGH
Z107,1108.426344,46.527706,121.851667,304.0,2.2718009544716,0,True,0.5947488584474886,0.8162100456621004,0.430365296803653,0.2865296803652968,False,0.4634703196347032,12.390601217656014,17.00437595129376,10.759132420091325,4.775494672754947,7.724505327245054,53,MODERATE
Z108,1108.426344,46.527706,121.851667,301.0,2.894987945295464,0,True,0.5947488584474886,0.8162100456621004,0.5,0.1324200913242009,False,0.4634703196347032,12.390601217656014,17.00437595129376,12.5,2.207001522070015,7.724505327245054,52,MODERATE
Z109,1108.426344,46.527706,121.851667,303.0,1.6067492162846009,0,True,0.5947488584474886,0.8162100456621004,0.4531963470319635,0.571917808219178,False,0.4634703196347032,12.390601217656014,17.00437595129376,11.329908675799087,9.531963470319635,7.724505327245054,58,HIGH
Z110,1108.426344,46.527706,121.851667,312.0,2.2718009544716,0,True,0.5947488584474886,0.8162100456621004,0.2910958904109589,0.2865296803652968,False,0.4634703196347032,12.390601217656014,17.00437595129376,7.277397260273973,4.775494672754947,7.724505327245054,49,MODERATE
Z111,1108.426344,46.527706,121.851667,309.0,1.136347105590608,1,True,0.5947488584474886,0.8162100456621004,0.3481735159817352,0.6643835616438356,False,0.958904109589041,12.390601217656014,17.00437595129376,8.704337899543379,11.073059360730594,15.981735159817353,65,HIGH
Z112,1178.91059068,44.55476,109.521366,305.0,2.539520020526714,0,True,0.3356164383561644,0.7511415525114156,0.4155251141552511,0.2054794520547945,False,0.4634703196347032,6.992009132420092,15.648782343987826,10.388127853881278,3.4246575342465753,7.724505327245054,44,MODERATE
Z113,1178.91059068,44.55476,109.521366,316.0,1.136347105590608,2,True,0.3356164383561644,0.7511415525114156,0.2374429223744292,0.6643835616438356,False,0.9954337899543378,6.992009132420092,15.648782343987826,5.93607305936073,11.073059360730594,16.590563165905632,56,HIGH
Z114,1178.91059068,44.55476,109.521366,317.0,1.7964213810407137,0,True,0.3356164383561644,0.7511415525114156,0.22488584474885845,0.3698630136986301,False,0.4634703196347032,6.992009132420092,15.648782343987826,5.622146118721461,6.164383561643835,7.724505327245054,42,MODERATE
Z115,1178.91059068,44.55476,109.521366,318.0,8.33120374591965,0,True,0.3356164383561644,0.7511415525114156,0.21232876712328766,0.00684931506849315,False,0.4634703196347032,6.992009132420092,15.648782343987826,5.308219178082192,0.11415525114155252,7.724505327245054,36,MODERATE
Z116,1178.91059068,44.55476,109.521366,320.0,0.8036102593253973,0,True,0.3356164383561644,0.7511415525114156,0.1952054794520548,0.7796803652968036,False,0.4634703196347032,6.992009132420092,15.648782343987826,4.88013698630137,12.994672754946729,7.724505327245054,48,MODERATE
Z117,1150.3373648338,47.884903,102.08406499999998,311.0,1.6067492162846009,0,True,0.6700913242009132,0.4212328767123288,0.3093607305936073,0.571917808219178,False,0.4634703196347032,13.96023592085236,8.77568493150685,7.7340182648401825,9.531963470319635,7.724505327245054,48,MODERATE
Z118,1150.3373648338,47.884903,102.08406499999998,325.0,4.675593702524733,0,True,0.6700913242009132,0.4212328767123288,0.136986301369863,0.02511415525114155,False,0.4634703196347032,13.96023592085236,8.77568493150685,3.4246575342465753,0.4185692541856926,7.724505327245054,34,MODERATE
Z119,1150.3373648338,47.884903,102.08406499999998,348.0,1.7964213810407137,1,True,0.6700913242009132,0.4212328767123288,0.033105022831050226,0.3698630136986301,False,0.958904109589041,13.96023592085236,8.77568493150685,0.8276255707762556,6.164383561643835,15.981735159817353,46,MODERATE
Z120,1150.3373648338,47.884903,102.08406499999998,313.0,3.3098816119282364,0,True,0.6700913242009132,0.4212328767123288,0.2773972602739726,0.07077625570776255,False,0.4634703196347032,13.96023592085236,8.77568493150685,6.934931506849315,1.1796042617960427,7.724505327245054,39,MODERATE
Z121,1150.3373648338,47.884903,102.08406499999998,309.0,1.6069044726299722,0,True,0.6700913242009132,0.4212328767123288,0.3481735159817352,0.5273972602739726,False,0.4634703196347032,13.96023592085236,8.77568493150685,8.704337899543379,8.789954337899545,7.724505327245054,48,MODERATE
Z122,1150.3373648338,47.884903,102.08406499999998,320.0,4.09091192178601,0,True,0.6700913242009132,0.4212328767123288,0.1952054794520548,0.0365296803652968,False,0.4634703196347032,13.96023592085236,8.77568493150685,4.88013698630137,0.60882800608828,7.724505327245054,36,MODERATE
Z123,1175.3396952121,50.390884,100.781768,313.0,4.319597173098505,0,True,0.8230593607305936,0.3527397260273973,0.2773972602739726,0.02968036529680365,False,0.4634703196347032,17.147070015220702,7.348744292237444,6.934931506849315,0.4946727549467276,7.724505327245054,40,MODERATE
Z124,1175.3396952121,50.390884,100.781768,318.0,2.409334683179326,0,True,0.8230593607305936,0.3527397260273973,0.21232876712328766,0.24885844748858446,False,0.4634703196347032,17.147070015220702,7.348744292237444,5.308219178082192,4.147640791476408,7.724505327245054,42,MODERATE
Z125,1175.3396952121,50.390884,100.781768,322.0,1.7964213810407137,0,True,0.8230593607305936,0.3527397260273973,0.17579908675799086,0.3698630136986301,False,0.4634703196347032,17.147070015220702,7.348744292237444,4.394977168949771,6.164383561643835,7.724505327245054,43,MODERATE
Z126,1175.3396952121,50.390884,100.781768,327.0,2.2718009544716,0,True,0.8230593607305936,0.3527397260273973,0.12557077625570776,0.2865296803652968,False,0.4634703196347032,17.147070015220702,7.348744292237444,3.139269406392694,4.775494672754947,7.724505327245054,40,MODERATE
Z127,1108.426344,46.527706,121.851667,302.0,0.0,0,True,0.5947488584474886,0.8162100456621004,0.4794520547945205,0.9600456621004566,False,0.4634703196347032,12.390601217656014,17.00437595129376,11.986301369863012,16.00076103500761,7.724505327245054,65,HIGH
Z128,1108.426344,46.527706,121.851667,301.0,2.2718009544716,0,True,0.5947488584474886,0.8162100456621004,0.5,0.2865296803652968,False,0.4634703196347032,12.390601217656014,17.00437595129376,12.5,4.775494672754947,7.724505327245054,54,MODERATE
Z129,1108.426344,46.527706,121.851667,299.0,1.136347105590608,0,True,0.5947488584474886,0.8162100456621004,0.5445205479452054,0.6643835616438356,False,0.4634703196347032,12.390601217656014,17.00437595129376,13.613013698630136,11.073059360730594,7.724505327245054,62,HIGH
Z130,1108.426344,46.527706,121.851667,309.0,2.2718009544716,0,True,0.5947488584474886,0.8162100456621004,0.3481735159817352,0.2865296803652968,False,0.4634703196347032,12.390601217656014,17.00437595129376,8.704337899543379,4.775494672754947,7.724505327245054,51,MODERATE
Z131,1108.426344,46.527706,121.851667,303.0,1.7963172523867896,0,True,0.5947488584474886,0.8162100456621004,0.4531963470319635,0.4668949771689498,False,0.4634703196347032,12.390601217656014,17.00437595129376,11.329908675799087,7.78158295281583,7.724505327245054,56,HIGH
Z132,1108.426344,46.527706,121.851667,302.0,2.5397161746466046,0,True,0.5947488584474886,0.8162100456621004,0.4794520547945205,0.1632420091324201,False,0.4634703196347032,12.390601217656014,17.00437595129376,11.986301369863012,2.720700152207002,7.724505327245054,52,MODERATE
Z133,1178.91059068,44.55476,109.521366,316.0,0.8036102593253973,0,True,0.3356164383561644,0.7511415525114156,0.2374429223744292,0.7796803652968036,False,0.4634703196347032,6.992009132420092,15.648782343987826,5.93607305936073,12.994672754946729,7.724505327245054,49,MODERATE
Z134,1178.91059068,44.55476,109.521366,315.0,4.319295934481344,0,True,0.3356164383561644,0.7511415525114156,0.25,0.033105022831050226,False,0.4634703196347032,6.992009132420092,15.648782343987826,6.25,0.5517503805175038,7.724505327245054,37,MODERATE
Z135,1178.91059068,44.55476,109.521366,318.0,1.7964213810407137,0,True,0.3356164383561644,0.7511415525114156,0.21232876712328766,0.3698630136986301,False,0.4634703196347032,6.992009132420092,15.648782343987826,5.308219178082192,6.164383561643835,7.724505327245054,42,MODERATE
Z136,1178.91059068,44.55476,109.521366,309.0,1.136347105590608,1,True,0.3356164383561644,0.7511415525114156,0.3481735159817352,0.6643835616438356,False,0.958904109589041,6.992009132420092,15.648782343987826,8.704337899543379,11.073059360730594,15.981735159817353,58,HIGH
Z137,1178.91059068,44.55476,109.521366,311.0,1.136347105590608,0,True,0.3356164383561644,0.7511415525114156,0.3093607305936073,0.6643835616438356,False,0.4634703196347032,6.992009132420092,15.648782343987826,7.7340182648401825,11.073059360730594,7.724505327245054,49,MODERATE
Z138,1150.3373648338,47.884903,102.08406499999998,311.0,0.8036102593253973,0,True,0.6700913242009132,0.4212328767123288,0.3093607305936073,0.7796803652968036,False,0.4634703196347032,13.96023592085236,8.77568493150685,7.7340182648401825,12.994672754946729,7.724505327245054,51,MODERATE
Z139,1150.3373648338,47.884903,102.08406499999998,321.0,2.539520020526714,0,True,0.6700913242009132,0.4212328767123288,0.18493150684931506,0.2054794520547945,False,0.4634703196347032,13.96023592085236,8.77568493150685,4.623287671232877,3.4246575342465753,7.724505327245054,39,MODERATE
Z140,1150.3373648338,47.884903,102.08406499999998,349.0,2.5397161746466046,0,True,0.6700913242009132,0.4212328767123288,0.02968036529680365,0.1632420091324201,False,0.4634703196347032,13.96023592085236,8.77568493150685,0.7420091324200913,2.720700152207002,7.724505327245054,34,MODERATE
Z141,1150.3373648338,47.884903,102.08406499999998,315.0,0.8036102593253973,0,True,0.6700913242009132,0.4212328767123288,0.25,0.7796803652968036,False,0.4634703196347032,13.96023592085236,8.77568493150685,6.25,12.994672754946729,7.724505327245054,50,MODERATE
Z142,1150.3373648338,47.884903,102.08406499999998,303.0,1.6067492162846009,0,True,0.6700913242009132,0.4212328767123288,0.4531963470319635,0.571917808219178,False,0.4634703196347032,13.96023592085236,8.77568493150685,11.329908675799087,9.531963470319635,7.724505327245054,51,MODERATE
Z143,1150.3373648338,47.884903,102.08406499999998,304.0,2.2718009544716,0,True,0.6700913242009132,0.4212328767123288,0.430365296803653,0.2865296803652968,False,0.4634703196347032,13.96023592085236,8.77568493150685,10.759132420091325,4.775494672754947,7.724505327245054,46,MODERATE
Z144,1175.3396952121,50.390884,100.781768,311.0,2.2718009544716,0,True,0.8230593607305936,0.3527397260273973,0.3093607305936073,0.2865296803652968,False,0.4634703196347032,17.147070015220702,7.348744292237444,7.7340182648401825,4.775494672754947,7.724505327245054,45,MODERATE
Z145,1175.3396952121,50.390884,100.781768,322.0,2.894987945295464,0,True,0.8230593607305936,0.3527397260273973,0.17579908675799086,0.1324200913242009,False,0.4634703196347032,17.147070015220702,7.348744292237444,4.394977168949771,2.207001522070015,7.724505327245054,39,MODERATE
Z146,1175.3396952121,50.390884,100.781768,323.0,1.7964213810407137,0,True,0.8230593607305936,0.3527397260273973,0.1632420091324201,0.3698630136986301,False,0.4634703196347032,17.147070015220702,7.348744292237444,4.081050228310502,6.164383561643835,7.724505327245054,42,MODERATE
Z147,1175.3396952121,50.390884,100.781768,322.0,5.069101151811648,0,True,0.8230593607305936,0.3527397260273973,0.17579908675799086,0.02054794520547945,False,0.4634703196347032,17.147070015220702,7.348744292237444,4.394977168949771,0.3424657534246575,7.724505327245054,37,MODERATE
Z148,1108.426344,46.527706,121.851667,302.0,0.8035325853473997,0,True,0.5947488584474886,0.8162100456621004,0.4794520547945205,0.8710045662100456,False,0.4634703196347032,12.390601217656014,17.00437595129376,11.986301369863012,14.516742770167427,7.724505327245054,64,HIGH
Z149,1108.426344,46.527706,121.851667,296.0,1.136347105590608,0,True,0.5947488584474886,0.8162100456621004,0.6004566210045662,0.6643835616438356,False,0.4634703196347032,12.390601217656014,17.00437595129376,15.011415525114154,11.073059360730594,7.724505327245054,63,HIGH
Z150,1108.426344,46.527706,121.851667,294.0,1.136347105590608,0,True,0.5947488584474886,0.8162100456621004,0.6472602739726028,0.6643835616438356,False,0.4634703196347032,12.390601217656014,17.00437595129376,16.18150684931507,11.073059360730594,7.724505327245054,64,HIGH
Z151,1108.426344,46.527706,121.851667,300.0,1.136347105590608,0,True,0.5947488584474886,0.8162100456621004,0.5251141552511416,0.6643835616438356,False,0.4634703196347032,12.390601217656014,17.00437595129376,13.12785388127854,11.073059360730594,7.724505327245054,61,HIGH
Z152,1108.426344,46.527706,121.851667,297.0,2.2718009544716,0,True,0.5947488584474886,0.8162100456621004,0.5787671232876712,0.2865296803652968,False,0.4634703196347032,12.390601217656014,17.00437595129376,14.46917808219178,4.775494672754947,7.724505327245054,56,HIGH
Z153,1108.426344,46.527706,121.851667,305.0,2.894987945295464,0,True,0.5947488584474886,0.8162100456621004,0.4155251141552511,0.1324200913242009,False,0.4634703196347032,12.390601217656014,17.00437595129376,10.388127853881278,2.207001522070015,7.724505327245054,50,MODERATE
Z154,1178.91059068,44.55476,109.521366,309.0,1.6069044726299722,1,True,0.3356164383561644,0.7511415525114156,0.3481735159817352,0.5273972602739726,False,0.958904109589041,6.992009132420092,15.648782343987826,8.704337899543379,8.789954337899545,15.981735159817353,56,HIGH
Z155,1178.91059068,44.55476,109.521366,310.0,1.136347105590608,0,True,0.3356164383561644,0.7511415525114156,0.3276255707762557,0.6643835616438356,False,0.4634703196347032,6.992009132420092,15.648782343987826,8.190639269406393,11.073059360730594,7.724505327245054,50,MODERATE
Z001,1178.91059068,44.55476,109.521366,315.0,2.5397161746466046,1,True,0.3356164383561644,0.7511415525114156,0.25,0.1632420091324201,False,0.958904109589041,6.992009132420092,15.648782343987826,6.25,2.720700152207002,15.981735159817353,48,MODERATE
Z157,1178.91059068,44.55476,109.521366,309.0,2.539520020526714,1,True,0.3356164383561644,0.7511415525114156,0.3481735159817352,0.2054794520547945,False,0.958904109589041,6.992009132420092,15.648782343987826,8.704337899543379,3.4246575342465753,15.981735159817353,51,MODERATE
Z158,1178.91059068,44.55476,109.521366,305.0,1.7964213810407137,0,True,0.3356164383561644,0.7511415525114156,0.4155251141552511,0.3698630136986301,False,0.4634703196347032,6.992009132420092,15.648782343987826,10.388127853881278,6.164383561643835,7.724505327245054,47,MODERATE
Z159,1150.3373648338,47.884903,102.08406499999998,314.0,2.895095406089006,0,True,0.6700913242009132,0.4212328767123288,0.2636986301369863,0.1095890410958904,False,0.4634703196347032,13.96023592085236,8.77568493150685,6.592465753424658,1.8264840182648403,7.724505327245054,39,MODERATE
Z160,1150.3373648338,47.884903,102.08406499999998,325.0,1.6069044726299722,1,True,0.6700913242009132,0.4212328767123288,0.136986301369863,0.5273972602739726,False,0.958904109589041,13.96023592085236,8.77568493150685,3.4246575342465753,8.789954337899545,15.981735159817353,51,MODERATE
Z161,1150.3373648338,47.884903,102.08406499999998,323.0,3.4054724957844504,0,True,0.6700913242009132,0.4212328767123288,0.1632420091324201,0.06278538812785388,False,0.4634703196347032,13.96023592085236,8.77568493150685,4.081050228310502,1.0464231354642313,7.724505327245054,36,MODERATE
Z162,1150.3373648338,47.884903,102.08406499999998,307.0,2.2718009544716,1,True,0.6700913242009132,0.4212328767123288,0.3767123287671233,0.2865296803652968,False,0.958904109589041,13.96023592085236,8.77568493150685,9.417808219178083,4.775494672754947,15.981735159817353,53,MODERATE
Z163,1150.3373648338,47.884903,102.08406499999998,302.0,1.7964213810407137,0,True,0.6700913242009132,0.4212328767123288,0.4794520547945205,0.3698630136986301,False,0.4634703196347032,13.96023592085236,8.77568493150685,11.986301369863012,6.164383561643835,7.724505327245054,49,MODERATE
Z164,1150.3373648338,47.884903,102.08406499999998,303.0,1.7963172523867896,0,True,0.6700913242009132,0.4212328767123288,0.4531963470319635,0.4668949771689498,False,0.4634703196347032,13.96023592085236,8.77568493150685,11.329908675799087,7.78158295281583,7.724505327245054,50,MODERATE
Z165,1175.3396952121,50.390884,100.781768,309.0,1.6069044726299722,0,True,0.8230593607305936,0.3527397260273973,0.3481735159817352,0.5273972602739726,False,0.4634703196347032,17.147070015220702,7.348744292237444,8.704337899543379,8.789954337899545,7.724505327245054,50,MODERATE
Z166,1175.3396952121,50.390884,100.781768,311.0,4.011498604471368,0,True,0.8230593607305936,0.3527397260273973,0.3093607305936073,0.0410958904109589,False,0.4634703196347032,17.147070015220702,7.348744292237444,7.7340182648401825,0.684931506849315,7.724505327245054,41,MODERATE
Z167,1175.3396952121,50.390884,100.781768,318.0,1.136347105590608,0,True,0.8230593607305936,0.3527397260273973,0.21232876712328766,0.6643835616438356,False,0.4634703196347032,17.147070015220702,7.348744292237444,5.308219178082192,11.073059360730594,7.724505327245054,49,MODERATE
Z168,1175.3396952121,50.390884,100.781768,315.0,2.2718009544716,0,True,0.8230593607305936,0.3527397260273973,0.25,0.2865296803652968,False,0.4634703196347032,17.147070015220702,7.348744292237444,6.25,4.775494672754947,7.724505327245054,43,MODERATE
Z169,1108.426344,46.527706,121.851667,301.0,0.8035325853473997,0,True,0.5947488584474886,0.8162100456621004,0.5,0.8710045662100456,False,0.4634703196347032,12.390601217656014,17.00437595129376,12.5,14.516742770167427,7.724505327245054,64,HIGH
Z170,1108.426344,46.527706,121.851667,294.0,0.8035325853473997,0,True,0.5947488584474886,0.8162100456621004,0.6472602739726028,0.8710045662100456,False,0.4634703196347032,12.390601217656014,17.00437595129376,16.18150684931507,14.516742770167427,7.724505327245054,68,HIGH
Z171,1108.426344,46.527706,121.851667,294.0,0.8036102593253973,0,True,0.5947488584474886,0.8162100456621004,0.6472602739726028,0.7796803652968036,False,0.4634703196347032,12.390601217656014,17.00437595129376,16.18150684931507,12.994672754946729,7.724505327245054,66,HIGH
Z172,1108.426344,46.527706,121.851667,290.0,1.7964213810407137,0,True,0.5947488584474886,0.8162100456621004,0.7442922374429224,0.3698630136986301,True,0.4634703196347032,12.390601217656014,17.00437595129376,18.60730593607306,6.164383561643835,7.724505327245054,62,HIGH
Z173,1108.426344,46.527706,121.851667,303.0,2.539520020526714,0,True,0.5947488584474886,0.8162100456621004,0.4531963470319635,0.2054794520547945,False,0.4634703196347032,12.390601217656014,17.00437595129376,11.329908675799087,3.4246575342465753,7.724505327245054,52,MODERATE
Z174,1108.426344,46.527706,121.851667,295.0,1.6069044726299722,0,True,0.5947488584474886,0.8162100456621004,0.6221461187214612,0.5273972602739726,False,0.4634703196347032,12.390601217656014,17.00437595129376,15.55365296803653,8.789954337899545,7.724505327245054,61,HIGH
Z175,1178.91059068,44.55476,109.521366,300.0,2.539520020526714,0,True,0.3356164383561644,0.7511415525114156,0.5251141552511416,0.2054794520547945,False,0.4634703196347032,6.992009132420092,15.648782343987826,13.12785388127854,3.4246575342465753,7.724505327245054,47,MODERATE
Z176,1178.91059068,44.55476,109.521366,308.0,1.7963172523867896,1,True,0.3356164383561644,0.7511415525114156,0.365296803652968,0.4668949771689498,False,0.958904109589041,6.992009132420092,15.648782343987826,9.1324200913242,7.78158295281583,15.981735159817353,56,HIGH
Z177,1178.91059068,44.55476,109.521366,315.0,0.8036102593253973,1,True,0.3356164383561644,0.7511415525114156,0.25,0.7796803652968036,False,0.958904109589041,6.992009132420092,15.648782343987826,6.25,12.994672754946729,15.981735159817353,58,HIGH
Z178,1178.91059068,44.55476,109.521366,309.0,0.0,1,True,0.3356164383561644,0.7511415525114156,0.3481735159817352,0.9600456621004566,False,0.958904109589041,6.992009132420092,15.648782343987826,8.704337899543379,16.00076103500761,15.981735159817353,63,HIGH
Z179,1178.91059068,44.55476,109.521366,302.0,1.6067492162846009,0,True,0.3356164383561644,0.7511415525114156,0.4794520547945205,0.571917808219178,False,0.4634703196347032,6.992009132420092,15.648782343987826,11.986301369863012,9.531963470319635,7.724505327245054,52,MODERATE
Z180,1150.3373648338,47.884903,102.08406499999998,317.0,3.3095999178145146,1,True,0.6700913242009132,0.4212328767123288,0.22488584474885845,0.08105022831050228,False,0.958904109589041,13.96023592085236,8.77568493150685,5.622146118721461,1.3508371385083715,15.981735159817353,46,MODERATE
Z181,1150.3373648338,47.884903,102.08406499999998,319.0,2.409567339030629,0,True,0.6700913242009132,0.4212328767123288,0.20205479452054795,0.2363013698630137,False,0.4634703196347032,13.96023592085236,8.77568493150685,5.051369863013699,3.938356164383562,7.724505327245054,39,MODERATE
Z182,1150.3373648338,47.884903,102.08406499999998,323.0,3.2112850435331786,0,True,0.6700913242009132,0.4212328767123288,0.1632420091324201,0.09246575342465753,False,0.4634703196347032,13.96023592085236,8.77568493150685,4.081050228310502,1.5410958904109588,7.724505327245054,36,MODERATE
Z183,1150.3373648338,47.884903,102.08406499999998,321.0,3.2112850435331786,0,True,0.6700913242009132,0.4212328767123288,0.18493150684931506,0.09246575342465753,False,0.4634703196347032,13.96023592085236,8.77568493150685,4.623287671232877,1.5410958904109588,7.724505327245054,37,MODERATE
Z184,1150.3373648338,47.884903,102.08406499999998,300.0,4.011498604471368,0,True,0.6700913242009132,0.4212328767123288,0.5251141552511416,0.0410958904109589,False,0.4634703196347032,13.96023592085236,8.77568493150685,13.12785388127854,0.684931506849315,7.724505327245054,44,MODERATE
Z185,1150.3373648338,47.884903,102.08406499999998,302.0,0.0,0,True,0.6700913242009132,0.4212328767123288,0.4794520547945205,0.9600456621004566,False,0.4634703196347032,13.96023592085236,8.77568493150685,11.986301369863012,16.00076103500761,7.724505327245054,58,HIGH
Z186,1175.3396952121,50.390884,100.781768,306.0,1.136347105590608,0,True,0.8230593607305936,0.3527397260273973,0.3972602739726027,0.6643835616438356,False,0.4634703196347032,17.147070015220702,7.348744292237444,9.931506849315069,11.073059360730594,7.724505327245054,53,MODERATE
Z187,1175.3396952121,50.390884,100.781768,304.0,0.8036102593253973,0,True,0.8230593607305936,0.3527397260273973,0.430365296803653,0.7796803652968036,False,0.4634703196347032,17.147070015220702,7.348744292237444,10.759132420091325,12.994672754946729,7.724505327245054,56,HIGH
Z188,1175.3396952121,50.390884,100.781768,306.0,2.2718009544716,0,True,0.8230593607305936,0.3527397260273973,0.3972602739726027,0.2865296803652968,False,0.4634703196347032,17.147070015220702,7.348744292237444,9.931506849315069,4.775494672754947,7.724505327245054,47,MODERATE
Z189,1175.3396952121,50.390884,100.781768,316.0,1.136347105590608,0,True,0.8230593607305936,0.3527397260273973,0.2374429223744292,0.6643835616438356,False,0.4634703196347032,17.147070015220702,7.348744292237444,5.93607305936073,11.073059360730594,7.724505327245054,49,MODERATE
Z190,1108.426344,46.527706,121.851667,302.0,0.8036102593253973,0,True,0.5947488584474886,0.8162100456621004,0.4794520547945205,0.7796803652968036,False,0.4634703196347032,12.390601217656014,17.00437595129376,11.986301369863012,12.994672754946729,7.724505327245054,62,HIGH
Z191,1108.426344,46.527706,121.851667,300.0,1.136347105590608,0,True,0.5947488584474886,0.8162100456621004,0.5251141552511416,0.6643835616438356,False,0.4634703196347032,12.390601217656014,17.00437595129376,13.12785388127854,11.073059360730594,7.724505327245054,61,HIGH
Z192,1108.426344,46.527706,121.851667,290.0,2.539520020526714,0,True,0.5947488584474886,0.8162100456621004,0.7442922374429224,0.2054794520547945,True,0.4634703196347032,12.390601217656014,17.00437595129376,18.60730593607306,3.4246575342465753,7.724505327245054,59,HIGH
Z193,1108.426344,46.527706,121.851667,289.0,3.3095999178145146,0,True,0.5947488584474886,0.8162100456621004,0.771689497716895,0.08105022831050228,True,0.4634703196347032,12.390601217656014,17.00437595129376,19.292237442922374,1.3508371385083715,7.724505327245054,58,HIGH
Z194,1108.426344,46.527706,121.851667,294.0,1.7963172523867896,0,True,0.5947488584474886,0.8162100456621004,0.6472602739726028,0.4668949771689498,False,0.4634703196347032,12.390601217656014,17.00437595129376,16.18150684931507,7.78158295281583,7.724505327245054,61,HIGH
Z195,1108.426344,46.527706,121.851667,298.0,0.8036102593253973,0,True,0.5947488584474886,0.8162100456621004,0.5570776255707762,0.7796803652968036,False,0.4634703196347032,12.390601217656014,17.00437595129376,13.926940639269406,12.994672754946729,7.724505327245054,64,HIGH
Z196,1178.91059068,44.55476,109.521366,304.0,0.8036102593253973,1,True,0.3356164383561644,0.7511415525114156,0.430365296803653,0.7796803652968036,False,0.958904109589041,6.992009132420092,15.648782343987826,10.759132420091325,12.994672754946729,15.981735159817353,62,HIGH
Z197,1178.91059068,44.55476,109.521366,305.0,1.7964213810407137,0,True,0.3356164383561644,0.7511415525114156,0.4155251141552511,0.3698630136986301,False,0.4634703196347032,6.992009132420092,15.648782343987826,10.388127853881278,6.164383561643835,7.724505327245054,47,MODERATE
Z198,1178.91059068,44.55476,109.521366,316.0,1.7963172523867896,0,True,0.3356164383561644,0.7511415525114156,0.2374429223744292,0.4668949771689498,False,0.4634703196347032,6.992009132420092,15.648782343987826,5.93607305936073,7.78158295281583,7.724505327245054,44,MODERATE
Z199,1178.91059068,44.55476,109.521366,303.0,3.2112850435331786,0,True,0.3356164383561644,0.7511415525114156,0.4531963470319635,0.09246575342465753,False,0.4634703196347032,6.992009132420092,15.648782343987826,11.329908675799087,1.5410958904109588,7.724505327245054,43,MODERATE
Z200,1178.91059068,44.55476,109.521366,306.0,1.7963172523867896,1,True,0.3356164383561644,0.7511415525114156,0.3972602739726027,0.4668949771689498,False,0.958904109589041,6.992009132420092,15.648782343987826,9.931506849315069,7.78158295281583,15.981735159817353,56,HIGH
Z201,1150.3373648338,47.884903,102.08406499999998,310.0,1.136347105590608,0,True,0.6700913242009132,0.4212328767123288,0.3276255707762557,0.6643835616438356,False,0.4634703196347032,13.96023592085236,8.77568493150685,8.190639269406393,11.073059360730594,7.724505327245054,50,MODERATE
Z202,1150.3373648338,47.884903,102.08406499999998,306.0,4.011359443848779,1,True,0.6700913242009132,0.4212328767123288,0.3972602739726027,0.045662100456621,False,0.958904109589041,13.96023592085236,8.77568493150685,9.931506849315069,0.76103500761035,15.981735159817353,49,MODERATE
Z203,1150.3373648338,47.884903,102.08406499999998,304.0,2.409334683179326,1,True,0.6700913242009132,0.4212328767123288,0.430365296803653,0.24885844748858446,False,0.958904109589041,13.96023592085236,8.77568493150685,10.759132420091325,4.147640791476408,15.981735159817353,54,MODERATE
Z204,1150.3373648338,47.884903,102.08406499999998,311.0,1.136347105590608,3,True,0.6700913242009132,0.4212328767123288,0.3093607305936073,0.6643835616438356,False,1.0,13.96023592085236,8.77568493150685,7.7340182648401825,11.073059360730594,16.666666666666668,58,HIGH
Z205,1150.3373648338,47.884903,102.08406499999998,297.0,3.5891101368504224,0,True,0.6700913242009132,0.4212328767123288,0.5787671232876712,0.05593607305936073,False,0.4634703196347032,13.96023592085236,8.77568493150685,14.46917808219178,0.9322678843226788,7.724505327245054,46,MODERATE
Z206,1150.3373648338,47.884903,102.08406499999998,296.0,0.0,0,True,0.6700913242009132,0.4212328767123288,0.6004566210045662,0.9600456621004566,False,0.4634703196347032,13.96023592085236,8.77568493150685,15.011415525114154,16.00076103500761,7.724505327245054,61,HIGH
Z207,1175.3396952121,50.390884,100.781768,300.0,0.8035325853473997,0,True,0.8230593607305936,0.3527397260273973,0.5251141552511416,0.8710045662100456,False,0.4634703196347032,17.147070015220702,7.348744292237444,13.12785388127854,14.516742770167427,7.724505327245054,60,HIGH
Z208,1175.3396952121,50.390884,100.781768,307.0,1.6067492162846009,0,True,0.8230593607305936,0.3527397260273973,0.3767123287671233,0.571917808219178,False,0.4634703196347032,17.147070015220702,7.348744292237444,9.417808219178083,9.531963470319635,7.724505327245054,51,MODERATE
Z209,1175.3396952121,50.390884,100.781768,313.0,2.895095406089006,0,True,0.8230593607305936,0.3527397260273973,0.2773972602739726,0.1095890410958904,False,0.4634703196347032,17.147070015220702,7.348744292237444,6.934931506849315,1.8264840182648403,7.724505327245054,41,MODERATE
Z210,1175.3396952121,50.390884,100.781768,312.0,3.589317782023876,0,True,0.8230593607305936,0.3527397260273973,0.2910958904109589,0.0502283105022831,False,0.4634703196347032,17.147070015220702,7.348744292237444,7.277397260273973,0.8371385083713851,7.724505327245054,40,MODERATE
Z211,1147.199696116,56.130226,124.65368900000001,295.0,1.7964213810407137,0,True,0.8915525114155252,0.9600456621004566,0.6221461187214612,0.3698630136986301,False,0.4634703196347032,18.57401065449011,20.000951293759513,15.55365296803653,6.164383561643835,7.724505327245054,68,HIGH
Z212,1147.199696116,56.130226,124.65368900000001,294.0,1.7964213810407137,0,True,0.8915525114155252,0.9600456621004566,0.6472602739726028,0.3698630136986301,False,0.4634703196347032,18.57401065449011,20.000951293759513,16.18150684931507,6.164383561643835,7.724505327245054,69,HIGH
Z213,1147.199696116,56.130226,124.65368900000001,289.0,1.6067492162846009,0,True,0.8915525114155252,0.9600456621004566,0.771689497716895,0.571917808219178,True,0.4634703196347032,18.57401065449011,20.000951293759513,19.292237442922374,9.531963470319635,7.724505327245054,75,HIGH
Z214,1147.199696116,56.130226,124.65368900000001,288.0,1.136347105590608,0,True,0.8915525114155252,0.9600456621004566,0.7990867579908676,0.6643835616438356,True,0.4634703196347032,18.57401065449011,20.000951293759513,19.97716894977169,11.073059360730594,7.724505327245054,77,CRITICAL
Z215,1147.199696116,56.130226,124.65368900000001,292.0,1.7964213810407137,0,True,0.8915525114155252,0.9600456621004566,0.6974885844748858,0.3698630136986301,False,0.4634703196347032,18.57401065449011,20.000951293759513,17.437214611872147,6.164383561643835,7.724505327245054,70,HIGH
Z216,1147.199696116,56.130226,124.65368900000001,294.0,0.8035325853473997,0,True,0.8915525114155252,0.9600456621004566,0.6472602739726028,0.8710045662100456,False,0.4634703196347032,18.57401065449011,20.000951293759513,16.18150684931507,14.516742770167427,7.724505327245054,77,CRITICAL
Z217,1155.523167019,42.9932,107.58183,297.0,2.5397161746466046,0,True,0.2271689497716895,0.6883561643835616,0.5787671232876712,0.1632420091324201,False,0.4634703196347032,4.732686453576865,14.340753424657535,14.46917808219178,2.720700152207002,7.724505327245054,44,MODERATE
Z218,1155.523167019,42.9932,107.58183,300.0,0.0,0,True,0.2271689497716895,0.6883561643835616,0.5251141552511416,0.9600456621004566,False,0.4634703196347032,4.732686453576865,14.340753424657535,13.12785388127854,16.00076103500761,7.724505327245054,56,HIGH
Z219,1155.523167019,42.9932,107.58183,312.0,1.136347105590608,0,True,0.2271689497716895,0.6883561643835616,0.2910958904109589,0.6643835616438356,False,0.4634703196347032,4.732686453576865,14.340753424657535,7.277397260273973,11.073059360730594,7.724505327245054,45,MODERATE
Z220,1178.91059068,44.55476,109.521366,303.0,2.409567339030629,0,True,0.3356164383561644,0.7511415525114156,0.4531963470319635,0.2363013698630137,False,0.4634703196347032,6.992009132420092,15.648782343987826,11.329908675799087,3.938356164383562,7.724505327245054,46,MODERATE
Z221,1178.91059068,44.55476,109.521366,307.0,2.2718009544716,0,True,0.3356164383561644,0.7511415525114156,0.3767123287671233,0.2865296803652968,False,0.4634703196347032,6.992009132420092,15.648782343987826,9.417808219178083,4.775494672754947,7.724505327245054,45,MODERATE
Z222,1150.3373648338,47.884903,102.08406499999998,312.0,1.136347105590608,1,True,0.6700913242009132,0.4212328767123288,0.2910958904109589,0.6643835616438356,False,0.958904109589041,13.96023592085236,8.77568493150685,7.277397260273973,11.073059360730594,15.981735159817353,57,HIGH
Z223,1150.3373648338,47.884903,102.08406499999998,308.0,1.7964213810407137,1,True,0.6700913242009132,0.4212328767123288,0.365296803652968,0.3698630136986301,False,0.958904109589041,13.96023592085236,8.77568493150685,9.1324200913242,6.164383561643835,15.981735159817353,54,MODERATE
Z224,1150.3373648338,47.884903,102.08406499999998,301.0,1.7963172523867896,0,True,0.6700913242009132,0.4212328767123288,0.5,0.4668949771689498,False,0.4634703196347032,13.96023592085236,8.77568493150685,12.5,7.78158295281583,7.724505327245054,51,MODERATE
Z225,1150.3373648338,47.884903,102.08406499999998,301.0,0.8035325853473997,0,True,0.6700913242009132,0.4212328767123288,0.5,0.8710045662100456,False,0.4634703196347032,13.96023592085236,8.77568493150685,12.5,14.516742770167427,7.724505327245054,57,HIGH
Z226,1150.3373648338,47.884903,102.08406499999998,298.0,2.409567339030629,0,True,0.6700913242009132,0.4212328767123288,0.5570776255707762,0.2363013698630137,False,0.4634703196347032,13.96023592085236,8.77568493150685,13.926940639269406,3.938356164383562,7.724505327245054,48,MODERATE
Z227,1150.3373648338,47.884903,102.08406499999998,293.0,1.6067492162846009,0,True,0.6700913242009132,0.4212328767123288,0.6723744292237442,0.571917808219178,False,0.4634703196347032,13.96023592085236,8.77568493150685,16.809360730593607,9.531963470319635,7.724505327245054,57,HIGH
Z228,1175.3396952121,50.390884,100.781768,302.0,0.8036102593253973,0,True,0.8230593607305936,0.3527397260273973,0.4794520547945205,0.7796803652968036,False,0.4634703196347032,17.147070015220702,7.348744292237444,11.986301369863012,12.994672754946729,7.724505327245054,57,HIGH
Z229,1175.3396952121,50.390884,100.781768,310.0,0.8036102593253973,0,True,0.8230593607305936,0.3527397260273973,0.3276255707762557,0.7796803652968036,False,0.4634703196347032,17.147070015220702,7.348744292237444,8.190639269406393,12.994672754946729,7.724505327245054,53,MODERATE
Z230,1175.3396952121,50.390884,100.781768,307.0,2.894987945295464,0,True,0.8230593607305936,0.3527397260273973,0.3767123287671233,0.1324200913242009,False,0.4634703196347032,17.147070015220702,7.348744292237444,9.417808219178083,2.207001522070015,7.724505327245054,44,MODERATE
Z231,1175.3396952121,50.390884,100.781768,310.0,0.8036102593253973,0,True,0.8230593607305936,0.3527397260273973,0.3276255707762557,0.7796803652968036,False,0.4634703196347032,17.147070015220702,7.348744292237444,8.190639269406393,12.994672754946729,7.724505327245054,53,MODERATE
Z232,1147.199696116,56.130226,124.65368900000001,288.0,0.8035325853473997,0,True,0.8915525114155252,0.9600456621004566,0.7990867579908676,0.8710045662100456,True,0.4634703196347032,18.57401065449011,20.000951293759513,19.97716894977169,14.516742770167427,7.724505327245054,81,CRITICAL
Z233,1147.199696116,56.130226,124.65368900000001,297.0,2.895095406089006,0,True,0.8915525114155252,0.9600456621004566,0.5787671232876712,0.1095890410958904,False,0.4634703196347032,18.57401065449011,20.000951293759513,14.46917808219178,1.8264840182648403,7.724505327245054,63,HIGH
Z234,1147.199696116,56.130226,124.65368900000001,289.0,1.7964213810407137,0,True,0.8915525114155252,0.9600456621004566,0.771689497716895,0.3698630136986301,True,0.4634703196347032,18.57401065449011,20.000951293759513,19.292237442922374,6.164383561643835,7.724505327245054,72,HIGH
Z235,1147.199696116,56.130226,124.65368900000001,286.0,1.6067492162846009,0,True,0.8915525114155252,0.9600456621004566,0.83675799086758,0.571917808219178,True,0.4634703196347032,18.57401065449011,20.000951293759513,20.918949771689498,9.531963470319635,7.724505327245054,77,CRITICAL
Z236,1147.199696116,56.130226,124.65368900000001,290.0,3.3098816119282364,0,True,0.8915525114155252,0.9600456621004566,0.7442922374429224,0.07077625570776255,True,0.4634703196347032,18.57401065449011,20.000951293759513,18.60730593607306,1.1796042617960427,7.724505327245054,66,HIGH
Z237,1147.199696116,56.130226,124.65368900000001,299.0,0.8035325853473997,0,True,0.8915525114155252,0.9600456621004566,0.5445205479452054,0.8710045662100456,False,0.4634703196347032,18.57401065449011,20.000951293759513,13.613013698630136,14.516742770167427,7.724505327245054,74,HIGH
Z238,1155.523167019,42.9932,107.58183,301.0,2.894987945295464,0,True,0.2271689497716895,0.6883561643835616,0.5,0.1324200913242009,False,0.4634703196347032,4.732686453576865,14.340753424657535,12.5,2.207001522070015,7.724505327245054,42,MODERATE
Z239,1155.523167019,42.9932,107.58183,309.0,2.894987945295464,2,True,0.2271689497716895,0.6883561643835616,0.3481735159817352,0.1324200913242009,False,0.9954337899543378,4.732686453576865,14.340753424657535,8.704337899543379,2.207001522070015,16.590563165905632,47,MODERATE
Z240,1155.523167019,42.9932,107.58183,307.0,1.7964213810407137,1,True,0.2271689497716895,0.6883561643835616,0.3767123287671233,0.3698630136986301,False,0.958904109589041,4.732686453576865,14.340753424657535,9.417808219178083,6.164383561643835,15.981735159817353,51,MODERATE
Z241,1155.523167019,42.9932,107.58183,304.0,1.136347105590608,0,True,0.2271689497716895,0.6883561643835616,0.430365296803653,0.6643835616438356,False,0.4634703196347032,4.732686453576865,14.340753424657535,10.759132420091325,11.073059360730594,7.724505327245054,49,MODERATE
Z242,1155.523167019,42.9932,107.58183,306.0,1.7964213810407137,0,True,0.2271689497716895,0.6883561643835616,0.3972602739726027,0.3698630136986301,False,0.4634703196347032,4.732686453576865,14.340753424657535,9.931506849315069,6.164383561643835,7.724505327245054,43,MODERATE
Z243,1172.7594244069,45.67858,106.38938999999999,309.0,0.8036102593253973,1,True,0.526255707762557,0.5536529680365296,0.3481735159817352,0.7796803652968036,False,0.958904109589041,10.963660578386607,11.534436834094368,8.704337899543379,12.994672754946729,15.981735159817353,60,HIGH
Z244,1172.7594244069,45.67858,106.38938999999999,305.0,1.7964213810407137,1,True,0.526255707762557,0.5536529680365296,0.4155251141552511,0.3698630136986301,False,0.958904109589041,10.963660578386607,11.534436834094368,10.388127853881278,6.164383561643835,15.981735159817353,55,MODERATE
Z245,1172.7594244069,45.67858,106.38938999999999,298.0,0.0,2,True,0.526255707762557,0.5536529680365296,0.5570776255707762,0.9600456621004566,False,0.9954337899543378,10.963660578386607,11.534436834094368,13.926940639269406,16.00076103500761,16.590563165905632,69,HIGH
Z246,1172.7594244069,45.67858,106.38938999999999,299.0,0.0,0,True,0.526255707762557,0.5536529680365296,0.5445205479452054,0.9600456621004566,False,0.4634703196347032,10.963660578386607,11.534436834094368,13.613013698630136,16.00076103500761,7.724505327245054,60,HIGH
Z247,1172.7594244069,45.67858,106.38938999999999,295.0,0.0,0,True,0.526255707762557,0.5536529680365296,0.6221461187214612,0.9600456621004566,False,0.4634703196347032,10.963660578386607,11.534436834094368,15.55365296803653,16.00076103500761,7.724505327245054,62,HIGH
Z248,1172.7594244069,45.67858,106.38938999999999,293.0,2.539520020526714,0,True,0.526255707762557,0.5536529680365296,0.6723744292237442,0.2054794520547945,False,0.4634703196347032,10.963660578386607,11.534436834094368,16.809360730593607,3.4246575342465753,7.724505327245054,50,MODERATE
Z249,1188.6490393040276,49.975224,99.950448,301.0,1.7964213810407137,0,True,0.7728310502283106,0.3025114155251142,0.5,0.3698630136986301,False,0.4634703196347032,16.10064687975647,6.302321156773213,12.5,6.164383561643835,7.724505327245054,49,MODERATE
Z250,1188.6490393040276,49.975224,99.950448,311.0,0.8036102593253973,0,True,0.7728310502283106,0.3025114155251142,0.3093607305936073,0.7796803652968036,False,0.4634703196347032,16.10064687975647,6.302321156773213,7.7340182648401825,12.994672754946729,7.724505327245054,51,MODERATE
Z251,1188.6490393040276,49.975224,99.950448,306.0,5.069101151811648,0,True,0.7728310502283106,0.3025114155251142,0.3972602739726027,0.02054794520547945,False,0.4634703196347032,16.10064687975647,6.302321156773213,9.931506849315069,0.3424657534246575,7.724505327245054,40,MODERATE
Z252,1188.6490393040276,49.975224,99.950448,312.0,1.6069044726299722,0,True,0.7728310502283106,0.3025114155251142,0.2910958904109589,0.5273972602739726,False,0.4634703196347032,16.10064687975647,6.302321156773213,7.277397260273973,8.789954337899545,7.724505327245054,46,MODERATE
Z253,1147.199696116,56.130226,124.65368900000001,288.0,1.136347105590608,0,True,0.8915525114155252,0.9600456621004566,0.7990867579908676,0.6643835616438356,True,0.4634703196347032,18.57401065449011,20.000951293759513,19.97716894977169,11.073059360730594,7.724505327245054,77,CRITICAL
Z254,1147.199696116,56.130226,124.65368900000001,295.0,4.675381941358367,0,True,0.8915525114155252,0.9600456621004566,0.6221461187214612,0.0273972602739726,False,0.4634703196347032,18.57401065449011,20.000951293759513,15.55365296803653,0.4566210045662101,7.724505327245054,62,HIGH
Z255,1147.199696116,56.130226,124.65368900000001,289.0,0.0,0,True,0.8915525114155252,0.9600456621004566,0.771689497716895,0.9600456621004566,True,0.4634703196347032,18.57401065449011,20.000951293759513,19.292237442922374,16.00076103500761,7.724505327245054,82,CRITICAL
Z256,1147.199696116,56.130226,124.65368900000001,289.0,1.7964213810407137,0,True,0.8915525114155252,0.9600456621004566,0.771689497716895,0.3698630136986301,True,0.4634703196347032,18.57401065449011,20.000951293759513,19.292237442922374,6.164383561643835,7.724505327245054,72,HIGH
Z257,1147.199696116,56.130226,124.65368900000001,287.0,2.539520020526714,0,True,0.8915525114155252,0.9600456621004566,0.821917808219178,0.2054794520547945,True,0.4634703196347032,18.57401065449011,20.000951293759513,20.54794520547945,3.4246575342465753,7.724505327245054,70,HIGH
Z258,1147.199696116,56.130226,124.65368900000001,290.0,1.136347105590608,0,True,0.8915525114155252,0.9600456621004566,0.7442922374429224,0.6643835616438356,True,0.4634703196347032,18.57401065449011,20.000951293759513,18.60730593607306,11.073059360730594,7.724505327245054,76,CRITICAL
Z259,1155.523167019,42.9932,107.58183,303.0,0.0,1,True,0.2271689497716895,0.6883561643835616,0.4531963470319635,0.9600456621004566,False,0.958904109589041,4.732686453576865,14.340753424657535,11.329908675799087,16.00076103500761,15.981735159817353,62,HIGH
Z260,1155.523167019,42.9932,107.58183,306.0,0.8035325853473997,0,True,0.2271689497716895,0.6883561643835616,0.3972602739726027,0.8710045662100456,False,0.4634703196347032,4.732686453576865,14.340753424657535,9.931506849315069,14.516742770167427,7.724505327245054,51,MODERATE
Z261,1155.523167019,42.9932,107.58183,303.0,0.0,0,True,0.2271689497716895,0.6883561643835616,0.4531963470319635,0.9600456621004566,False,0.4634703196347032,4.732686453576865,14.340753424657535,11.329908675799087,16.00076103500761,7.724505327245054,54,MODERATE
Z262,1155.523167019,42.9932,107.58183,300.0,2.2718009544716,0,True,0.2271689497716895,0.6883561643835616,0.5251141552511416,0.2865296803652968,False,0.4634703196347032,4.732686453576865,14.340753424657535,13.12785388127854,4.775494672754947,7.724505327245054,45,MODERATE
Z263,1155.523167019,42.9932,107.58183,297.0,0.8036102593253973,0,True,0.2271689497716895,0.6883561643835616,0.5787671232876712,0.7796803652968036,False,0.4634703196347032,4.732686453576865,14.340753424657535,14.46917808219178,12.994672754946729,7.724505327245054,54,MODERATE
Z264,1172.7594244069,45.67858,106.38938999999999,309.0,1.136347105590608,0,True,0.526255707762557,0.5536529680365296,0.3481735159817352,0.6643835616438356,False,0.4634703196347032,10.963660578386607,11.534436834094368,8.704337899543379,11.073059360730594,7.724505327245054,50,MODERATE
Z265,1172.7594244069,45.67858,106.38938999999999,303.0,0.8036102593253973,0,True,0.526255707762557,0.5536529680365296,0.4531963470319635,0.7796803652968036,False,0.4634703196347032,10.963660578386607,11.534436834094368,11.329908675799087,12.994672754946729,7.724505327245054,55,MODERATE
Z266,1172.7594244069,45.67858,106.38938999999999,294.0,1.7963172523867896,0,True,0.526255707762557,0.5536529680365296,0.6472602739726028,0.4668949771689498,False,0.4634703196347032,10.963660578386607,11.534436834094368,16.18150684931507,7.78158295281583,7.724505327245054,54,MODERATE
Z267,1172.7594244069,45.67858,106.38938999999999,294.0,0.0,0,True,0.526255707762557,0.5536529680365296,0.6472602739726028,0.9600456621004566,False,0.4634703196347032,10.963660578386607,11.534436834094368,16.18150684931507,16.00076103500761,7.724505327245054,62,HIGH
Z268,1172.7594244069,45.67858,106.38938999999999,295.0,2.5397161746466046,0,True,0.526255707762557,0.5536529680365296,0.6221461187214612,0.1632420091324201,False,0.4634703196347032,10.963660578386607,11.534436834094368,15.55365296803653,2.720700152207002,7.724505327245054,48,MODERATE
Z269,1172.7594244069,45.67858,106.38938999999999,297.0,1.6069044726299722,0,True,0.526255707762557,0.5536529680365296,0.5787671232876712,0.5273972602739726,False,0.4634703196347032,10.963660578386607,11.534436834094368,14.46917808219178,8.789954337899545,7.724505327245054,53,MODERATE
Z270,1188.6490393040276,49.975224,99.950448,300.0,1.7964213810407137,0,True,0.7728310502283106,0.3025114155251142,0.5251141552511416,0.3698630136986301,False,0.4634703196347032,16.10064687975647,6.302321156773213,13.12785388127854,6.164383561643835,7.724505327245054,49,MODERATE
Z271,1188.6490393040276,49.975224,99.950448,302.0,2.539520020526714,0,True,0.7728310502283106,0.3025114155251142,0.4794520547945205,0.2054794520547945,False,0.4634703196347032,16.10064687975647,6.302321156773213,11.986301369863012,3.4246575342465753,7.724505327245054,46,MODERATE
Z272,1188.6490393040276,49.975224,99.950448,300.0,3.2112850435331786,0,True,0.7728310502283106,0.3025114155251142,0.5251141552511416,0.09246575342465753,False,0.4634703196347032,16.10064687975647,6.302321156773213,13.12785388127854,1.5410958904109588,7.724505327245054,45,MODERATE
Z273,1188.6490393040276,49.975224,99.950448,306.0,1.136347105590608,0,True,0.7728310502283106,0.3025114155251142,0.3972602739726027,0.6643835616438356,False,0.4634703196347032,16.10064687975647,6.302321156773213,9.931506849315069,11.073059360730594,7.724505327245054,51,MODERATE
Z274,1147.199696116,56.130226,124.65368900000001,282.0,0.8035325853473997,0,True,0.8915525114155252,0.9600456621004566,0.9200913242009132,0.8710045662100456,True,0.4634703196347032,18.57401065449011,20.000951293759513,23.00228310502283,14.516742770167427,7.724505327245054,84,CRITICAL
Z275,1147.199696116,56.130226,124.65368900000001,290.0,1.7964213810407137,0,True,0.8915525114155252,0.9600456621004566,0.7442922374429224,0.3698630136986301,True,0.4634703196347032,18.57401065449011,20.000951293759513,18.60730593607306,6.164383561643835,7.724505327245054,71,HIGH
Z276,1147.199696116,56.130226,124.65368900000001,288.0,0.8035325853473997,0,True,0.8915525114155252,0.9600456621004566,0.7990867579908676,0.8710045662100456,True,0.4634703196347032,18.57401065449011,20.000951293759513,19.97716894977169,14.516742770167427,7.724505327245054,81,CRITICAL
Z277,1147.199696116,56.130226,124.65368900000001,285.0,1.7963172523867896,0,True,0.8915525114155252,0.9600456621004566,0.8573059360730594,0.4668949771689498,True,0.4634703196347032,18.57401065449011,20.000951293759513,21.432648401826484,7.78158295281583,7.724505327245054,76,CRITICAL
Z278,1147.199696116,56.130226,124.65368900000001,285.0,0.8035325853473997,0,True,0.8915525114155252,0.9600456621004566,0.8573059360730594,0.8710045662100456,True,0.4634703196347032,18.57401065449011,20.000951293759513,21.432648401826484,14.516742770167427,7.724505327245054,82,CRITICAL
Z279,1147.199696116,56.130226,124.65368900000001,296.0,0.8036102593253973,1,True,0.8915525114155252,0.9600456621004566,0.6004566210045662,0.7796803652968036,False,0.958904109589041,18.57401065449011,20.000951293759513,15.011415525114154,12.994672754946729,15.981735159817353,83,CRITICAL
Z280,1155.523167019,42.9932,107.58183,288.0,1.7963172523867896,1,True,0.2271689497716895,0.6883561643835616,0.7990867579908676,0.4668949771689498,True,0.958904109589041,4.732686453576865,14.340753424657535,19.97716894977169,7.78158295281583,15.981735159817353,63,HIGH
Z281,1155.523167019,42.9932,107.58183,300.0,1.136347105590608,0,True,0.2271689497716895,0.6883561643835616,0.5251141552511416,0.6643835616438356,False,0.4634703196347032,4.732686453576865,14.340753424657535,13.12785388127854,11.073059360730594,7.724505327245054,51,MODERATE
Z282,1155.523167019,42.9932,107.58183,300.0,1.7963172523867896,0,True,0.2271689497716895,0.6883561643835616,0.5251141552511416,0.4668949771689498,False,0.4634703196347032,4.732686453576865,14.340753424657535,13.12785388127854,7.78158295281583,7.724505327245054,48,MODERATE
Z283,1155.523167019,42.9932,107.58183,297.0,2.895095406089006,1,True,0.2271689497716895,0.6883561643835616,0.5787671232876712,0.1095890410958904,False,0.958904109589041,4.732686453576865,14.340753424657535,14.46917808219178,1.8264840182648403,15.981735159817353,51,MODERATE
Z284,1155.523167019,42.9932,107.58183,296.0,0.0,0,True,0.2271689497716895,0.6883561643835616,0.6004566210045662,0.9600456621004566,False,0.4634703196347032,4.732686453576865,14.340753424657535,15.011415525114154,16.00076103500761,7.724505327245054,58,HIGH
Z285,1172.7594244069,45.67858,106.38938999999999,302.0,2.5397161746466046,0,True,0.526255707762557,0.5536529680365296,0.4794520547945205,0.1632420091324201,False,0.4634703196347032,10.963660578386607,11.534436834094368,11.986301369863012,2.720700152207002,7.724505327245054,45,MODERATE
Z286,1172.7594244069,45.67858,106.38938999999999,296.0,1.7963172523867896,0,True,0.526255707762557,0.5536529680365296,0.6004566210045662,0.4668949771689498,False,0.4634703196347032,10.963660578386607,11.534436834094368,15.011415525114154,7.78158295281583,7.724505327245054,53,MODERATE
Z287,1172.7594244069,45.67858,106.38938999999999,295.0,0.8035325853473997,0,True,0.526255707762557,0.5536529680365296,0.6221461187214612,0.8710045662100456,False,0.4634703196347032,10.963660578386607,11.534436834094368,15.55365296803653,14.516742770167427,7.724505327245054,60,HIGH
Z288,1172.7594244069,45.67858,106.38938999999999,291.0,0.0,0,True,0.526255707762557,0.5536529680365296,0.7203196347031964,0.9600456621004566,False,0.4634703196347032,10.963660578386607,11.534436834094368,18.00799086757991,16.00076103500761,7.724505327245054,64,HIGH
Z289,1172.7594244069,45.67858,106.38938999999999,293.0,3.589317782023876,0,True,0.526255707762557,0.5536529680365296,0.6723744292237442,0.0502283105022831,False,0.4634703196347032,10.963660578386607,11.534436834094368,16.809360730593607,0.8371385083713851,7.724505327245054,48,MODERATE
Z290,1172.7594244069,45.67858,106.38938999999999,297.0,0.0,0,True,0.526255707762557,0.5536529680365296,0.5787671232876712,0.9600456621004566,False,0.4634703196347032,10.963660578386607,11.534436834094368,14.46917808219178,16.00076103500761,7.724505327245054,61,HIGH
Z291,1188.6490393040276,49.975224,99.950448,304.0,0.0,0,True,0.7728310502283106,0.3025114155251142,0.430365296803653,0.9600456621004566,False,0.4634703196347032,16.10064687975647,6.302321156773213,10.759132420091325,16.00076103500761,7.724505327245054,57,HIGH
Z292,1188.6490393040276,49.975224,99.950448,295.0,1.7963172523867896,0,True,0.7728310502283106,0.3025114155251142,0.6221461187214612,0.4668949771689498,False,0.4634703196347032,16.10064687975647,6.302321156773213,15.55365296803653,7.78158295281583,7.724505327245054,53,MODERATE
Z293,1188.6490393040276,49.975224,99.950448,303.0,0.8035325853473997,0,True,0.7728310502283106,0.3025114155251142,0.4531963470319635,0.8710045662100456,False,0.4634703196347032,16.10064687975647,6.302321156773213,11.329908675799087,14.516742770167427,7.724505327245054,56,HIGH
Z294,1188.6490393040276,49.975224,99.950448,300.0,1.7963172523867896,0,True,0.7728310502283106,0.3025114155251142,0.5251141552511416,0.4668949771689498,False,0.4634703196347032,16.10064687975647,6.302321156773213,13.12785388127854,7.78158295281583,7.724505327245054,51,MODERATE
Z295,1147.199696116,56.130226,124.65368900000001,280.0,1.7963172523867896,0,True,0.8915525114155252,0.9600456621004566,0.9509132420091324,0.4668949771689498,True,0.4634703196347032,18.57401065449011,20.000951293759513,23.77283105022831,7.78158295281583,7.724505327245054,78,CRITICAL
Z296,1147.199696116,56.130226,124.65368900000001,282.0,1.6067492162846009,0,True,0.8915525114155252,0.9600456621004566,0.9200913242009132,0.571917808219178,True,0.4634703196347032,18.57401065449011,20.000951293759513,23.00228310502283,9.531963470319635,7.724505327245054,79,CRITICAL
Z297,1147.199696116,56.130226,124.65368900000001,291.0,1.6067492162846009,0,True,0.8915525114155252,0.9600456621004566,0.7203196347031964,0.571917808219178,False,0.4634703196347032,18.57401065449011,20.000951293759513,18.00799086757991,9.531963470319635,7.724505327245054,74,HIGH
Z298,1147.199696116,56.130226,124.65368900000001,284.0,1.136347105590608,0,True,0.8915525114155252,0.9600456621004566,0.8881278538812786,0.6643835616438356,True,0.4634703196347032,18.57401065449011,20.000951293759513,22.203196347031966,11.073059360730594,7.724505327245054,80,CRITICAL
Z299,1147.199696116,56.130226,124.65368900000001,285.0,0.8035325853473997,0,True,0.8915525114155252,0.9600456621004566,0.8573059360730594,0.8710045662100456,True,0.4634703196347032,18.57401065449011,20.000951293759513,21.432648401826484,14.516742770167427,7.724505327245054,82,CRITICAL
Z300,1147.199696116,56.130226,124.65368900000001,287.0,1.7963172523867896,0,True,0.8915525114155252,0.9600456621004566,0.821917808219178,0.4668949771689498,True,0.4634703196347032,18.57401065449011,20.000951293759513,20.54794520547945,7.78158295281583,7.724505327245054,75,HIGH
Z301,1155.523167019,42.9932,107.58183,289.0,2.2718009544716,0,True,0.2271689497716895,0.6883561643835616,0.771689497716895,0.2865296803652968,True,0.4634703196347032,4.732686453576865,14.340753424657535,19.292237442922374,4.775494672754947,7.724505327245054,51,MODERATE
Z302,1155.523167019,42.9932,107.58183,292.0,3.4054724957844504,0,True,0.2271689497716895,0.6883561643835616,0.6974885844748858,0.06278538812785388,False,0.4634703196347032,4.732686453576865,14.340753424657535,17.437214611872147,1.0464231354642313,7.724505327245054,45,MODERATE
Z303,1155.523167019,42.9932,107.58183,302.0,3.5891101368504224,0,True,0.2271689497716895,0.6883561643835616,0.4794520547945205,0.05593607305936073,False,0.4634703196347032,4.732686453576865,14.340753424657535,11.986301369863012,0.9322678843226788,7.724505327245054,40,MODERATE
Z304,1155.523167019,42.9932,107.58183,293.0,0.8036102593253973,0,True,0.2271689497716895,0.6883561643835616,0.6723744292237442,0.7796803652968036,False,0.4634703196347032,4.732686453576865,14.340753424657535,16.809360730593607,12.994672754946729,7.724505327245054,57,HIGH
Z305,1155.523167019,42.9932,107.58183,291.0,0.8035325853473997,0,True,0.2271689497716895,0.6883561643835616,0.7203196347031964,0.8710045662100456,False,0.4634703196347032,4.732686453576865,14.340753424657535,18.00799086757991,14.516742770167427,7.724505327245054,59,HIGH
Z306,1172.7594244069,45.67858,106.38938999999999,298.0,0.8035325853473997,0,True,0.526255707762557,0.5536529680365296,0.5570776255707762,0.8710045662100456,False,0.4634703196347032,10.963660578386607,11.534436834094368,13.926940639269406,14.516742770167427,7.724505327245054,59,HIGH
Z307,1172.7594244069,45.67858,106.38938999999999,292.0,1.136347105590608,0,True,0.526255707762557,0.5536529680365296,0.6974885844748858,0.6643835616438356,False,0.4634703196347032,10.963660578386607,11.534436834094368,17.437214611872147,11.073059360730594,7.724505327245054,59,HIGH
Z308,1172.7594244069,45.67858,106.38938999999999,293.0,1.6067492162846009,1,True,0.526255707762557,0.5536529680365296,0.6723744292237442,0.571917808219178,False,0.958904109589041,10.963660578386607,11.534436834094368,16.809360730593607,9.531963470319635,15.981735159817353,65,HIGH
Z309,1172.7594244069,45.67858,106.38938999999999,286.0,0.8035325853473997,0,True,0.526255707762557,0.5536529680365296,0.83675799086758,0.8710045662100456,True,0.4634703196347032,10.963660578386607,11.534436834094368,20.918949771689498,14.516742770167427,7.724505327245054,66,HIGH
Z310,1172.7594244069,45.67858,106.38938999999999,290.0,2.895095406089006,0,True,0.526255707762557,0.5536529680365296,0.7442922374429224,0.1095890410958904,True,0.4634703196347032,10.963660578386607,11.534436834094368,18.60730593607306,1.8264840182648403,7.724505327245054,51,MODERATE
Z311,1172.7594244069,45.67858,106.38938999999999,292.0,1.136347105590608,0,True,0.526255707762557,0.5536529680365296,0.6974885844748858,0.6643835616438356,False,0.4634703196347032,10.963660578386607,11.534436834094368,17.437214611872147,11.073059360730594,7.724505327245054,59,HIGH
Z312,1188.6490393040276,49.975224,99.950448,300.0,2.2718009544716,0,True,0.7728310502283106,0.3025114155251142,0.5251141552511416,0.2865296803652968,False,0.4634703196347032,16.10064687975647,6.302321156773213,13.12785388127854,4.775494672754947,7.724505327245054,48,MODERATE
Z313,1188.6490393040276,49.975224,99.950448,291.0,1.7963172523867896,0,True,0.7728310502283106,0.3025114155251142,0.7203196347031964,0.4668949771689498,False,0.4634703196347032,16.10064687975647,6.302321156773213,18.00799086757991,7.78158295281583,7.724505327245054,56,HIGH
Z314,1188.6490393040276,49.975224,99.950448,297.0,0.8035325853473997,0,True,0.7728310502283106,0.3025114155251142,0.5787671232876712,0.8710045662100456,False,0.4634703196347032,16.10064687975647,6.302321156773213,14.46917808219178,14.516742770167427,7.724505327245054,59,HIGH
Z315,1188.6490393040276,49.975224,99.950448,297.0,1.136347105590608,0,True,0.7728310502283106,0.3025114155251142,0.5787671232876712,0.6643835616438356,False,0.4634703196347032,16.10064687975647,6.302321156773213,14.46917808219178,11.073059360730594,7.724505327245054,56,HIGH
Z316,1147.199696116,56.130226,124.65368900000001,282.0,1.7963172523867896,0,True,0.8915525114155252,0.9600456621004566,0.9200913242009132,0.4668949771689498,True,0.4634703196347032,18.57401065449011,20.000951293759513,23.00228310502283,7.78158295281583,7.724505327245054,77,CRITICAL
Z317,1147.199696116,56.130226,124.65368900000001,278.0,1.136347105590608,0,True,0.8915525114155252,0.9600456621004566,0.9646118721461188,0.6643835616438356,True,0.4634703196347032,18.57401065449011,20.000951293759513,24.11529680365297,11.073059360730594,7.724505327245054,81,CRITICAL
Z318,1147.199696116,56.130226,124.65368900000001,286.0,0.8036102593253973,0,True,0.8915525114155252,0.9600456621004566,0.83675799086758,0.7796803652968036,True,0.4634703196347032,18.57401065449011,20.000951293759513,20.918949771689498,12.994672754946729,7.724505327245054,80,CRITICAL
Z319,1147.199696116,56.130226,124.65368900000001,283.0,1.7964213810407137,0,True,0.8915525114155252,0.9600456621004566,0.908675799086758,0.3698630136986301,True,0.4634703196347032,18.57401065449011,20.000951293759513,22.71689497716895,6.164383561643835,7.724505327245054,75,HIGH
Z320,1147.199696116,56.130226,124.65368900000001,281.0,1.7964213810407137,0,True,0.8915525114155252,0.9600456621004566,0.934931506849315,0.3698630136986301,True,0.4634703196347032,18.57401065449011,20.000951293759513,23.373287671232877,6.164383561643835,7.724505327245054,76,CRITICAL
Z321,1147.199696116,56.130226,124.65368900000001,284.0,2.539520020526714,0,True,0.8915525114155252,0.9600456621004566,0.8881278538812786,0.2054794520547945,True,0.4634703196347032,18.57401065449011,20.000951293759513,22.203196347031966,3.4246575342465753,7.724505327245054,72,HIGH
Z322,1155.523167019,42.9932,107.58183,293.0,2.5397161746466046,0,True,0.2271689497716895,0.6883561643835616,0.6723744292237442,0.1632420091324201,False,0.4634703196347032,4.732686453576865,14.340753424657535,16.809360730593607,2.720700152207002,7.724505327245054,46,MODERATE
Z323,1155.523167019,42.9932,107.58183,295.0,1.7963172523867896,0,True,0.2271689497716895,0.6883561643835616,0.6221461187214612,0.4668949771689498,False,0.4634703196347032,4.732686453576865,14.340753424657535,15.55365296803653,7.78158295281583,7.724505327245054,50,MODERATE
Z324,1155.523167019,42.9932,107.58183,306.0,1.7964213810407137,0,True,0.2271689497716895,0.6883561643835616,0.3972602739726027,0.3698630136986301,False,0.4634703196347032,4.732686453576865,14.340753424657535,9.931506849315069,6.164383561643835,7.724505327245054,43,MODERATE
Z325,1155.523167019,42.9932,107.58183,291.0,2.409567339030629,0,True,0.2271689497716895,0.6883561643835616,0.7203196347031964,0.2363013698630137,False,0.4634703196347032,4.732686453576865,14.340753424657535,18.00799086757991,3.938356164383562,7.724505327245054,49,MODERATE
Z326,1155.523167019,42.9932,107.58183,288.0,1.136347105590608,0,True,0.2271689497716895,0.6883561643835616,0.7990867579908676,0.6643835616438356,True,0.4634703196347032,4.732686453576865,14.340753424657535,19.97716894977169,11.073059360730594,7.724505327245054,58,HIGH
Z327,1172.7594244069,45.67858,106.38938999999999,291.0,1.6069044726299722,0,True,0.526255707762557,0.5536529680365296,0.7203196347031964,0.5273972602739726,False,0.4634703196347032,10.963660578386607,11.534436834094368,18.00799086757991,8.789954337899545,7.724505327245054,57,HIGH
Z328,1172.7594244069,45.67858,106.38938999999999,290.0,2.5397161746466046,1,True,0.526255707762557,0.5536529680365296,0.7442922374429224,0.1632420091324201,True,0.958904109589041,10.963660578386607,11.534436834094368,18.60730593607306,2.720700152207002,15.981735159817353,60,HIGH
Z329,1172.7594244069,45.67858,106.38938999999999,292.0,1.136347105590608,0,True,0.526255707762557,0.5536529680365296,0.6974885844748858,0.6643835616438356,False,0.4634703196347032,10.963660578386607,11.534436834094368,17.437214611872147,11.073059360730594,7.724505327245054,59,HIGH
Z330,1172.7594244069,45.67858,106.38938999999999,286.0,0.8036102593253973,0,True,0.526255707762557,0.5536529680365296,0.83675799086758,0.7796803652968036,True,0.4634703196347032,10.963660578386607,11.534436834094368,20.918949771689498,12.994672754946729,7.724505327245054,64,HIGH
Z331,1172.7594244069,45.67858,106.38938999999999,289.0,0.8035325853473997,0,True,0.526255707762557,0.5536529680365296,0.771689497716895,0.8710045662100456,True,0.4634703196347032,10.963660578386607,11.534436834094368,19.292237442922374,14.516742770167427,7.724505327245054,64,HIGH
Z332,1172.7594244069,45.67858,106.38938999999999,296.0,0.8035325853473997,0,True,0.526255707762557,0.5536529680365296,0.6004566210045662,0.8710045662100456,False,0.4634703196347032,10.963660578386607,11.534436834094368,15.011415525114154,14.516742770167427,7.724505327245054,60,HIGH
Z333,1188.6490393040276,49.975224,99.950448,295.0,1.7964213810407137,0,True,0.7728310502283106,0.3025114155251142,0.6221461187214612,0.3698630136986301,False,0.4634703196347032,16.10064687975647,6.302321156773213,15.55365296803653,6.164383561643835,7.724505327245054,52,MODERATE
Z334,1188.6490393040276,49.975224,99.950448,292.0,2.895095406089006,0,True,0.7728310502283106,0.3025114155251142,0.6974885844748858,0.1095890410958904,False,0.4634703196347032,16.10064687975647,6.302321156773213,17.437214611872147,1.8264840182648403,7.724505327245054,49,MODERATE
Z335,1188.6490393040276,49.975224,99.950448,292.0,2.2718009544716,0,True,0.7728310502283106,0.3025114155251142,0.6974885844748858,0.2865296803652968,False,0.4634703196347032,16.10064687975647,6.302321156773213,17.437214611872147,4.775494672754947,7.724505327245054,52,MODERATE
Z336,1188.6490393040276,49.975224,99.950448,295.0,1.7964213810407137,0,True,0.7728310502283106,0.3025114155251142,0.6221461187214612,0.3698630136986301,False,0.4634703196347032,16.10064687975647,6.302321156773213,15.55365296803653,6.164383561643835,7.724505327245054,52,MODERATE
Z337,1148.143908243,56.800682,123.306512,280.0,1.7963172523867896,0,True,0.9668949771689498,0.884703196347032,0.9509132420091324,0.4668949771689498,True,0.4634703196347032,20.143645357686456,18.431316590563167,23.77283105022831,7.78158295281583,7.724505327245054,78,CRITICAL
Z338,1148.143908243,56.800682,123.306512,280.0,0.8035325853473997,0,True,0.9668949771689498,0.884703196347032,0.9509132420091324,0.8710045662100456,True,0.4634703196347032,20.143645357686456,18.431316590563167,23.77283105022831,14.516742770167427,7.724505327245054,85,CRITICAL
Z339,1148.143908243,56.800682,123.306512,281.0,0.0,0,True,0.9668949771689498,0.884703196347032,0.934931506849315,0.9600456621004566,True,0.4634703196347032,20.143645357686456,18.431316590563167,23.373287671232877,16.00076103500761,7.724505327245054,86,CRITICAL
Z340,1148.143908243,56.800682,123.306512,285.0,1.6069044726299722,0,True,0.9668949771689498,0.884703196347032,0.8573059360730594,0.5273972602739726,True,0.4634703196347032,20.143645357686456,18.431316590563167,21.432648401826484,8.789954337899545,7.724505327245054,77,CRITICAL
Z341,1148.143908243,56.800682,123.306512,277.0,1.7964213810407137,0,True,0.9668949771689498,0.884703196347032,0.9748858447488584,0.3698630136986301,True,0.4634703196347032,20.143645357686456,18.431316590563167,24.37214611872146,6.164383561643835,7.724505327245054,77,CRITICAL
Z342,1148.143908243,56.800682,123.306512,282.0,2.539520020526714,0,True,0.9668949771689498,0.884703196347032,0.9200913242009132,0.2054794520547945,True,0.4634703196347032,20.143645357686456,18.431316590563167,23.00228310502283,3.4246575342465753,7.724505327245054,73,HIGH
Z343,1173.59860242,41.97435,105.59338799999999,284.0,1.7963172523867896,0,True,0.09817351598173515,0.4908675799086758,0.8881278538812786,0.4668949771689498,True,0.4634703196347032,2.045281582952816,10.22640791476408,22.203196347031966,7.78158295281583,7.724505327245054,50,MODERATE
Z344,1173.59860242,41.97435,105.59338799999999,294.0,1.7964213810407137,0,True,0.09817351598173515,0.4908675799086758,0.6472602739726028,0.3698630136986301,False,0.4634703196347032,2.045281582952816,10.22640791476408,16.18150684931507,6.164383561643835,7.724505327245054,42,MODERATE
Z345,1173.59860242,41.97435,105.59338799999999,298.0,2.894987945295464,0,True,0.09817351598173515,0.4908675799086758,0.5570776255707762,0.1324200913242009,False,0.4634703196347032,2.045281582952816,10.22640791476408,13.926940639269406,2.207001522070015,7.724505327245054,36,MODERATE
Z346,1173.59860242,41.97435,105.59338799999999,303.0,1.6069044726299722,0,True,0.09817351598173515,0.4908675799086758,0.4531963470319635,0.5273972602739726,False,0.4634703196347032,2.045281582952816,10.22640791476408,11.329908675799087,8.789954337899545,7.724505327245054,40,MODERATE
Z347,1173.59860242,41.97435,105.59338799999999,295.0,0.0,0,True,0.09817351598173515,0.4908675799086758,0.6221461187214612,0.9600456621004566,False,0.4634703196347032,2.045281582952816,10.22640791476408,15.55365296803653,16.00076103500761,7.724505327245054,52,MODERATE
Z348,1194.099920523283,44.55817,106.68683999999999,285.0,0.8035325853473997,0,True,0.4006849315068493,0.6221461187214612,0.8573059360730594,0.8710045662100456,True,0.4634703196347032,8.347602739726028,12.961377473363777,21.432648401826484,14.516742770167427,7.724505327245054,65,HIGH
Z349,1194.099920523283,44.55817,106.68683999999999,287.0,2.5397161746466046,0,True,0.4006849315068493,0.6221461187214612,0.821917808219178,0.1632420091324201,True,0.4634703196347032,8.347602739726028,12.961377473363777,20.54794520547945,2.720700152207002,7.724505327245054,52,MODERATE
Z350,1194.099920523283,44.55817,106.68683999999999,289.0,1.7964213810407137,0,True,0.4006849315068493,0.6221461187214612,0.771689497716895,0.3698630136986301,True,0.4634703196347032,8.347602739726028,12.961377473363777,19.292237442922374,6.164383561643835,7.724505327245054,54,MODERATE
Z351,1194.099920523283,44.55817,106.68683999999999,284.0,2.2718009544716,0,True,0.4006849315068493,0.6221461187214612,0.8881278538812786,0.2865296803652968,True,0.4634703196347032,8.347602739726028,12.961377473363777,22.203196347031966,4.775494672754947,7.724505327245054,56,HIGH
Z352,1194.099920523283,44.55817,106.68683999999999,293.0,0.0,0,True,0.4006849315068493,0.6221461187214612,0.6723744292237442,0.9600456621004566,False,0.4634703196347032,8.347602739726028,12.961377473363777,16.809360730593607,16.00076103500761,7.724505327245054,62,HIGH
Z353,1194.099920523283,44.55817,106.68683999999999,297.0,0.8036102593253973,0,True,0.4006849315068493,0.6221461187214612,0.5787671232876712,0.7796803652968036,False,0.4634703196347032,8.347602739726028,12.961377473363777,14.46917808219178,12.994672754946729,7.724505327245054,56,HIGH
Z354,1195.6191144235,48.440636,96.881272,293.0,0.8036102593253973,0,True,0.730593607305936,0.02054794520547945,0.6723744292237442,0.7796803652968036,False,0.4634703196347032,15.220700152207002,0.42808219178082196,16.809360730593607,12.994672754946729,7.724505327245054,53,MODERATE
Z355,1195.6191144235,48.440636,96.881272,288.0,1.6069044726299722,0,True,0.730593607305936,0.02054794520547945,0.7990867579908676,0.5273972602739726,True,0.4634703196347032,15.220700152207002,0.42808219178082196,19.97716894977169,8.789954337899545,7.724505327245054,52,MODERATE
Z356,1195.6191144235,48.440636,96.881272,294.0,0.8035325853473997,0,True,0.730593607305936,0.02054794520547945,0.6472602739726028,0.8710045662100456,False,0.4634703196347032,15.220700152207002,0.42808219178082196,16.18150684931507,14.516742770167427,7.724505327245054,54,MODERATE
Z358,1148.143908243,56.800682,123.306512,281.0,2.894987945295464,0,True,0.9668949771689498,0.884703196347032,0.934931506849315,0.1324200913242009,True,0.4634703196347032,20.143645357686456,18.431316590563167,23.373287671232877,2.207001522070015,7.724505327245054,72,HIGH
Z359,1148.143908243,56.800682,123.306512,278.0,2.5397161746466046,0,True,0.9668949771689498,0.884703196347032,0.9646118721461188,0.1632420091324201,True,0.4634703196347032,20.143645357686456,18.431316590563167,24.11529680365297,2.720700152207002,7.724505327245054,73,HIGH
Z360,1148.143908243,56.800682,123.306512,277.0,0.8036102593253973,0,True,0.9668949771689498,0.884703196347032,0.9748858447488584,0.7796803652968036,True,0.4634703196347032,20.143645357686456,18.431316590563167,24.37214611872146,12.994672754946729,7.724505327245054,84,CRITICAL
Z361,1148.143908243,56.800682,123.306512,283.0,0.0,0,True,0.9668949771689498,0.884703196347032,0.908675799086758,0.9600456621004566,True,0.4634703196347032,20.143645357686456,18.431316590563167,22.71689497716895,16.00076103500761,7.724505327245054,85,CRITICAL
Z362,1148.143908243,56.800682,123.306512,279.0,2.2718009544716,0,True,0.9668949771689498,0.884703196347032,0.9600456621004566,0.2865296803652968,True,0.4634703196347032,20.143645357686456,18.431316590563167,24.001141552511417,4.775494672754947,7.724505327245054,75,HIGH
Z363,1148.143908243,56.800682,123.306512,280.0,2.2718009544716,0,True,0.9668949771689498,0.884703196347032,0.9509132420091324,0.2865296803652968,True,0.4634703196347032,20.143645357686456,18.431316590563167,23.77283105022831,4.775494672754947,7.724505327245054,75,HIGH
Z364,1173.59860242,41.97435,105.59338799999999,284.0,2.5397161746466046,0,True,0.09817351598173515,0.4908675799086758,0.8881278538812786,0.1632420091324201,True,0.4634703196347032,2.045281582952816,10.22640791476408,22.203196347031966,2.720700152207002,7.724505327245054,45,MODERATE
Z365,1173.59860242,41.97435,105.59338799999999,285.0,0.0,0,True,0.09817351598173515,0.4908675799086758,0.8573059360730594,0.9600456621004566,True,0.4634703196347032,2.045281582952816,10.22640791476408,21.432648401826484,16.00076103500761,7.724505327245054,57,HIGH
Z366,1173.59860242,41.97435,105.59338799999999,293.0,2.539520020526714,0,True,0.09817351598173515,0.4908675799086758,0.6723744292237442,0.2054794520547945,False,0.4634703196347032,2.045281582952816,10.22640791476408,16.809360730593607,3.4246575342465753,7.724505327245054,40,MODERATE
Z367,1173.59860242,41.97435,105.59338799999999,298.0,1.136347105590608,0,True,0.09817351598173515,0.4908675799086758,0.5570776255707762,0.6643835616438356,False,0.4634703196347032,2.045281582952816,10.22640791476408,13.926940639269406,11.073059360730594,7.724505327245054,45,MODERATE
Z368,1173.59860242,41.97435,105.59338799999999,296.0,1.7964213810407137,0,True,0.09817351598173515,0.4908675799086758,0.6004566210045662,0.3698630136986301,False,0.4634703196347032,2.045281582952816,10.22640791476408,15.011415525114154,6.164383561643835,7.724505327245054,41,MODERATE
Z369,1194.099920523283,44.55817,106.68683999999999,289.0,0.0,0,True,0.4006849315068493,0.6221461187214612,0.771689497716895,0.9600456621004566,True,0.4634703196347032,8.347602739726028,12.961377473363777,19.292237442922374,16.00076103500761,7.724505327245054,64,HIGH
Z370,1194.099920523283,44.55817,106.68683999999999,285.0,0.0,0,True,0.4006849315068493,0.6221461187214612,0.8573059360730594,0.9600456621004566,True,0.4634703196347032,8.347602739726028,12.961377473363777,21.432648401826484,16.00076103500761,7.724505327245054,66,HIGH
Z371,1194.099920523283,44.55817,106.68683999999999,285.0,0.8036102593253973,0,True,0.4006849315068493,0.6221461187214612,0.8573059360730594,0.7796803652968036,True,0.4634703196347032,8.347602739726028,12.961377473363777,21.432648401826484,12.994672754946729,7.724505327245054,63,HIGH
Z372,1194.099920523283,44.55817,106.68683999999999,285.0,4.011498604471368,0,True,0.4006849315068493,0.6221461187214612,0.8573059360730594,0.0410958904109589,True,0.4634703196347032,8.347602739726028,12.961377473363777,21.432648401826484,0.684931506849315,7.724505327245054,51,MODERATE
Z373,1194.099920523283,44.55817,106.68683999999999,292.0,1.7963172523867896,0,True,0.4006849315068493,0.6221461187214612,0.6974885844748858,0.4668949771689498,False,0.4634703196347032,8.347602739726028,12.961377473363777,17.437214611872147,7.78158295281583,7.724505327245054,54,MODERATE
Z374,1194.099920523283,44.55817,106.68683999999999,292.0,0.8036102593253973,0,True,0.4006849315068493,0.6221461187214612,0.6974885844748858,0.7796803652968036,False,0.4634703196347032,8.347602739726028,12.961377473363777,17.437214611872147,12.994672754946729,7.724505327245054,59,HIGH
Z375,1195.6191144235,48.440636,96.881272,287.0,1.7964213810407137,0,True,0.730593607305936,0.02054794520547945,0.821917808219178,0.3698630136986301,True,0.4634703196347032,15.220700152207002,0.42808219178082196,20.54794520547945,6.164383561643835,7.724505327245054,50,MODERATE
Z376,1195.6191144235,48.440636,96.881272,283.0,1.6067492162846009,0,True,0.730593607305936,0.02054794520547945,0.908675799086758,0.571917808219178,True,0.4634703196347032,15.220700152207002,0.42808219178082196,22.71689497716895,9.531963470319635,7.724505327245054,56,HIGH
Z377,1195.6191144235,48.440636,96.881272,293.0,2.2718009544716,0,True,0.730593607305936,0.02054794520547945,0.6723744292237442,0.2865296803652968,False,0.4634703196347032,15.220700152207002,0.42808219178082196,16.809360730593607,4.775494672754947,7.724505327245054,45,MODERATE
Z379,1148.143908243,56.800682,123.306512,281.0,0.8035325853473997,0,True,0.9668949771689498,0.884703196347032,0.934931506849315,0.8710045662100456,True,0.4634703196347032,20.143645357686456,18.431316590563167,23.373287671232877,14.516742770167427,7.724505327245054,84,CRITICAL
Z380,1148.143908243,56.800682,123.306512,275.0,1.136347105590608,0,True,0.9668949771689498,0.884703196347032,0.9920091324200914,0.6643835616438356,True,0.4634703196347032,20.143645357686456,18.431316590563167,24.800228310502284,11.073059360730594,7.724505327245054,82,CRITICAL
Z381,1148.143908243,56.800682,123.306512,279.0,1.136347105590608,0,True,0.9668949771689498,0.884703196347032,0.9600456621004566,0.6643835616438356,True,0.4634703196347032,20.143645357686456,18.431316590563167,24.001141552511417,11.073059360730594,7.724505327245054,81,CRITICAL
Z382,1148.143908243,56.800682,123.306512,284.0,0.0,0,True,0.9668949771689498,0.884703196347032,0.8881278538812786,0.9600456621004566,True,0.4634703196347032,20.143645357686456,18.431316590563167,22.203196347031966,16.00076103500761,7.724505327245054,85,CRITICAL
Z383,1148.143908243,56.800682,123.306512,277.0,1.7964213810407137,0,True,0.9668949771689498,0.884703196347032,0.9748858447488584,0.3698630136986301,True,0.4634703196347032,20.143645357686456,18.431316590563167,24.37214611872146,6.164383561643835,7.724505327245054,77,CRITICAL
Z384,1148.143908243,56.800682,123.306512,277.0,0.8035325853473997,0,True,0.9668949771689498,0.884703196347032,0.9748858447488584,0.8710045662100456,True,0.4634703196347032,20.143645357686456,18.431316590563167,24.37214611872146,14.516742770167427,7.724505327245054,85,CRITICAL
Z385,1173.59860242,41.97435,105.59338799999999,284.0,1.6067492162846009,0,True,0.09817351598173515,0.4908675799086758,0.8881278538812786,0.571917808219178,True,0.4634703196347032,2.045281582952816,10.22640791476408,22.203196347031966,9.531963470319635,7.724505327245054,52,MODERATE
Z386,1173.59860242,41.97435,105.59338799999999,293.0,1.136347105590608,0,True,0.09817351598173515,0.4908675799086758,0.6723744292237442,0.6643835616438356,False,0.4634703196347032,2.045281582952816,10.22640791476408,16.809360730593607,11.073059360730594,7.724505327245054,48,MODERATE
Z387,1173.59860242,41.97435,105.59338799999999,293.0,1.136347105590608,0,True,0.09817351598173515,0.4908675799086758,0.6723744292237442,0.6643835616438356,False,0.4634703196347032,2.045281582952816,10.22640791476408,16.809360730593607,11.073059360730594,7.724505327245054,48,MODERATE
Z388,1173.59860242,41.97435,105.59338799999999,295.0,2.409567339030629,0,True,0.09817351598173515,0.4908675799086758,0.6221461187214612,0.2363013698630137,False,0.4634703196347032,2.045281582952816,10.22640791476408,15.55365296803653,3.938356164383562,7.724505327245054,39,MODERATE
Z389,1173.59860242,41.97435,105.59338799999999,290.0,1.136347105590608,0,True,0.09817351598173515,0.4908675799086758,0.7442922374429224,0.6643835616438356,True,0.4634703196347032,2.045281582952816,10.22640791476408,18.60730593607306,11.073059360730594,7.724505327245054,50,MODERATE
Z390,1194.099920523283,44.55817,106.68683999999999,285.0,0.8035325853473997,0,True,0.4006849315068493,0.6221461187214612,0.8573059360730594,0.8710045662100456,True,0.4634703196347032,8.347602739726028,12.961377473363777,21.432648401826484,14.516742770167427,7.724505327245054,65,HIGH
Z391,1194.099920523283,44.55817,106.68683999999999,284.0,1.6067492162846009,0,True,0.4006849315068493,0.6221461187214612,0.8881278538812786,0.571917808219178,True,0.4634703196347032,8.347602739726028,12.961377473363777,22.203196347031966,9.531963470319635,7.724505327245054,61,HIGH
Z392,1194.099920523283,44.55817,106.68683999999999,283.0,1.136347105590608,0,True,0.4006849315068493,0.6221461187214612,0.908675799086758,0.6643835616438356,True,0.4634703196347032,8.347602739726028,12.961377473363777,22.71689497716895,11.073059360730594,7.724505327245054,63,HIGH
Z393,1194.099920523283,44.55817,106.68683999999999,287.0,1.7963172523867896,0,True,0.4006849315068493,0.6221461187214612,0.821917808219178,0.4668949771689498,True,0.4634703196347032,8.347602739726028,12.961377473363777,20.54794520547945,7.78158295281583,7.724505327245054,57,HIGH
Z394,1194.099920523283,44.55817,106.68683999999999,291.0,0.8035325853473997,0,True,0.4006849315068493,0.6221461187214612,0.7203196347031964,0.8710045662100456,False,0.4634703196347032,8.347602739726028,12.961377473363777,18.00799086757991,14.516742770167427,7.724505327245054,62,HIGH
Z395,1194.099920523283,44.55817,106.68683999999999,288.0,1.136347105590608,0,True,0.4006849315068493,0.6221461187214612,0.7990867579908676,0.6643835616438356,True,0.4634703196347032,8.347602739726028,12.961377473363777,19.97716894977169,11.073059360730594,7.724505327245054,60,HIGH
Z396,1195.6191144235,48.440636,96.881272,287.0,1.136347105590608,0,True,0.730593607305936,0.02054794520547945,0.821917808219178,0.6643835616438356,True,0.4634703196347032,15.220700152207002,0.42808219178082196,20.54794520547945,11.073059360730594,7.724505327245054,55,MODERATE
Z397,1195.6191144235,48.440636,96.881272,287.0,2.539520020526714,0,True,0.730593607305936,0.02054794520547945,0.821917808219178,0.2054794520547945,True,0.4634703196347032,15.220700152207002,0.42808219178082196,20.54794520547945,3.4246575342465753,7.724505327245054,47,MODERATE
Z398,1195.6191144235,48.440636,96.881272,288.0,1.6069044726299722,0,True,0.730593607305936,0.02054794520547945,0.7990867579908676,0.5273972602739726,True,0.4634703196347032,15.220700152207002,0.42808219178082196,19.97716894977169,8.789954337899545,7.724505327245054,52,MODERATE
Z400,1148.143908243,56.800682,123.306512,284.0,0.0,0,True,0.9668949771689498,0.884703196347032,0.8881278538812786,0.9600456621004566,True,0.4634703196347032,20.143645357686456,18.431316590563167,22.203196347031966,16.00076103500761,7.724505327245054,85,CRITICAL
Z401,1148.143908243,56.800682,123.306512,276.0,0.8035325853473997,0,True,0.9668949771689498,0.884703196347032,0.9863013698630136,0.8710045662100456,True,0.4634703196347032,20.143645357686456,18.431316590563167,24.65753424657534,14.516742770167427,7.724505327245054,85,CRITICAL
Z402,1148.143908243,56.800682,123.306512,276.0,0.8036102593253973,0,True,0.9668949771689498,0.884703196347032,0.9863013698630136,0.7796803652968036,True,0.4634703196347032,20.143645357686456,18.431316590563167,24.65753424657534,12.994672754946729,7.724505327245054,84,CRITICAL
Z403,1148.143908243,56.800682,123.306512,281.0,0.0,0,True,0.9668949771689498,0.884703196347032,0.934931506849315,0.9600456621004566,True,0.4634703196347032,20.143645357686456,18.431316590563167,23.373287671232877,16.00076103500761,7.724505327245054,86,CRITICAL
Z404,1148.143908243,56.800682,123.306512,276.0,1.136347105590608,0,True,0.9668949771689498,0.884703196347032,0.9863013698630136,0.6643835616438356,True,0.4634703196347032,20.143645357686456,18.431316590563167,24.65753424657534,11.073059360730594,7.724505327245054,82,CRITICAL
Z405,1148.143908243,56.800682,123.306512,277.0,0.8035325853473997,0,True,0.9668949771689498,0.884703196347032,0.9748858447488584,0.8710045662100456,True,0.4634703196347032,20.143645357686456,18.431316590563167,24.37214611872146,14.516742770167427,7.724505327245054,85,CRITICAL
Z406,1173.59860242,41.97435,105.59338799999999,280.0,0.8035325853473997,0,True,0.09817351598173515,0.4908675799086758,0.9509132420091324,0.8710045662100456,True,0.4634703196347032,2.045281582952816,10.22640791476408,23.77283105022831,14.516742770167427,7.724505327245054,58,HIGH
Z407,1173.59860242,41.97435,105.59338799999999,285.0,1.136347105590608,0,True,0.09817351598173515,0.4908675799086758,0.8573059360730594,0.6643835616438356,True,0.4634703196347032,2.045281582952816,10.22640791476408,21.432648401826484,11.073059360730594,7.724505327245054,53,MODERATE
Z408,1173.59860242,41.97435,105.59338799999999,291.0,1.136347105590608,0,True,0.09817351598173515,0.4908675799086758,0.7203196347031964,0.6643835616438356,False,0.4634703196347032,2.045281582952816,10.22640791476408,18.00799086757991,11.073059360730594,7.724505327245054,49,MODERATE
Z409,1173.59860242,41.97435,105.59338799999999,289.0,0.8036102593253973,0,True,0.09817351598173515,0.4908675799086758,0.771689497716895,0.7796803652968036,True,0.4634703196347032,2.045281582952816,10.22640791476408,19.292237442922374,12.994672754946729,7.724505327245054,52,MODERATE
Z410,1173.59860242,41.97435,105.59338799999999,284.0,1.7963172523867896,0,True,0.09817351598173515,0.4908675799086758,0.8881278538812786,0.4668949771689498,True,0.4634703196347032,2.045281582952816,10.22640791476408,22.203196347031966,7.78158295281583,7.724505327245054,50,MODERATE
Z411,1194.099920523283,44.55817,106.68683999999999,284.0,2.539520020526714,0,True,0.4006849315068493,0.6221461187214612,0.8881278538812786,0.2054794520547945,True,0.4634703196347032,8.347602739726028,12.961377473363777,22.203196347031966,3.4246575342465753,7.724505327245054,55,MODERATE
Z412,1194.099920523283,44.55817,106.68683999999999,281.0,1.136347105590608,0,True,0.4006849315068493,0.6221461187214612,0.934931506849315,0.6643835616438356,True,0.4634703196347032,8.347602739726028,12.961377473363777,23.373287671232877,11.073059360730594,7.724505327245054,63,HIGH
Z413,1194.099920523283,44.55817,106.68683999999999,290.0,1.7963172523867896,0,True,0.4006849315068493,0.6221461187214612,0.7442922374429224,0.4668949771689498,True,0.4634703196347032,8.347602739726028,12.961377473363777,18.60730593607306,7.78158295281583,7.724505327245054,55,MODERATE
Z414,1194.099920523283,44.55817,106.68683999999999,289.0,2.409567339030629,0,True,0.4006849315068493,0.6221461187214612,0.771689497716895,0.2363013698630137,True,0.4634703196347032,8.347602739726028,12.961377473363777,19.292237442922374,3.938356164383562,7.724505327245054,52,MODERATE
Z415,1194.099920523283,44.55817,106.68683999999999,291.0,0.8035325853473997,0,True,0.4006849315068493,0.6221461187214612,0.7203196347031964,0.8710045662100456,False,0.4634703196347032,8.347602739726028,12.961377473363777,18.00799086757991,14.516742770167427,7.724505327245054,62,HIGH
Z416,1194.099920523283,44.55817,106.68683999999999,285.0,0.8035325853473997,0,True,0.4006849315068493,0.6221461187214612,0.8573059360730594,0.8710045662100456,True,0.4634703196347032,8.347602739726028,12.961377473363777,21.432648401826484,14.516742770167427,7.724505327245054,65,HIGH
Z417,1195.6191144235,48.440636,96.881272,284.0,0.0,0,True,0.730593607305936,0.02054794520547945,0.8881278538812786,0.9600456621004566,True,0.4634703196347032,15.220700152207002,0.42808219178082196,22.203196347031966,16.00076103500761,7.724505327245054,62,HIGH
Z418,1195.6191144235,48.440636,96.881272,285.0,1.7963172523867896,0,True,0.730593607305936,0.02054794520547945,0.8573059360730594,0.4668949771689498,True,0.4634703196347032,15.220700152207002,0.42808219178082196,21.432648401826484,7.78158295281583,7.724505327245054,53,MODERATE
Z419,1195.6191144235,48.440636,96.881272,289.0,1.7964213810407137,0,True,0.730593607305936,0.02054794520547945,0.771689497716895,0.3698630136986301,True,0.4634703196347032,15.220700152207002,0.42808219178082196,19.292237442922374,6.164383561643835,7.724505327245054,49,MODERATE
Z421,1148.143908243,56.800682,123.306512,281.0,0.8035325853473997,0,True,0.9668949771689498,0.884703196347032,0.934931506849315,0.8710045662100456,True,0.4634703196347032,20.143645357686456,18.431316590563167,23.373287671232877,14.516742770167427,7.724505327245054,84,CRITICAL
Z422,1148.143908243,56.800682,123.306512,274.0,1.136347105590608,0,True,0.9668949771689498,0.884703196347032,0.9954337899543378,0.6643835616438356,True,0.4634703196347032,20.143645357686456,18.431316590563167,24.885844748858446,11.073059360730594,7.724505327245054,82,CRITICAL
Z423,1148.143908243,56.800682,123.306512,272.0,1.7963172523867896,0,True,0.9668949771689498,0.884703196347032,0.9988584474885844,0.4668949771689498,True,0.4634703196347032,20.143645357686456,18.431316590563167,24.97146118721461,7.78158295281583,7.724505327245054,79,CRITICAL
Z424,1148.143908243,56.800682,123.306512,277.0,1.7963172523867896,0,True,0.9668949771689498,0.884703196347032,0.9748858447488584,0.4668949771689498,True,0.4634703196347032,20.143645357686456,18.431316590563167,24.37214611872146,7.78158295281583,7.724505327245054,78,CRITICAL
Z425,1148.143908243,56.800682,123.306512,275.0,0.8036102593253973,0,True,0.9668949771689498,0.884703196347032,0.9920091324200914,0.7796803652968036,True,0.4634703196347032,20.143645357686456,18.431316590563167,24.800228310502284,12.994672754946729,7.724505327245054,84,CRITICAL
Z426,1148.143908243,56.800682,123.306512,272.0,1.136347105590608,0,True,0.9668949771689498,0.884703196347032,0.9988584474885844,0.6643835616438356,True,0.4634703196347032,20.143645357686456,18.431316590563167,24.97146118721461,11.073059360730594,7.724505327245054,82,CRITICAL
Z427,1173.59860242,41.97435,105.59338799999999,282.0,2.2718009544716,0,True,0.09817351598173515,0.4908675799086758,0.9200913242009132,0.2865296803652968,True,0.4634703196347032,2.045281582952816,10.22640791476408,23.00228310502283,4.775494672754947,7.724505327245054,48,MODERATE
Z428,1173.59860242,41.97435,105.59338799999999,284.0,1.7963172523867896,0,True,0.09817351598173515,0.4908675799086758,0.8881278538812786,0.4668949771689498,True,0.4634703196347032,2.045281582952816,10.22640791476408,22.203196347031966,7.78158295281583,7.724505327245054,50,MODERATE
Z429,1173.59860242,41.97435,105.59338799999999,288.0,2.539520020526714,0,True,0.09817351598173515,0.4908675799086758,0.7990867579908676,0.2054794520547945,True,0.4634703196347032,2.045281582952816,10.22640791476408,19.97716894977169,3.4246575342465753,7.724505327245054,43,MODERATE
Z430,1173.59860242,41.97435,105.59338799999999,287.0,1.136347105590608,0,True,0.09817351598173515,0.4908675799086758,0.821917808219178,0.6643835616438356,True,0.4634703196347032,2.045281582952816,10.22640791476408,20.54794520547945,11.073059360730594,7.724505327245054,52,MODERATE
Z431,1173.59860242,41.97435,105.59338799999999,281.0,0.8036102593253973,0,True,0.09817351598173515,0.4908675799086758,0.934931506849315,0.7796803652968036,True,0.4634703196347032,2.045281582952816,10.22640791476408,23.373287671232877,12.994672754946729,7.724505327245054,56,HIGH
Z432,1194.099920523283,44.55817,106.68683999999999,280.0,1.7964213810407137,0,True,0.4006849315068493,0.6221461187214612,0.9509132420091324,0.3698630136986301,True,0.4634703196347032,8.347602739726028,12.961377473363777,23.77283105022831,6.164383561643835,7.724505327245054,59,HIGH
Z433,1194.099920523283,44.55817,106.68683999999999,283.0,0.0,0,True,0.4006849315068493,0.6221461187214612,0.908675799086758,0.9600456621004566,True,0.4634703196347032,8.347602739726028,12.961377473363777,22.71689497716895,16.00076103500761,7.724505327245054,68,HIGH
Z434,1194.099920523283,44.55817,106.68683999999999,285.0,2.5397161746466046,0,True,0.4006849315068493,0.6221461187214612,0.8573059360730594,0.1632420091324201,True,0.4634703196347032,8.347602739726028,12.961377473363777,21.432648401826484,2.720700152207002,7.724505327245054,53,MODERATE
Z435,1194.099920523283,44.55817,106.68683999999999,291.0,1.136347105590608,0,True,0.4006849315068493,0.6221461187214612,0.7203196347031964,0.6643835616438356,False,0.4634703196347032,8.347602739726028,12.961377473363777,18.00799086757991,11.073059360730594,7.724505327245054,58,HIGH
Z436,1194.099920523283,44.55817,106.68683999999999,292.0,2.539520020526714,0,True,0.4006849315068493,0.6221461187214612,0.6974885844748858,0.2054794520547945,False,0.4634703196347032,8.347602739726028,12.961377473363777,17.437214611872147,3.4246575342465753,7.724505327245054,50,MODERATE
Z437,1194.099920523283,44.55817,106.68683999999999,287.0,0.8035325853473997,0,True,0.4006849315068493,0.6221461187214612,0.821917808219178,0.8710045662100456,True,0.4634703196347032,8.347602739726028,12.961377473363777,20.54794520547945,14.516742770167427,7.724505327245054,64,HIGH
Z438,1195.6191144235,48.440636,96.881272,290.0,1.7964213810407137,0,True,0.730593607305936,0.02054794520547945,0.7442922374429224,0.3698630136986301,True,0.4634703196347032,15.220700152207002,0.42808219178082196,18.60730593607306,6.164383561643835,7.724505327245054,48,MODERATE
Z439,1195.6191144235,48.440636,96.881272,288.0,1.7963172523867896,0,True,0.730593607305936,0.02054794520547945,0.7990867579908676,0.4668949771689498,True,0.4634703196347032,15.220700152207002,0.42808219178082196,19.97716894977169,7.78158295281583,7.724505327245054,51,MODERATE
Z440,1195.6191144235,48.440636,96.881272,289.0,2.2718009544716,0,True,0.730593607305936,0.02054794520547945,0.771689497716895,0.2865296803652968,True,0.4634703196347032,15.220700152207002,0.42808219178082196,19.292237442922374,4.775494672754947,7.724505327245054,47,MODERATE
Z460,1195.6191144235,48.440636,96.881272,277.0,3.3095999178145146,0,True,0.730593607305936,0.02054794520547945,0.9748858447488584,0.08105022831050228,True,0.4634703196347032,15.220700152207002,0.42808219178082196,24.37214611872146,1.3508371385083715,7.724505327245054,49,MODERATE
Z461,1195.6191144235,48.440636,96.881272,290.0,0.8036102593253973,0,True,0.730593607305936,0.02054794520547945,0.7442922374429224,0.7796803652968036,True,0.4634703196347032,15.220700152207002,0.42808219178082196,18.60730593607306,12.994672754946729,7.724505327245054,55,MODERATE
