{"type": "FeatureCollection", "name": "risk_scores", "crs": {"type": "name", "properties": {"name": "urn:ogc:def:crs:OGC:1.3:CRS84"}}, "features": [{"type": "Feature", "properties": {"zone_id": "Z156", "rainfall_mm": 1052.636185937, "max_daily_rainfall_mm": 36.789238, "max_3day_rainfall_mm": 98.898073, "elevation_m": 298.0, "slope_deg": 1.136347105590608, "historical_event_count": 0, "historical_data_available": true, "max_daily_rainfall_factor": 0.03538812785388128, "max_3day_rainfall_factor": 0.2454337899543379, "low_elevation_factor": 0.5570776255707762, "low_slope_factor": 0.6643835616438356, "low_lying": false, "historical_factor": 0.4634703196347032, "max_daily_rainfall_contribution": 0.7372526636225267, "max_3day_rainfall_contribution": 5.11320395738204, "low_elevation_contribution": 13.926940639269406, "low_slope_contribution": 11.073059360730594, "historical_contribution": 7.724505327245054, "risk_score": 39, "risk_class": "MODERATE"}, "geometry": {"type": "Polygon", "coordinates": [[[79.00952896645207, 21.05690643670759], [79.00962074915626, 21.050005394728704], [79.0, 21.05], [79.00000035635173, 21.056794478187022], [79.00952896645207, 21.05690643670759]]]}}, {"type": "Feature", "properties": {"zone_id": "Z002", "rainfall_mm": 1052.636185937, "max_daily_rainfall_mm": 36.789238, "max_3day_rainfall_mm": 98.898073, "elevation_m": 299.0, "slope_deg": 1.7964213810407137, "historical_event_count": 0, "historical_data_available": true, "max_daily_rainfall_factor": 0.03538812785388128, "max_3day_rainfall_factor": 0.2454337899543379, "low_elevation_factor": 0.5445205479452054, "low_slope_factor": 0.3698630136986301, "low_lying": false, "historical_factor": 0.4634703196347032, "max_daily_rainfall_contribution": 0.7372526636225267, "max_3day_rainfall_contribution": 5.11320395738204, "low_elevation_contribution": 13.613013698630136, "low_slope_contribution": 6.164383561643835, "historical_contribution": 7.724505327245054, "risk_score": 33, "risk_class": "MODERATE"}, "geometry": {"type": "Polygon", "coordinates": [[[79.00940881130565, 21.06593654003273], [79.00952896645207, 21.05690643670759], [79.00000035635173, 21.056794478187022], [79.00000078677981, 21.06582595657587], [79.00940881130565, 21.06593654003273]]]}}, {"type": "Feature", "properties": {"zone_id": "Z003", "rainfall_mm": 1052.636185937, "max_daily_rainfall_mm": 36.789238, "max_3day_rainfall_mm": 98.898073, "elevation_m": 310.0, "slope_deg": 1.7964213810407137, "historical_event_count": 0, "historical_data_available": true, "max_daily_rainfall_factor": 0.03538812785388128, "max_3day_rainfall_factor": 0.2454337899543379, "low_elevation_factor": 0.3276255707762557, "low_slope_factor": 0.3698630136986301, "low_lying": false, "historical_factor": 0.4634703196347032, "max_daily_rainfall_contribution": 0.7372526636225267, "max_3day_rainfall_contribution": 5.11320395738204, "low_elevation_contribution": 8.190639269406393, "low_slope_contribution": 6.164383561643835, "historical_contribution": 7.724505327245054, "risk_score": 28, "risk_class": "LOW"}, "geometry": {"type": "Polygon", "coordinates": [[[79.00928859247544, 21.074966633107632], [79.00940881130565, 21.06593654003273], [79.00000078677981, 21.06582595657587], [79.00000116784067, 21.074857425959515], [79.00928859247544, 21.074966633107632]]]}}, {"type": "Feature", "properties": {"zone_id": "Z004", "rainfall_mm": 1052.636185937, "max_daily_rainfall_mm": 36.789238, "max_3day_rainfall_mm": 98.898073, "elevation_m": 347.0, "slope_deg": 10.060828604242646, "historical_event_count": 0, "historical_data_available": true, "max_daily_rainfall_factor": 0.03538812785388128, "max_3day_rainfall_factor": 0.2454337899543379, "low_elevation_factor": 0.03881278538812785, "low_slope_factor": 0.00228310502283105, "low_lying": false, "historical_factor": 0.4634703196347032, "max_daily_rainfall_contribution": 0.7372526636225267, "max_3day_rainfall_contribution": 5.11320395738204, "low_elevation_contribution": 0.9703196347031963, "low_slope_contribution": 0.0380517503805175, "historical_contribution": 7.724505327245054, "risk_score": 15, "risk_class": "LOW"}, "geometry": {"type": "Polygon", "coordinates": [[[79.00916830994404, 21.083996715928578], [79.00928859247544, 21.074966633107632], [79.00000116784067, 21.074857425959515], [79.00000149952848, 21.083888886334336], [79.00916830994404, 21.083996715928578]]]}}, {"type": "Feature", "properties": {"zone_id": "Z005", "rainfall_mm": 1052.636185937, "max_daily_rainfall_mm": 36.789238, "max_3day_rainfall_mm": 98.898073, "elevation_m": 325.0, "slope_deg": 1.7963172523867896, "historical_event_count": 0, "historical_data_available": true, "max_daily_rainfall_factor": 0.03538812785388128, "max_3day_rainfall_factor": 0.2454337899543379, "low_elevation_factor": 0.136986301369863, "low_slope_factor": 0.4668949771689498, "low_lying": false, "historical_factor": 0.4634703196347032, "max_daily_rainfall_contribution": 0.7372526636225267, "max_3day_rainfall_contribution": 5.11320395738204, "low_elevation_contribution": 3.4246575342465753, "low_slope_contribution": 7.78158295281583, "historical_contribution": 7.724505327245054, "risk_score": 25, "risk_class": "LOW"}, "geometry": {"type": "Polygon", "coordinates": [[[79.00904796369407, 21.093026788491844], [79.00916830994404, 21.083996715928578], [79.00000149952848, 21.083888886334336], [79.00000178183735, 21.092920337696743], [79.00904796369407, 21.093026788491844]]]}}, {"type": "Feature", "properties": {"zone_id": "Z006", "rainfall_mm": 1052.636185937, "max_daily_rainfall_mm": 36.789238, "max_3day_rainfall_mm": 98.898073, "elevation_m": 340.0, "slope_deg": 1.136347105590608, "historical_event_count": 0, "historical_data_available": true, "max_daily_rainfall_factor": 0.03538812785388128, "max_3day_rainfall_factor": 0.2454337899543379, "low_elevation_factor": 0.07534246575342465, "low_slope_factor": 0.6643835616438356, "low_lying": false, "historical_factor": 0.4634703196347032, "max_daily_rainfall_contribution": 0.7372526636225267, "max_3day_rainfall_contribution": 5.11320395738204, "low_elevation_contribution": 1.8835616438356164, "low_slope_contribution": 11.073059360730594, "historical_contribution": 7.724505327245054, "risk_score": 27, "risk_class": "LOW"}, "geometry": {"type": "Polygon", "coordinates": [[[79.00892755370806, 21.10205685079372], [79.00904796369407, 21.093026788491844], [79.00000178183735, 21.092920337696743], [79.00000201476139, 21.10195178004312], [79.00892755370806, 21.10205685079372]]]}}, {"type": "Feature", "properties": {"zone_id": "Z007", "rainfall_mm": 1114.724262765, "max_daily_rainfall_mm": 44.927498, "max_3day_rainfall_mm": 97.00333699999999, "elevation_m": 336.0, "slope_deg": 5.374895598701835, "historical_event_count": 0, "historical_data_available": true, "max_daily_rainfall_factor": 0.4634703196347032, "max_3day_rainfall_factor": 0.0684931506849315, "low_elevation_factor": 0.0867579908675799, "low_slope_factor": 0.01598173515981735, "low_lying": false, "historical_factor": 0.4634703196347032, "max_daily_rainfall_contribution": 9.655631659056318, "max_3day_rainfall_contribution": 1.4269406392694064, "low_elevation_contribution": 2.1689497716894977, "low_slope_contribution": 0.2663622526636225, "historical_contribution": 7.724505327245054, "risk_score": 21, "risk_class": "LOW"}, "geometry": {"type": "Polygon", "coordinates": [[[79.00880707996859, 21.1110869028305], [79.00892755370806, 21.10205685079372], [79.00000201476139, 21.10195178004312], [79.00000219829474, 21.110983213369874], [79.00880707996859, 21.1110869028305]]]}}, {"type": "Feature", "properties": {"zone_id": "Z008", "rainfall_mm": 1114.724262765, "max_daily_rainfall_mm": 44.927498, "max_3day_rainfall_mm": 97.00333699999999, "elevation_m": 324.0, "slope_deg": 1.6067492162846009, "historical_event_count": 0, "historical_data_available": true, "max_daily_rainfall_factor": 0.4634703196347032, "max_3day_rainfall_factor": 0.0684931506849315, "low_elevation_factor": 0.1506849315068493, "low_slope_factor": 0.571917808219178, "low_lying": false, "historical_factor": 0.4634703196347032, "max_daily_rainfall_contribution": 9.655631659056318, "max_3day_rainfall_contribution": 1.4269406392694064, "low_elevation_contribution": 3.767123287671233, "low_slope_contribution": 9.531963470319635, "historical_contribution": 7.724505327245054, "risk_score": 32, "risk_class": "MODERATE"}, "geometry": {"type": "Polygon", "coordinates": [[[79.00868654245824, 21.120116944598465], [79.00880707996859, 21.1110869028305], [79.00000219829474, 21.110983213369874], [79.00000233243148, 21.120014637673396], [79.00868654245824, 21.120116944598465]]]}}, {"type": "Feature", "properties": {"zone_id": "Z009", "rainfall_mm": 1114.724262765, "max_daily_rainfall_mm": 44.927498, "max_3day_rainfall_mm": 97.00333699999999, "elevation_m": 336.0, "slope_deg": 2.409334683179326, "historical_event_count": 0, "historical_data_available": true, "max_daily_rainfall_factor": 0.4634703196347032, "max_3day_rainfall_factor": 0.0684931506849315, "low_elevation_factor": 0.0867579908675799, "low_slope_factor": 0.24885844748858446, "low_lying": false, "historical_factor": 0.4634703196347032, "max_daily_rainfall_contribution": 9.655631659056318, "max_3day_rainfall_contribution": 1.4269406392694064, "low_elevation_contribution": 2.1689497716894977, "low_slope_contribution": 4.147640791476408, "historical_contribution": 7.724505327245054, "risk_score": 25, "risk_class": "LOW"}, "geometry": {"type": "Polygon", "coordinates": [[[79.0085659411595, 21.129146976093907], [79.00868654245824, 21.120116944598465], [79.00000233243148, 21.120014637673396], [79.0000024171657, 21.12904605295009], [79.0085659411595, 21.129146976093907]]]}}, {"type": "Feature", "properties": {"zone_id": "Z010", "rainfall_mm": 1114.724262765, "max_daily_rainfall_mm": 44.927498, "max_3day_rainfall_mm": 97.00333699999999, "elevation_m": 346.0, "slope_deg": 1.6067492162846009, "historical_event_count": 0, "historical_data_available": true, "max_daily_rainfall_factor": 0.4634703196347032, "max_3day_rainfall_factor": 0.0684931506849315, "low_elevation_factor": 0.04794520547945205, "low_slope_factor": 0.571917808219178, "low_lying": false, "historical_factor": 0.4634703196347032, "max_daily_rainfall_contribution": 9.655631659056318, "max_3day_rainfall_contribution": 1.4269406392694064, "low_elevation_contribution": 1.1986301369863013, "low_slope_contribution": 9.531963470319635, "historical_contribution": 7.724505327245054, "risk_score": 30, "risk_class": "LOW"}, "geometry": {"type": "Polygon", "coordinates": [[[79.00844527605497, 21.13817699731312], [79.0085659411595, 21.129146976093907], [79.0000024171657, 21.12904605295009], [79.00000245249151, 21.138077459196364], [79.00844527605497, 21.13817699731312]]]}}, {"type": "Feature", "properties": {"zone_id": "Z011", "rainfall_mm": 1114.724262765, "max_daily_rainfall_mm": 44.927498, "max_3day_rainfall_mm": 97.00333699999999, "elevation_m": 347.0, "slope_deg": 1.6069044726299722, "historical_event_count": 0, "historical_data_available": true, "max_daily_rainfall_factor": 0.4634703196347032, "max_3day_rainfall_factor": 0.0684931506849315, "low_elevation_factor": 0.03881278538812785, "low_slope_factor": 0.5273972602739726, "low_lying": false, "historical_factor": 0.4634703196347032, "max_daily_rainfall_contribution": 9.655631659056318, "max_3day_rainfall_contribution": 1.4269406392694064, "low_elevation_contribution": 0.9703196347031963, "low_slope_contribution": 8.789954337899545, "historical_contribution": 7.724505327245054, "risk_score": 29, "risk_class": "LOW"}, "geometry": {"type": "Polygon", "coordinates": [[[79.00832454712713, 21.14720700825239], [79.00844527605497, 21.13817699731312], [79.00000245249151, 21.138077459196364], [79.00000243840299, 21.1471088564086], [79.00832454712713, 21.14720700825239]]]}}, {"type": "Feature", "properties": {"zone_id": "Z012", "rainfall_mm": 1147.4016432002, "max_daily_rainfall_mm": 42.18702, "max_3day_rainfall_mm": 98.436382, "elevation_m": 346.0, "slope_deg": 1.6069044726299722, "historical_event_count": 0, "historical_data_available": true, "max_daily_rainfall_factor": 0.16095890410958905, "max_3day_rainfall_factor": 0.1769406392694064, "low_elevation_factor": 0.04794520547945205, "low_slope_factor": 0.5273972602739726, "low_lying": false, "historical_factor": 0.4634703196347032, "max_daily_rainfall_contribution": 3.3533105022831053, "max_3day_rainfall_contribution": 3.686263318112634, "low_elevation_contribution": 1.1986301369863013, "low_slope_contribution": 8.789954337899545, "historical_contribution": 7.724505327245054, "risk_score": 25, "risk_class": "LOW"}, "geometry": {"type": "Polygon", "coordinates": [[[79.0082037543585, 21.156237008908008], [79.00832454712713, 21.14720700825239], [79.00000243840299, 21.1471088564086], [79.00000237489418, 21.156140244583217], [79.0082037543585, 21.156237008908008]]]}}, {"type": "Feature", "properties": {"zone_id": "Z013", "rainfall_mm": 1147.4016432002, "max_daily_rainfall_mm": 42.18702, "max_3day_rainfall_mm": 98.436382, "elevation_m": 363.0, "slope_deg": 0.8035325853473997, "historical_event_count": 0, "historical_data_available": true, "max_daily_rainfall_factor": 0.16095890410958905, "max_3day_rainfall_factor": 0.1769406392694064, "low_elevation_factor": 0.00228310502283105, "low_slope_factor": 0.8710045662100456, "low_lying": false, "historical_factor": 0.4634703196347032, "max_daily_rainfall_contribution": 3.3533105022831053, "max_3day_rainfall_contribution": 3.686263318112634, "low_elevation_contribution": 0.05707762557077625, "low_slope_contribution": 14.516742770167427, "historical_contribution": 7.724505327245054, "risk_score": 29, "risk_class": "LOW"}, "geometry": {"type": "Polygon", "coordinates": [[[79.00808289773158, 21.16526699927627], [79.0082037543585, 21.156237008908008], [79.00000237489418, 21.156140244583217], [79.00000226195918, 21.165171623716606], [79.00808289773158, 21.16526699927627]]]}}, {"type": "Feature", "properties": {"zone_id": "Z014", "rainfall_mm": 1147.4016432002, "max_daily_rainfall_mm": 42.18702, "max_3day_rainfall_mm": 98.436382, "elevation_m": 351.0, "slope_deg": 0.8036102593253973, "historical_event_count": 0, "historical_data_available": true, "max_daily_rainfall_factor": 0.16095890410958905, "max_3day_rainfall_factor": 0.1769406392694064, "low_elevation_factor": 0.0182648401826484, "low_slope_factor": 0.7796803652968036, "low_lying": false, "historical_factor": 0.4634703196347032, "max_daily_rainfall_contribution": 3.3533105022831053, "max_3day_rainfall_contribution": 3.686263318112634, "low_elevation_contribution": 0.45662100456621, "low_slope_contribution": 12.994672754946729, "historical_contribution": 7.724505327245054, "risk_score": 28, "risk_class": "LOW"}, "geometry": {"type": "Polygon", "coordinates": [[[79.00796197722883, 21.17429697935347], [79.00808289773158, 21.16526699927627], [79.00000226195918, 21.165171623716606], [79.00000209959204, 21.174202993805178], [79.00796197722883, 21.17429697935347]]]}}, {"type": "Feature", "properties": {"zone_id": "Z015", "rainfall_mm": 1147.4016432002, "max_daily_rainfall_mm": 42.18702, "max_3day_rainfall_mm": 98.436382, "elevation_m": 351.0, "slope_deg": 1.136347105590608, "historical_event_count": 0, "historical_data_available": true, "max_daily_rainfall_factor": 0.16095890410958905, "max_3day_rainfall_factor": 0.1769406392694064, "low_elevation_factor": 0.0182648401826484, "low_slope_factor": 0.6643835616438356, "low_lying": false, "historical_factor": 0.4634703196347032, "max_daily_rainfall_contribution": 3.3533105022831053, "max_3day_rainfall_contribution": 3.686263318112634, "low_elevation_contribution": 0.45662100456621, "low_slope_contribution": 11.073059360730594, "historical_contribution": 7.724505327245054, "risk_score": 26, "risk_class": "LOW"}, "geometry": {"type": "Polygon", "coordinates": [[[79.00784099283275, 21.183326949135893], [79.00796197722883, 21.17429697935347], [79.00000209959204, 21.174202993805178], [79.0000018877868, 21.183234354845336], [79.00784099283275, 21.183326949135893]]]}}, {"type": "Feature", "properties": {"zone_id": "Z016", "rainfall_mm": 1147.4016432002, "max_daily_rainfall_mm": 42.18702, "max_3day_rainfall_mm": 98.436382, "elevation_m": 355.0, "slope_deg": 0.0, "historical_event_count": 0, "historical_data_available": true, "max_daily_rainfall_factor": 0.16095890410958905, "max_3day_rainfall_factor": 0.1769406392694064, "low_elevation_factor": 0.007990867579908675, "low_slope_factor": 0.9600456621004566, "low_lying": false, "historical_factor": 0.4634703196347032, "max_daily_rainfall_contribution": 3.3533105022831053, "max_3day_rainfall_contribution": 3.686263318112634, "low_elevation_contribution": 0.1997716894977169, "low_slope_contribution": 16.00076103500761, "historical_contribution": 7.724505327245054, "risk_score": 31, "risk_class": "MODERATE"}, "geometry": {"type": "Polygon", "coordinates": [[[79.0077199445258, 21.19235690861985], [79.00784099283275, 21.183326949135893], [79.0000018877868, 21.183234354845336], [79.00000162653751, 21.192265706833492], [79.0077199445258, 21.19235690861985]]]}}, {"type": "Feature", "properties": {"zone_id": "Z017", "rainfall_mm": 1147.4016432002, "max_daily_rainfall_mm": 42.18702, "max_3day_rainfall_mm": 98.436382, "elevation_m": 346.0, "slope_deg": 1.7964213810407137, "historical_event_count": 0, "historical_data_available": true, "max_daily_rainfall_factor": 0.16095890410958905, "max_3day_rainfall_factor": 0.1769406392694064, "low_elevation_factor": 0.04794520547945205, "low_slope_factor": 0.3698630136986301, "low_lying": false, "historical_factor": 0.4634703196347032, "max_daily_rainfall_contribution": 3.3533105022831053, "max_3day_rainfall_contribution": 3.686263318112634, "low_elevation_contribution": 1.1986301369863013, "low_slope_contribution": 6.164383561643835, "historical_contribution": 7.724505327245054, "risk_score": 22, "risk_class": "LOW"}, "geometry": {"type": "Polygon", "coordinates": [[[79.00759883229041, 21.201386857801623], [79.0077199445258, 21.19235690861985], [79.00000162653751, 21.192265706833492], [79.0000013158382, 21.20129704976605], [79.00759883229041, 21.201386857801623]]]}}, {"type": "Feature", "properties": {"zone_id": "Z018", "rainfall_mm": 1163.802276781, "max_daily_rainfall_mm": 43.720043, "max_3day_rainfall_mm": 97.90064600000001, "elevation_m": 343.0, "slope_deg": 0.8035325853473997, "historical_event_count": 0, "historical_data_available": true, "max_daily_rainfall_factor": 0.2819634703196347, "max_3day_rainfall_factor": 0.11986301369863013, "low_elevation_factor": 0.06735159817351598, "low_slope_factor": 0.8710045662100456, "low_lying": false, "historical_factor": 0.4634703196347032, "max_daily_rainfall_contribution": 5.87423896499239, "max_3day_rainfall_contribution": 2.4971461187214614, "low_elevation_contribution": 1.6837899543378994, "low_slope_contribution": 14.516742770167427, "historical_contribution": 7.724505327245054, "risk_score": 32, "risk_class": "MODERATE"}, "geometry": {"type": "Polygon", "coordinates": [[[79.00747765610903, 21.21041679667751], [79.00759883229041, 21.201386857801623], [79.0000013158382, 21.20129704976605], [79.00000095568292, 21.21032838363941], [79.00747765610903, 21.21041679667751]]]}}, {"type": "Feature", "properties": {"zone_id": "Z019", "rainfall_mm": 1163.802276781, "max_daily_rainfall_mm": 43.720043, "max_3day_rainfall_mm": 97.90064600000001, "elevation_m": 334.0, "slope_deg": 0.0, "historical_event_count": 0, "historical_data_available": true, "max_daily_rainfall_factor": 0.2819634703196347, "max_3day_rainfall_factor": 0.11986301369863013, "low_elevation_factor": 0.09931506849315068, "low_slope_factor": 0.9600456621004566, "low_lying": false, "historical_factor": 0.4634703196347032, "max_daily_rainfall_contribution": 5.87423896499239, "max_3day_rainfall_contribution": 2.4971461187214614, "low_elevation_contribution": 2.482876712328767, "low_slope_contribution": 16.00076103500761, "historical_contribution": 7.724505327245054, "risk_score": 35, "risk_class": "MODERATE"}, "geometry": {"type": "Polygon", "coordinates": [[[79.00735641596411, 21.21944672524381], [79.00747765610903, 21.21041679667751], [79.00000095568292, 21.21032838363941], [79.00000054606565, 21.219359708449986], [79.00735641596411, 21.21944672524381]]]}}, {"type": "Feature", "properties": {"zone_id": "Z020", "rainfall_mm": 1163.802276781, "max_daily_rainfall_mm": 43.720043, "max_3day_rainfall_mm": 97.90064600000001, "elevation_m": 325.0, "slope_deg": 3.3095999178145146, "historical_event_count": 0, "historical_data_available": true, "max_daily_rainfall_factor": 0.2819634703196347, "max_3day_rainfall_factor": 0.11986301369863013, "low_elevation_factor": 0.136986301369863, "low_slope_factor": 0.08105022831050228, "low_lying": false, "historical_factor": 0.4634703196347032, "max_daily_rainfall_contribution": 5.87423896499239, "max_3day_rainfall_contribution": 2.4971461187214614, "low_elevation_contribution": 3.4246575342465753, "low_slope_contribution": 1.3508371385083715, "historical_contribution": 7.724505327245054, "risk_score": 21, "risk_class": "LOW"}, "geometry": {"type": "Polygon", "coordinates": [[[79.00723511183803, 21.228476643496826], [79.00735641596411, 21.21944672524381], [79.00000054606565, 21.219359708449986], [79.00000008698045, 21.228391024194202], [79.00723511183803, 21.228476643496826]]]}}, {"type": "Feature", "properties": {"zone_id": "Z021", "rainfall_mm": 1163.802276781, "max_daily_rainfall_mm": 43.720043, "max_3day_rainfall_mm": 97.90064600000001, "elevation_m": 325.0, "slope_deg": 2.2718009544716, "historical_event_count": 0, "historical_data_available": true, "max_daily_rainfall_factor": 0.2819634703196347, "max_3day_rainfall_factor": 0.11986301369863013, "low_elevation_factor": 0.136986301369863, "low_slope_factor": 0.2865296803652968, "low_lying": false, "historical_factor": 0.4634703196347032, "max_daily_rainfall_contribution": 5.87423896499239, "max_3day_rainfall_contribution": 2.4971461187214614, "low_elevation_contribution": 3.4246575342465753, "low_slope_contribution": 4.775494672754947, "historical_contribution": 7.724505327245054, "risk_score": 24, "risk_class": "LOW"}, "geometry": {"type": "Polygon", "coordinates": [[[79.00723511183803, 21.228476643496826], [79.00000008698045, 21.228391024194202], [79.0, 21.23], [79.0072145859522, 21.230004124968538], [79.00723511183803, 21.228476643496826]]]}}, {"type": "Feature", "properties": {"zone_id": "Z022", "rainfall_mm": 1052.636185937, "max_daily_rainfall_mm": 36.789238, "max_3day_rainfall_mm": 98.898073, "elevation_m": 297.0, "slope_deg": 1.7964213810407137, "historical_event_count": 0, "historical_data_available": true, "max_daily_rainfall_factor": 0.03538812785388128, "max_3day_rainfall_factor": 0.2454337899543379, "low_elevation_factor": 0.5787671232876712, "low_slope_factor": 0.3698630136986301, "low_lying": false, "historical_factor": 0.4634703196347032, "max_daily_rainfall_contribution": 0.7372526636225267, "max_3day_rainfall_contribution": 5.11320395738204, "low_elevation_contribution": 14.46917808219178, "low_slope_contribution": 6.164383561643835, "historical_contribution": 7.724505327245054, "risk_score": 34, "risk_class": "MODERATE"}, "geometry": {"type": "Polygon", "coordinates": [[[79.00952896645207, 21.05690643670759], [79.019148784487, 21.05701892456047], [79.0192415481496, 21.05001024422268], [79.00962074915626, 21.050005394728704], [79.00952896645207, 21.05690643670759]]]}}, {"type": "Feature", "properties": {"zone_id": "Z023", "rainfall_mm": 1052.636185937, "max_daily_rainfall_mm": 36.789238, "max_3day_rainfall_mm": 98.898073, "elevation_m": 300.6328125, "slope_deg": 2.3775579516470797, "historical_event_count": 0, "historical_data_available": true, "max_daily_rainfall_factor": 0.03538812785388128, "max_3day_rainfall_factor": 0.2454337899543379, "low_elevation_factor": 0.5091324200913242, "low_slope_factor": 0.2557077625570776, "low_lying": false, "historical_factor": 0.4634703196347032, "max_daily_rainfall_contribution": 0.7372526636225267, "max_3day_rainfall_contribution": 5.11320395738204, "low_elevation_contribution": 12.728310502283104, "low_slope_contribution": 4.26179604261796, "historical_contribution": 7.724505327245054, "risk_score": 31, "risk_class": "MODERATE"}, "geometry": {"type": "Polygon", "coordinates": [[[79.00952896645207, 21.05690643670759], [79.00940881130565, 21.06593654003273], [79.0190292091146, 21.06604908060301], [79.019148784487, 21.05701892456047], [79.00952896645207, 21.05690643670759]]]}}, {"type": "Feature", "properties": {"zone_id": "Z024", "rainfall_mm": 1052.636185937, "max_daily_rainfall_mm": 36.789238, "max_3day_rainfall_mm": 98.898073, "elevation_m": 311.0, "slope_deg": 2.895095406089006, "historical_event_count": 0, "historical_data_available": true, "max_daily_rainfall_factor": 0.03538812785388128, "max_3day_rainfall_factor": 0.2454337899543379, "low_elevation_factor": 0.3093607305936073, "low_slope_factor": 0.1095890410958904, "low_lying": false, "historical_factor": 0.4634703196347032, "max_daily_rainfall_contribution": 0.7372526636225267, "max_3day_rainfall_contribution": 5.11320395738204, "low_elevation_contribution": 7.7340182648401825, "low_slope_contribution": 1.8264840182648403, "historical_contribution": 7.724505327245054, "risk_score": 23, "risk_class": "LOW"}, "geometry": {"type": "Polygon", "coordinates": [[[79.00940881130565, 21.06593654003273], [79.00928859247544, 21.074966633107632], [79.01890957036555, 21.075079226401463], [79.0190292091146, 21.06604908060301], [79.00940881130565, 21.06593654003273]]]}}, {"type": "Feature", "properties": {"zone_id": "Z025", "rainfall_mm": 1052.636185937, "max_daily_rainfall_mm": 36.789238, "max_3day_rainfall_mm": 98.898073, "elevation_m": 321.0, "slope_deg": 2.539520020526714, "historical_event_count": 0, "historical_data_available": true, "max_daily_rainfall_factor": 0.03538812785388128, "max_3day_rainfall_factor": 0.2454337899543379, "low_elevation_factor": 0.18493150684931506, "low_slope_factor": 0.2054794520547945, "low_lying": false, "historical_factor": 0.4634703196347032, "max_daily_rainfall_contribution": 0.7372526636225267, "max_3day_rainfall_contribution": 5.11320395738204, "low_elevation_contribution": 4.623287671232877, "low_slope_contribution": 3.4246575342465753, "historical_contribution": 7.724505327245054, "risk_score": 22, "risk_class": "LOW"}, "geometry": {"type": "Polygon", "coordinates": [[[79.00928859247544, 21.074966633107632], [79.00916830994404, 21.083996715928578], [79.01878986822248, 21.084109361952116], [79.01890957036555, 21.075079226401463], [79.00928859247544, 21.074966633107632]]]}}, {"type": "Feature", "properties": {"zone_id": "Z026", "rainfall_mm": 1052.636185937, "max_daily_rainfall_mm": 36.789238, "max_3day_rainfall_mm": 98.898073, "elevation_m": 324.0, "slope_deg": 1.6067492162846009, "historical_event_count": 0, "historical_data_available": true, "max_daily_rainfall_factor": 0.03538812785388128, "max_3day_rainfall_factor": 0.2454337899543379, "low_elevation_factor": 0.1506849315068493, "low_slope_factor": 0.571917808219178, "low_lying": false, "historical_factor": 0.4634703196347032, "max_daily_rainfall_contribution": 0.7372526636225267, "max_3day_rainfall_contribution": 5.11320395738204, "low_elevation_contribution": 3.767123287671233, "low_slope_contribution": 9.531963470319635, "historical_contribution": 7.724505327245054, "risk_score": 27, "risk_class": "LOW"}, "geometry": {"type": "Polygon", "coordinates": [[[79.00916830994404, 21.083996715928578], [79.00904796369407, 21.093026788491844], [79.01867010266812, 21.093139487251253], [79.01878986822248, 21.084109361952116], [79.00916830994404, 21.083996715928578]]]}}, {"type": "Feature", "properties": {"zone_id": "Z027", "rainfall_mm": 1052.636185937, "max_daily_rainfall_mm": 36.789238, "max_3day_rainfall_mm": 98.898073, "elevation_m": 334.0, "slope_deg": 1.7963172523867896, "historical_event_count": 0, "historical_data_available": true, "max_daily_rainfall_factor": 0.03538812785388128, "max_3day_rainfall_factor": 0.2454337899543379, "low_elevation_factor": 0.09931506849315068, "low_slope_factor": 0.4668949771689498, "low_lying": false, "historical_factor": 0.4634703196347032, "max_daily_rainfall_contribution": 0.7372526636225267, "max_3day_rainfall_contribution": 5.11320395738204, "low_elevation_contribution": 2.482876712328767, "low_slope_contribution": 7.78158295281583, "historical_contribution": 7.724505327245054, "risk_score": 24, "risk_class": "LOW"}, "geometry": {"type": "Polygon", "coordinates": [[[79.00904796369407, 21.093026788491844], [79.00892755370806, 21.10205685079372], [79.01855027368512, 21.102169602295163], [79.01867010266812, 21.093139487251253], [79.00904796369407, 21.093026788491844]]]}}, {"type": "Feature", "properties": {"zone_id": "Z028", "rainfall_mm": 1114.724262765, "max_daily_rainfall_mm": 44.927498, "max_3day_rainfall_mm": 97.00333699999999, "elevation_m": 325.0, "slope_deg": 0.8036102593253973, "historical_event_count": 0, "historical_data_available": true, "max_daily_rainfall_factor": 0.4634703196347032, "max_3day_rainfall_factor": 0.0684931506849315, "low_elevation_factor": 0.136986301369863, "low_slope_factor": 0.7796803652968036, "low_lying": false, "historical_factor": 0.4634703196347032, "max_daily_rainfall_contribution": 9.655631659056318, "max_3day_rainfall_contribution": 1.4269406392694064, "low_elevation_contribution": 3.4246575342465753, "low_slope_contribution": 12.994672754946729, "historical_contribution": 7.724505327245054, "risk_score": 35, "risk_class": "MODERATE"}, "geometry": {"type": "Polygon", "coordinates": [[[79.00892755370806, 21.10205685079372], [79.00880707996859, 21.1110869028305], [79.01843038125611, 21.111199707080157], [79.01855027368512, 21.102169602295163], [79.00892755370806, 21.10205685079372]]]}}, {"type": "Feature", "properties": {"zone_id": "Z029", "rainfall_mm": 1114.724262765, "max_daily_rainfall_mm": 44.927498, "max_3day_rainfall_mm": 97.00333699999999, "elevation_m": 329.0, "slope_deg": 0.8036102593253973, "historical_event_count": 0, "historical_data_available": true, "max_daily_rainfall_factor": 0.4634703196347032, "max_3day_rainfall_factor": 0.0684931506849315, "low_elevation_factor": 0.11757990867579908, "low_slope_factor": 0.7796803652968036, "low_lying": false, "historical_factor": 0.4634703196347032, "max_daily_rainfall_contribution": 9.655631659056318, "max_3day_rainfall_contribution": 1.4269406392694064, "low_elevation_contribution": 2.939497716894977, "low_slope_contribution": 12.994672754946729, "historical_contribution": 7.724505327245054, "risk_score": 35, "risk_class": "MODERATE"}, "geometry": {"type": "Polygon", "coordinates": [[[79.00880707996859, 21.1110869028305], [79.00868654245824, 21.120116944598465], [79.01831042536374, 21.12022980160251], [79.01843038125611, 21.111199707080157], [79.00880707996859, 21.1110869028305]]]}}, {"type": "Feature", "properties": {"zone_id": "Z030", "rainfall_mm": 1114.724262765, "max_daily_rainfall_mm": 44.927498, "max_3day_rainfall_mm": 97.00333699999999, "elevation_m": 333.0, "slope_deg": 2.895095406089006, "historical_event_count": 0, "historical_data_available": true, "max_daily_rainfall_factor": 0.4634703196347032, "max_3day_rainfall_factor": 0.0684931506849315, "low_elevation_factor": 0.10844748858447488, "low_slope_factor": 0.1095890410958904, "low_lying": false, "historical_factor": 0.4634703196347032, "max_daily_rainfall_contribution": 9.655631659056318, "max_3day_rainfall_contribution": 1.4269406392694064, "low_elevation_contribution": 2.711187214611872, "low_slope_contribution": 1.8264840182648403, "historical_contribution": 7.724505327245054, "risk_score": 23, "risk_class": "LOW"}, "geometry": {"type": "Polygon", "coordinates": [[[79.00868654245824, 21.120116944598465], [79.0085659411595, 21.129146976093907], [79.01819040599064, 21.12925988585851], [79.01831042536374, 21.12022980160251], [79.00868654245824, 21.120116944598465]]]}}, {"type": "Feature", "properties": {"zone_id": "Z031", "rainfall_mm": 1114.724262765, "max_daily_rainfall_mm": 44.927498, "max_3day_rainfall_mm": 97.00333699999999, "elevation_m": 334.0, "slope_deg": 1.7964213810407137, "historical_event_count": 0, "historical_data_available": true, "max_daily_rainfall_factor": 0.4634703196347032, "max_3day_rainfall_factor": 0.0684931506849315, "low_elevation_factor": 0.09931506849315068, "low_slope_factor": 0.3698630136986301, "low_lying": false, "historical_factor": 0.4634703196347032, "max_daily_rainfall_contribution": 9.655631659056318, "max_3day_rainfall_contribution": 1.4269406392694064, "low_elevation_contribution": 2.482876712328767, "low_slope_contribution": 6.164383561643835, "historical_contribution": 7.724505327245054, "risk_score": 27, "risk_class": "LOW"}, "geometry": {"type": "Polygon", "coordinates": [[[79.0085659411595, 21.129146976093907], [79.00844527605497, 21.13817699731312], [79.01807032311943, 21.138289959844464], [79.01819040599064, 21.12925988585851], [79.0085659411595, 21.129146976093907]]]}}, {"type": "Feature", "properties": {"zone_id": "Z032", "rainfall_mm": 1114.724262765, "max_daily_rainfall_mm": 44.927498, "max_3day_rainfall_mm": 97.00333699999999, "elevation_m": 334.0, "slope_deg": 2.5397161746466046, "historical_event_count": 0, "historical_data_available": true, "max_daily_rainfall_factor": 0.4634703196347032, "max_3day_rainfall_factor": 0.0684931506849315, "low_elevation_factor": 0.09931506849315068, "low_slope_factor": 0.1632420091324201, "low_lying": false, "historical_factor": 0.4634703196347032, "max_daily_rainfall_contribution": 9.655631659056318, "max_3day_rainfall_contribution": 1.4269406392694064, "low_elevation_contribution": 2.482876712328767, "low_slope_contribution": 2.720700152207002, "historical_contribution": 7.724505327245054, "risk_score": 24, "risk_class": "LOW"}, "geometry": {"type": "Polygon", "coordinates": [[[79.00844527605497, 21.13817699731312], [79.00832454712713, 21.14720700825239], [79.0179501767327, 21.14732002355666], [79.01807032311943, 21.138289959844464], [79.00844527605497, 21.13817699731312]]]}}, {"type": "Feature", "properties": {"zone_id": "Z033", "rainfall_mm": 1147.4016432002, "max_daily_rainfall_mm": 42.18702, "max_3day_rainfall_mm": 98.436382, "elevation_m": 350.0, "slope_deg": 2.539520020526714, "historical_event_count": 0, "historical_data_available": true, "max_daily_rainfall_factor": 0.16095890410958905, "max_3day_rainfall_factor": 0.1769406392694064, "low_elevation_factor": 0.02511415525114155, "low_slope_factor": 0.2054794520547945, "low_lying": false, "historical_factor": 0.4634703196347032, "max_daily_rainfall_contribution": 3.3533105022831053, "max_3day_rainfall_contribution": 3.686263318112634, "low_elevation_contribution": 0.6278538812785388, "low_slope_contribution": 3.4246575342465753, "historical_contribution": 7.724505327245054, "risk_score": 19, "risk_class": "LOW"}, "geometry": {"type": "Polygon", "coordinates": [[[79.00832454712713, 21.14720700825239], [79.0082037543585, 21.156237008908008], [79.01782996681305, 21.156350076991394], [79.0179501767327, 21.14732002355666], [79.00832454712713, 21.14720700825239]]]}}, {"type": "Feature", "properties": {"zone_id": "Z034", "rainfall_mm": 1147.4016432002, "max_daily_rainfall_mm": 42.18702, "max_3day_rainfall_mm": 98.436382, "elevation_m": 348.0, "slope_deg": 0.8036102593253973, "historical_event_count": 0, "historical_data_available": true, "max_daily_rainfall_factor": 0.16095890410958905, "max_3day_rainfall_factor": 0.1769406392694064, "low_elevation_factor": 0.033105022831050226, "low_slope_factor": 0.7796803652968036, "low_lying": false, "historical_factor": 0.4634703196347032, "max_daily_rainfall_contribution": 3.3533105022831053, "max_3day_rainfall_contribution": 3.686263318112634, "low_elevation_contribution": 0.8276255707762556, "low_slope_contribution": 12.994672754946729, "historical_contribution": 7.724505327245054, "risk_score": 29, "risk_class": "LOW"}, "geometry": {"type": "Polygon", "coordinates": [[[79.0082037543585, 21.156237008908008], [79.00808289773158, 21.16526699927627], [79.01770969334306, 21.165380120144956], [79.01782996681305, 21.156350076991394], [79.0082037543585, 21.156237008908008]]]}}, {"type": "Feature", "properties": {"zone_id": "Z035", "rainfall_mm": 1147.4016432002, "max_daily_rainfall_mm": 42.18702, "max_3day_rainfall_mm": 98.436382, "elevation_m": 345.0, "slope_deg": 3.3095999178145146, "historical_event_count": 0, "historical_data_available": true, "max_daily_rainfall_factor": 0.16095890410958905, "max_3day_rainfall_factor": 0.1769406392694064, "low_elevation_factor": 0.05707762557077625, "low_slope_factor": 0.08105022831050228, "low_lying": false, "historical_factor": 0.4634703196347032, "max_daily_rainfall_contribution": 3.3533105022831053, "max_3day_rainfall_contribution": 3.686263318112634, "low_elevation_contribution": 1.4269406392694064, "low_slope_contribution": 1.3508371385083715, "historical_contribution": 7.724505327245054, "risk_score": 18, "risk_class": "LOW"}, "geometry": {"type": "Polygon", "coordinates": [[[79.00808289773158, 21.16526699927627], [79.00796197722883, 21.17429697935347], [79.01758935630532, 21.17441015301366], [79.01770969334306, 21.165380120144956], [79.00808289773158, 21.16526699927627]]]}}, {"type": "Feature", "properties": {"zone_id": "Z036", "rainfall_mm": 1147.4016432002, "max_daily_rainfall_mm": 42.18702, "max_3day_rainfall_mm": 98.436382, "elevation_m": 346.0, "slope_deg": 2.5397161746466046, "historical_event_count": 0, "historical_data_available": true, "max_daily_rainfall_factor": 0.16095890410958905, "max_3day_rainfall_factor": 0.1769406392694064, "low_elevation_factor": 0.04794520547945205, "low_slope_factor": 0.1632420091324201, "low_lying": false, "historical_factor": 0.4634703196347032, "max_daily_rainfall_contribution": 3.3533105022831053, "max_3day_rainfall_contribution": 3.686263318112634, "low_elevation_contribution": 1.1986301369863013, "low_slope_contribution": 2.720700152207002, "historical_contribution": 7.724505327245054, "risk_score": 19, "risk_class": "LOW"}, "geometry": {"type": "Polygon", "coordinates": [[[79.00796197722883, 21.17429697935347], [79.00784099283275, 21.183326949135893], [79.01746895568236, 21.183440175593784], [79.01758935630532, 21.17441015301366], [79.00796197722883, 21.17429697935347]]]}}, {"type": "Feature", "properties": {"zone_id": "Z037", "rainfall_mm": 1147.4016432002, "max_daily_rainfall_mm": 42.18702, "max_3day_rainfall_mm": 98.436382, "elevation_m": 355.0, "slope_deg": 2.5397161746466046, "historical_event_count": 0, "historical_data_available": true, "max_daily_rainfall_factor": 0.16095890410958905, "max_3day_rainfall_factor": 0.1769406392694064, "low_elevation_factor": 0.007990867579908675, "low_slope_factor": 0.1632420091324201, "low_lying": false, "historical_factor": 0.4634703196347032, "max_daily_rainfall_contribution": 3.3533105022831053, "max_3day_rainfall_contribution": 3.686263318112634, "low_elevation_contribution": 0.1997716894977169, "low_slope_contribution": 2.720700152207002, "historical_contribution": 7.724505327245054, "risk_score": 18, "risk_class": "LOW"}, "geometry": {"type": "Polygon", "coordinates": [[[79.00784099283275, 21.183326949135893], [79.0077199445258, 21.19235690861985], [79.01734849145672, 21.19247018788164], [79.01746895568236, 21.183440175593784], [79.00784099283275, 21.183326949135893]]]}}, {"type": "Feature", "properties": {"zone_id": "Z038", "rainfall_mm": 1147.4016432002, "max_daily_rainfall_mm": 42.18702, "max_3day_rainfall_mm": 98.436382, "elevation_m": 336.0, "slope_deg": 0.0, "historical_event_count": 0, "historical_data_available": true, "max_daily_rainfall_factor": 0.16095890410958905, "max_3day_rainfall_factor": 0.1769406392694064, "low_elevation_factor": 0.0867579908675799, "low_slope_factor": 0.9600456621004566, "low_lying": false, "historical_factor": 0.4634703196347032, "max_daily_rainfall_contribution": 3.3533105022831053, "max_3day_rainfall_contribution": 3.686263318112634, "low_elevation_contribution": 2.1689497716894977, "low_slope_contribution": 16.00076103500761, "historical_contribution": 7.724505327245054, "risk_score": 33, "risk_class": "MODERATE"}, "geometry": {"type": "Polygon", "coordinates": [[[79.0077199445258, 21.19235690861985], [79.00759883229041, 21.201386857801623], [79.01722796361096, 21.201500189873524], [79.01734849145672, 21.19247018788164], [79.0077199445258, 21.19235690861985]]]}}, {"type": "Feature", "properties": {"zone_id": "Z039", "rainfall_mm": 1163.802276781, "max_daily_rainfall_mm": 43.720043, "max_3day_rainfall_mm": 97.90064600000001, "elevation_m": 337.0, "slope_deg": 2.409334683179326, "historical_event_count": 0, "historical_data_available": true, "max_daily_rainfall_factor": 0.2819634703196347, "max_3day_rainfall_factor": 0.11986301369863013, "low_elevation_factor": 0.08105022831050228, "low_slope_factor": 0.24885844748858446, "low_lying": false, "historical_factor": 0.4634703196347032, "max_daily_rainfall_contribution": 5.87423896499239, "max_3day_rainfall_contribution": 2.4971461187214614, "low_elevation_contribution": 2.026255707762557, "low_slope_contribution": 4.147640791476408, "historical_contribution": 7.724505327245054, "risk_score": 22, "risk_class": "LOW"}, "geometry": {"type": "Polygon", "coordinates": [[[79.00759883229041, 21.201386857801623], [79.00747765610903, 21.21041679667751], [79.01710737212758, 21.210530181565733], [79.01722796361096, 21.201500189873524], [79.00759883229041, 21.201386857801623]]]}}, {"type": "Feature", "properties": {"zone_id": "Z040", "rainfall_mm": 1163.802276781, "max_daily_rainfall_mm": 43.720043, "max_3day_rainfall_mm": 97.90064600000001, "elevation_m": 341.0, "slope_deg": 3.3098816119282364, "historical_event_count": 0, "historical_data_available": true, "max_daily_rainfall_factor": 0.2819634703196347, "max_3day_rainfall_factor": 0.11986301369863013, "low_elevation_factor": 0.0730593607305936, "low_slope_factor": 0.07077625570776255, "low_lying": false, "historical_factor": 0.4634703196347032, "max_daily_rainfall_contribution": 5.87423896499239, "max_3day_rainfall_contribution": 2.4971461187214614, "low_elevation_contribution": 1.82648401826484, "low_slope_contribution": 1.1796042617960427, "historical_contribution": 7.724505327245054, "risk_score": 19, "risk_class": "LOW"}, "geometry": {"type": "Polygon", "coordinates": [[[79.00747765610903, 21.21041679667751], [79.00735641596411, 21.21944672524381], [79.01698671698914, 21.219560162954572], [79.01710737212758, 21.210530181565733], [79.00747765610903, 21.21041679667751]]]}}, {"type": "Feature", "properties": {"zone_id": "Z041", "rainfall_mm": 1163.802276781, "max_daily_rainfall_mm": 43.720043, "max_3day_rainfall_mm": 97.90064600000001, "elevation_m": 327.0, "slope_deg": 3.4054724957844504, "historical_event_count": 0, "historical_data_available": true, "max_daily_rainfall_factor": 0.2819634703196347, "max_3day_rainfall_factor": 0.11986301369863013, "low_elevation_factor": 0.12557077625570776, "low_slope_factor": 0.06278538812785388, "low_lying": false, "historical_factor": 0.4634703196347032, "max_daily_rainfall_contribution": 5.87423896499239, "max_3day_rainfall_contribution": 2.4971461187214614, "low_elevation_contribution": 3.139269406392694, "low_slope_contribution": 1.0464231354642313, "historical_contribution": 7.724505327245054, "risk_score": 20, "risk_class": "LOW"}, "geometry": {"type": "Polygon", "coordinates": [[[79.00735641596411, 21.21944672524381], [79.00723511183803, 21.228476643496826], [79.01686599817808, 21.22859013403635], [79.01698671698914, 21.219560162954572], [79.00735641596411, 21.21944672524381]]]}}, {"type": "Feature", "properties": {"zone_id": "Z042", "rainfall_mm": 1163.802276781, "max_daily_rainfall_mm": 43.720043, "max_3day_rainfall_mm": 97.90064600000001, "elevation_m": 323.0, "slope_deg": 1.6067492162846009, "historical_event_count": 0, "historical_data_available": true, "max_daily_rainfall_factor": 0.2819634703196347, "max_3day_rainfall_factor": 0.11986301369863013, "low_elevation_factor": 0.1632420091324201, "low_slope_factor": 0.571917808219178, "low_lying": false, "historical_factor": 0.4634703196347032, "max_daily_rainfall_contribution": 5.87423896499239, "max_3day_rainfall_contribution": 2.4971461187214614, "low_elevation_contribution": 4.081050228310502, "low_slope_contribution": 9.531963470319635, "historical_contribution": 7.724505327245054, "risk_score": 30, "risk_class": "LOW"}, "geometry": {"type": "Polygon", "coordinates": [[[79.01686599817808, 21.22859013403635], [79.00723511183803, 21.228476643496826], [79.0072145859522, 21.230004124968538], [79.01684702198804, 21.230009151061314], [79.01686599817808, 21.22859013403635]]]}}, {"type": "Feature", "properties": {"zone_id": "Z043", "rainfall_mm": 1052.636185937, "max_daily_rainfall_mm": 36.789238, "max_3day_rainfall_mm": 98.898073, "elevation_m": 306.0, "slope_deg": 2.895095406089006, "historical_event_count": 0, "historical_data_available": true, "max_daily_rainfall_factor": 0.03538812785388128, "max_3day_rainfall_factor": 0.2454337899543379, "low_elevation_factor": 0.3972602739726027, "low_slope_factor": 0.1095890410958904, "low_lying": false, "historical_factor": 0.4634703196347032, "max_daily_rainfall_contribution": 0.7372526636225267, "max_3day_rainfall_contribution": 5.11320395738204, "low_elevation_contribution": 9.931506849315069, "low_slope_contribution": 1.8264840182648403, "historical_contribution": 7.724505327245054, "risk_score": 25, "risk_class": "LOW"}, "geometry": {"type": "Polygon", "coordinates": [[[79.019148784487, 21.05701892456047], [79.0287686658813, 21.057130868229375], [79.02886239667252, 21.050014548476014], [79.0192415481496, 21.05001024422268], [79.019148784487, 21.05701892456047]]]}}, {"type": "Feature", "properties": {"zone_id": "Z044", "rainfall_mm": 1052.636185937, "max_daily_rainfall_mm": 36.789238, "max_3day_rainfall_mm": 98.898073, "elevation_m": 311.0, "slope_deg": 0.8036102593253973, "historical_event_count": 0, "historical_data_available": true, "max_daily_rainfall_factor": 0.03538812785388128, "max_3day_rainfall_factor": 0.2454337899543379, "low_elevation_factor": 0.3093607305936073, "low_slope_factor": 0.7796803652968036, "low_lying": false, "historical_factor": 0.4634703196347032, "max_daily_rainfall_contribution": 0.7372526636225267, "max_3day_rainfall_contribution": 5.11320395738204, "low_elevation_contribution": 7.7340182648401825, "low_slope_contribution": 12.994672754946729, "historical_contribution": 7.724505327245054, "risk_score": 34, "risk_class": "MODERATE"}, "geometry": {"type": "Polygon", "coordinates": [[[79.019148784487, 21.05701892456047], [79.0190292091146, 21.06604908060301], [79.02864967030024, 21.06616107673436], [79.0287686658813, 21.057130868229375], [79.019148784487, 21.05701892456047]]]}}, {"type": "Feature", "properties": {"zone_id": "Z045", "rainfall_mm": 1052.636185937, "max_daily_rainfall_mm": 36.789238, "max_3day_rainfall_mm": 98.898073, "elevation_m": 309.0, "slope_deg": 1.136347105590608, "historical_event_count": 0, "historical_data_available": true, "max_daily_rainfall_factor": 0.03538812785388128, "max_3day_rainfall_factor": 0.2454337899543379, "low_elevation_factor": 0.3481735159817352, "low_slope_factor": 0.6643835616438356, "low_lying": false, "historical_factor": 0.4634703196347032, "max_daily_rainfall_contribution": 0.7372526636225267, "max_3day_rainfall_contribution": 5.11320395738204, "low_elevation_contribution": 8.704337899543379, "low_slope_contribution": 11.073059360730594, "historical_contribution": 7.724505327245054, "risk_score": 33, "risk_class": "MODERATE"}, "geometry": {"type": "Polygon", "coordinates": [[[79.0190292091146, 21.06604908060301], [79.01890957036555, 21.075079226401463], [79.02853061164963, 21.075191275001377], [79.02864967030024, 21.06616107673436], [79.0190292091146, 21.06604908060301]]]}}, {"type": "Feature", "properties": {"zone_id": "Z046", "rainfall_mm": 1052.636185937, "max_daily_rainfall_mm": 36.789238, "max_3day_rainfall_mm": 98.898073, "elevation_m": 318.0, "slope_deg": 1.6067492162846009, "historical_event_count": 0, "historical_data_available": true, "max_daily_rainfall_factor": 0.03538812785388128, "max_3day_rainfall_factor": 0.2454337899543379, "low_elevation_factor": 0.21232876712328766, "low_slope_factor": 0.571917808219178, "low_lying": false, "historical_factor": 0.4634703196347032, "max_daily_rainfall_contribution": 0.7372526636225267, "max_3day_rainfall_contribution": 5.11320395738204, "low_elevation_contribution": 5.308219178082192, "low_slope_contribution": 9.531963470319635, "historical_contribution": 7.724505327245054, "risk_score": 28, "risk_class": "LOW"}, "geometry": {"type": "Polygon", "coordinates": [[[79.01890957036555, 21.075079226401463], [79.01878986822248, 21.084109361952116], [79.02841148991224, 21.084221463026722], [79.02853061164963, 21.075191275001377], [79.01890957036555, 21.075079226401463]]]}}, {"type": "Feature", "properties": {"zone_id": "Z047", "rainfall_mm": 1052.636185937, "max_daily_rainfall_mm": 36.789238, "max_3day_rainfall_mm": 98.898073, "elevation_m": 313.0, "slope_deg": 1.7964213810407137, "historical_event_count": 0, "historical_data_available": true, "max_daily_rainfall_factor": 0.03538812785388128, "max_3day_rainfall_factor": 0.2454337899543379, "low_elevation_factor": 0.2773972602739726, "low_slope_factor": 0.3698630136986301, "low_lying": false, "historical_factor": 0.4634703196347032, "max_daily_rainfall_contribution": 0.7372526636225267, "max_3day_rainfall_contribution": 5.11320395738204, "low_elevation_contribution": 6.934931506849315, "low_slope_contribution": 6.164383561643835, "historical_contribution": 7.724505327245054, "risk_score": 27, "risk_class": "LOW"}, "geometry": {"type": "Polygon", "coordinates": [[[79.01878986822248, 21.084109361952116], [79.01867010266812, 21.093139487251253], [79.02829230507085, 21.09325164080669], [79.02841148991224, 21.084221463026722], [79.01878986822248, 21.084109361952116]]]}}, {"type": "Feature", "properties": {"zone_id": "Z048", "rainfall_mm": 1052.636185937, "max_daily_rainfall_mm": 36.789238, "max_3day_rainfall_mm": 98.898073, "elevation_m": 317.0, "slope_deg": 0.8035325853473997, "historical_event_count": 0, "historical_data_available": true, "max_daily_rainfall_factor": 0.03538812785388128, "max_3day_rainfall_factor": 0.2454337899543379, "low_elevation_factor": 0.22488584474885845, "low_slope_factor": 0.8710045662100456, "low_lying": false, "historical_factor": 0.4634703196347032, "max_daily_rainfall_contribution": 0.7372526636225267, "max_3day_rainfall_contribution": 5.11320395738204, "low_elevation_contribution": 5.622146118721461, "low_slope_contribution": 14.516742770167427, "historical_contribution": 7.724505327245054, "risk_score": 34, "risk_class": "MODERATE"}, "geometry": {"type": "Polygon", "coordinates": [[[79.01867010266812, 21.093139487251253], [79.01855027368512, 21.102169602295163], [79.02817305710818, 21.102281808337576], [79.02829230507085, 21.09325164080669], [79.01867010266812, 21.093139487251253]]]}}, {"type": "Feature", "properties": {"zone_id": "Z049", "rainfall_mm": 1114.724262765, "max_daily_rainfall_mm": 44.927498, "max_3day_rainfall_mm": 97.00333699999999, "elevation_m": 322.0, "slope_deg": 1.6067492162846009, "historical_event_count": 0, "historical_data_available": true, "max_daily_rainfall_factor": 0.4634703196347032, "max_3day_rainfall_factor": 0.0684931506849315, "low_elevation_factor": 0.17579908675799086, "low_slope_factor": 0.571917808219178, "low_lying": false, "historical_factor": 0.4634703196347032, "max_daily_rainfall_contribution": 9.655631659056318, "max_3day_rainfall_contribution": 1.4269406392694064, "low_elevation_contribution": 4.394977168949771, "low_slope_contribution": 9.531963470319635, "historical_contribution": 7.724505327245054, "risk_score": 33, "risk_class": "MODERATE"}, "geometry": {"type": "Polygon", "coordinates": [[[79.01855027368512, 21.102169602295163], [79.01843038125611, 21.111199707080157], [79.02805374600699, 21.111311965615666], [79.02817305710818, 21.102281808337576], [79.01855027368512, 21.102169602295163]]]}}, {"type": "Feature", "properties": {"zone_id": "Z050", "rainfall_mm": 1114.724262765, "max_daily_rainfall_mm": 44.927498, "max_3day_rainfall_mm": 97.00333699999999, "elevation_m": 330.0, "slope_deg": 0.0, "historical_event_count": 0, "historical_data_available": true, "max_daily_rainfall_factor": 0.4634703196347032, "max_3day_rainfall_factor": 0.0684931506849315, "low_elevation_factor": 0.1141552511415525, "low_slope_factor": 0.9600456621004566, "low_lying": false, "historical_factor": 0.4634703196347032, "max_daily_rainfall_contribution": 9.655631659056318, "max_3day_rainfall_contribution": 1.4269406392694064, "low_elevation_contribution": 2.853881278538813, "low_slope_contribution": 16.00076103500761, "historical_contribution": 7.724505327245054, "risk_score": 38, "risk_class": "MODERATE"}, "geometry": {"type": "Polygon", "coordinates": [[[79.01843038125611, 21.111199707080157], [79.01831042536374, 21.12022980160251], [79.02793437174998, 21.120342112637264], [79.02805374600699, 21.111311965615666], [79.01843038125611, 21.111199707080157]]]}}, {"type": "Feature", "properties": {"zone_id": "Z051", "rainfall_mm": 1114.724262765, "max_daily_rainfall_mm": 44.927498, "max_3day_rainfall_mm": 97.00333699999999, "elevation_m": 324.0, "slope_deg": 2.2718009544716, "historical_event_count": 0, "historical_data_available": true, "max_daily_rainfall_factor": 0.4634703196347032, "max_3day_rainfall_factor": 0.0684931506849315, "low_elevation_factor": 0.1506849315068493, "low_slope_factor": 0.2865296803652968, "low_lying": false, "historical_factor": 0.4634703196347032, "max_daily_rainfall_contribution": 9.655631659056318, "max_3day_rainfall_contribution": 1.4269406392694064, "low_elevation_contribution": 3.767123287671233, "low_slope_contribution": 4.775494672754947, "historical_contribution": 7.724505327245054, "risk_score": 27, "risk_class": "LOW"}, "geometry": {"type": "Polygon", "coordinates": [[[79.01831042536374, 21.12022980160251], [79.01819040599064, 21.12925988585851], [79.02781493431989, 21.129372249398667], [79.02793437174998, 21.120342112637264], [79.01831042536374, 21.12022980160251]]]}}, {"type": "Feature", "properties": {"zone_id": "Z052", "rainfall_mm": 1114.724262765, "max_daily_rainfall_mm": 44.927498, "max_3day_rainfall_mm": 97.00333699999999, "elevation_m": 334.0, "slope_deg": 2.539520020526714, "historical_event_count": 0, "historical_data_available": true, "max_daily_rainfall_factor": 0.4634703196347032, "max_3day_rainfall_factor": 0.0684931506849315, "low_elevation_factor": 0.09931506849315068, "low_slope_factor": 0.2054794520547945, "low_lying": false, "historical_factor": 0.4634703196347032, "max_daily_rainfall_contribution": 9.655631659056318, "max_3day_rainfall_contribution": 1.4269406392694064, "low_elevation_contribution": 2.482876712328767, "low_slope_contribution": 3.4246575342465753, "historical_contribution": 7.724505327245054, "risk_score": 25, "risk_class": "LOW"}, "geometry": {"type": "Polygon", "coordinates": [[[79.01819040599064, 21.12925988585851], [79.01807032311943, 21.138289959844464], [79.02769543369938, 21.138402375896167], [79.02781493431989, 21.129372249398667], [79.01819040599064, 21.12925988585851]]]}}, {"type": "Feature", "properties": {"zone_id": "Z053", "rainfall_mm": 1114.724262765, "max_daily_rainfall_mm": 44.927498, "max_3day_rainfall_mm": 97.00333699999999, "elevation_m": 345.0, "slope_deg": 2.895095406089006, "historical_event_count": 1, "historical_data_available": true, "max_daily_rainfall_factor": 0.4634703196347032, "max_3day_rainfall_factor": 0.0684931506849315, "low_elevation_factor": 0.05707762557077625, "low_slope_factor": 0.1095890410958904, "low_lying": false, "historical_factor": 0.958904109589041, "max_daily_rainfall_contribution": 9.655631659056318, "max_3day_rainfall_contribution": 1.4269406392694064, "low_elevation_contribution": 1.4269406392694064, "low_slope_contribution": 1.8264840182648403, "historical_contribution": 15.981735159817353, "risk_score": 30, "risk_class": "LOW"}, "geometry": {"type": "Polygon", "coordinates": [[[79.01807032311943, 21.138289959844464], [79.0179501767327, 21.14732002355666], [79.02757586987117, 21.147432492126068], [79.02769543369938, 21.138402375896167], [79.01807032311943, 21.138289959844464]]]}}, {"type": "Feature", "properties": {"zone_id": "Z054", "rainfall_mm": 1147.4016432002, "max_daily_rainfall_mm": 42.18702, "max_3day_rainfall_mm": 98.436382, "elevation_m": 350.0, "slope_deg": 2.5397161746466046, "historical_event_count": 0, "historical_data_available": true, "max_daily_rainfall_factor": 0.16095890410958905, "max_3day_rainfall_factor": 0.1769406392694064, "low_elevation_factor": 0.02511415525114155, "low_slope_factor": 0.1632420091324201, "low_lying": false, "historical_factor": 0.4634703196347032, "max_daily_rainfall_contribution": 3.3533105022831053, "max_3day_rainfall_contribution": 3.686263318112634, "low_elevation_contribution": 0.6278538812785388, "low_slope_contribution": 2.720700152207002, "historical_contribution": 7.724505327245054, "risk_score": 18, "risk_class": "LOW"}, "geometry": {"type": "Polygon", "coordinates": [[[79.0179501767327, 21.14732002355666], [79.01782996681305, 21.156350076991394], [79.02745624281793, 21.15646259808466], [79.02757586987117, 21.147432492126068], [79.0179501767327, 21.14732002355666]]]}}, {"type": "Feature", "properties": {"zone_id": "Z055", "rainfall_mm": 1147.4016432002, "max_daily_rainfall_mm": 42.18702, "max_3day_rainfall_mm": 98.436382, "elevation_m": 343.0, "slope_deg": 1.7964213810407137, "historical_event_count": 0, "historical_data_available": true, "max_daily_rainfall_factor": 0.16095890410958905, "max_3day_rainfall_factor": 0.1769406392694064, "low_elevation_factor": 0.06735159817351598, "low_slope_factor": 0.3698630136986301, "low_lying": false, "historical_factor": 0.4634703196347032, "max_daily_rainfall_contribution": 3.3533105022831053, "max_3day_rainfall_contribution": 3.686263318112634, "low_elevation_contribution": 1.6837899543378994, "low_slope_contribution": 6.164383561643835, "historical_contribution": 7.724505327245054, "risk_score": 23, "risk_class": "LOW"}, "geometry": {"type": "Polygon", "coordinates": [[[79.01782996681305, 21.156350076991394], [79.01770969334306, 21.165380120144956], [79.02733655252233, 21.165492693768254], [79.02745624281793, 21.15646259808466], [79.01782996681305, 21.156350076991394]]]}}, {"type": "Feature", "properties": {"zone_id": "Z056", "rainfall_mm": 1147.4016432002, "max_daily_rainfall_mm": 42.18702, "max_3day_rainfall_mm": 98.436382, "elevation_m": 344.0, "slope_deg": 5.069101151811648, "historical_event_count": 0, "historical_data_available": true, "max_daily_rainfall_factor": 0.16095890410958905, "max_3day_rainfall_factor": 0.1769406392694064, "low_elevation_factor": 0.06278538812785388, "low_slope_factor": 0.02054794520547945, "low_lying": false, "historical_factor": 0.4634703196347032, "max_daily_rainfall_contribution": 3.3533105022831053, "max_3day_rainfall_contribution": 3.686263318112634, "low_elevation_contribution": 1.569634703196347, "low_slope_contribution": 0.3424657534246575, "historical_contribution": 7.724505327245054, "risk_score": 17, "risk_class": "LOW"}, "geometry": {"type": "Polygon", "coordinates": [[[79.01770969334306, 21.165380120144956], [79.01758935630532, 21.17441015301366], [79.027216798967, 21.17452277917314], [79.02733655252233, 21.165492693768254], [79.01770969334306, 21.165380120144956]]]}}, {"type": "Feature", "properties": {"zone_id": "Z057", "rainfall_mm": 1147.4016432002, "max_daily_rainfall_mm": 42.18702, "max_3day_rainfall_mm": 98.436382, "elevation_m": 345.0, "slope_deg": 0.8036102593253973, "historical_event_count": 0, "historical_data_available": true, "max_daily_rainfall_factor": 0.16095890410958905, "max_3day_rainfall_factor": 0.1769406392694064, "low_elevation_factor": 0.05707762557077625, "low_slope_factor": 0.7796803652968036, "low_lying": false, "historical_factor": 0.4634703196347032, "max_daily_rainfall_contribution": 3.3533105022831053, "max_3day_rainfall_contribution": 3.686263318112634, "low_elevation_contribution": 1.4269406392694064, "low_slope_contribution": 12.994672754946729, "historical_contribution": 7.724505327245054, "risk_score": 29, "risk_class": "LOW"}, "geometry": {"type": "Polygon", "coordinates": [[[79.01758935630532, 21.17441015301366], [79.01746895568236, 21.183440175593784], [79.02709698213461, 21.18355285429563], [79.027216798967, 21.17452277917314], [79.01758935630532, 21.17441015301366]]]}}, {"type": "Feature", "properties": {"zone_id": "Z058", "rainfall_mm": 1147.4016432002, "max_daily_rainfall_mm": 42.18702, "max_3day_rainfall_mm": 98.436382, "elevation_m": 333.0, "slope_deg": 5.6076666017163515, "historical_event_count": 0, "historical_data_available": true, "max_daily_rainfall_factor": 0.16095890410958905, "max_3day_rainfall_factor": 0.1769406392694064, "low_elevation_factor": 0.10844748858447488, "low_slope_factor": 0.0136986301369863, "low_lying": false, "historical_factor": 0.4634703196347032, "max_daily_rainfall_contribution": 3.3533105022831053, "max_3day_rainfall_contribution": 3.686263318112634, "low_elevation_contribution": 2.711187214611872, "low_slope_contribution": 0.22831050228310504, "historical_contribution": 7.724505327245054, "risk_score": 18, "risk_class": "LOW"}, "geometry": {"type": "Polygon", "coordinates": [[[79.01746895568236, 21.183440175593784], [79.01734849145672, 21.19247018788164], [79.02697710200778, 21.192582919132015], [79.02709698213461, 21.18355285429563], [79.01746895568236, 21.183440175593784]]]}}, {"type": "Feature", "properties": {"zone_id": "Z059", "rainfall_mm": 1147.4016432002, "max_daily_rainfall_mm": 42.18702, "max_3day_rainfall_mm": 98.436382, "elevation_m": 334.0, "slope_deg": 2.2718009544716, "historical_event_count": 0, "historical_data_available": true, "max_daily_rainfall_factor": 0.16095890410958905, "max_3day_rainfall_factor": 0.1769406392694064, "low_elevation_factor": 0.09931506849315068, "low_slope_factor": 0.2865296803652968, "low_lying": false, "historical_factor": 0.4634703196347032, "max_daily_rainfall_contribution": 3.3533105022831053, "max_3day_rainfall_contribution": 3.686263318112634, "low_elevation_contribution": 2.482876712328767, "low_slope_contribution": 4.775494672754947, "historical_contribution": 7.724505327245054, "risk_score": 22, "risk_class": "LOW"}, "geometry": {"type": "Polygon", "coordinates": [[[79.01734849145672, 21.19247018788164], [79.01722796361096, 21.201500189873524], [79.02685715856911, 21.20161297367861], [79.02697710200778, 21.192582919132015], [79.01734849145672, 21.19247018788164]]]}}, {"type": "Feature", "properties": {"zone_id": "Z060", "rainfall_mm": 1163.802276781, "max_daily_rainfall_mm": 43.720043, "max_3day_rainfall_mm": 97.90064600000001, "elevation_m": 322.0, "slope_deg": 1.7963172523867896, "historical_event_count": 0, "historical_data_available": true, "max_daily_rainfall_factor": 0.2819634703196347, "max_3day_rainfall_factor": 0.11986301369863013, "low_elevation_factor": 0.17579908675799086, "low_slope_factor": 0.4668949771689498, "low_lying": false, "historical_factor": 0.4634703196347032, "max_daily_rainfall_contribution": 5.87423896499239, "max_3day_rainfall_contribution": 2.4971461187214614, "low_elevation_contribution": 4.394977168949771, "low_slope_contribution": 7.78158295281583, "historical_contribution": 7.724505327245054, "risk_score": 28, "risk_class": "LOW"}, "geometry": {"type": "Polygon", "coordinates": [[[79.01722796361096, 21.201500189873524], [79.01710737212758, 21.210530181565733], [79.02673715180124, 21.210643017931716], [79.02685715856911, 21.20161297367861], [79.01722796361096, 21.201500189873524]]]}}, {"type": "Feature", "properties": {"zone_id": "Z061", "rainfall_mm": 1163.802276781, "max_daily_rainfall_mm": 43.720043, "max_3day_rainfall_mm": 97.90064600000001, "elevation_m": 350.0, "slope_deg": 6.451461614830031, "historical_event_count": 0, "historical_data_available": true, "max_daily_rainfall_factor": 0.2819634703196347, "max_3day_rainfall_factor": 0.11986301369863013, "low_elevation_factor": 0.02511415525114155, "low_slope_factor": 0.01141552511415525, "low_lying": false, "historical_factor": 0.4634703196347032, "max_daily_rainfall_contribution": 5.87423896499239, "max_3day_rainfall_contribution": 2.4971461187214614, "low_elevation_contribution": 0.6278538812785388, "low_slope_contribution": 0.1902587519025875, "historical_contribution": 7.724505327245054, "risk_score": 17, "risk_class": "LOW"}, "geometry": {"type": "Polygon", "coordinates": [[[79.01710737212758, 21.210530181565733], [79.01698671698914, 21.219560162954572], [79.02661708168675, 21.21967305188762], [79.02673715180124, 21.210643017931716], [79.01710737212758, 21.210530181565733]]]}}, {"type": "Feature", "properties": {"zone_id": "Z062", "rainfall_mm": 1163.802276781, "max_daily_rainfall_mm": 43.720043, "max_3day_rainfall_mm": 97.90064600000001, "elevation_m": 351.0, "slope_deg": 2.2718009544716, "historical_event_count": 0, "historical_data_available": true, "max_daily_rainfall_factor": 0.2819634703196347, "max_3day_rainfall_factor": 0.11986301369863013, "low_elevation_factor": 0.0182648401826484, "low_slope_factor": 0.2865296803652968, "low_lying": false, "historical_factor": 0.4634703196347032, "max_daily_rainfall_contribution": 5.87423896499239, "max_3day_rainfall_contribution": 2.4971461187214614, "low_elevation_contribution": 0.45662100456621, "low_slope_contribution": 4.775494672754947, "historical_contribution": 7.724505327245054, "risk_score": 21, "risk_class": "LOW"}, "geometry": {"type": "Polygon", "coordinates": [[[79.01698671698914, 21.219560162954572], [79.01686599817808, 21.22859013403635], [79.02649694820822, 21.228703075542654], [79.02661708168675, 21.21967305188762], [79.01698671698914, 21.219560162954572]]]}}, {"type": "Feature", "properties": {"zone_id": "Z063", "rainfall_mm": 1163.802276781, "max_daily_rainfall_mm": 43.720043, "max_3day_rainfall_mm": 97.90064600000001, "elevation_m": 323.0, "slope_deg": 1.7964213810407137, "historical_event_count": 0, "historical_data_available": true, "max_daily_rainfall_factor": 0.2819634703196347, "max_3day_rainfall_factor": 0.11986301369863013, "low_elevation_factor": 0.1632420091324201, "low_slope_factor": 0.3698630136986301, "low_lying": false, "historical_factor": 0.4634703196347032, "max_daily_rainfall_contribution": 5.87423896499239, "max_3day_rainfall_contribution": 2.4971461187214614, "low_elevation_contribution": 4.081050228310502, "low_slope_contribution": 6.164383561643835, "historical_contribution": 7.724505327245054, "risk_score": 26, "risk_class": "LOW"}, "geometry": {"type": "Polygon", "coordinates": [[[79.02649694820822, 21.228703075542654], [79.01686599817808, 21.22859013403635], [79.01684702198804, 21.230009151061314], [79.02647950764016, 21.230013626812998], [79.02649694820822, 21.228703075542654]]]}}, {"type": "Feature", "properties": {"zone_id": "Z064", "rainfall_mm": 1052.636185937, "max_daily_rainfall_mm": 36.789238, "max_3day_rainfall_mm": 98.898073, "elevation_m": 307.0, "slope_deg": 1.136347105590608, "historical_event_count": 0, "historical_data_available": true, "max_daily_rainfall_factor": 0.03538812785388128, "max_3day_rainfall_factor": 0.2454337899543379, "low_elevation_factor": 0.3767123287671233, "low_slope_factor": 0.6643835616438356, "low_lying": false, "historical_factor": 0.4634703196347032, "max_daily_rainfall_contribution": 0.7372526636225267, "max_3day_rainfall_contribution": 5.11320395738204, "low_elevation_contribution": 9.417808219178083, "low_slope_contribution": 11.073059360730594, "historical_contribution": 7.724505327245054, "risk_score": 34, "risk_class": "MODERATE"}, "geometry": {"type": "Polygon", "coordinates": [[[79.0287686658813, 21.057130868229375], [79.03838861032794, 21.057242267699355], [79.03848329441759, 21.050018307482873], [79.02886239667252, 21.050014548476014], [79.0287686658813, 21.057130868229375]]]}}, {"type": "Feature", "properties": {"zone_id": "Z065", "rainfall_mm": 1052.636185937, "max_daily_rainfall_mm": 36.789238, "max_3day_rainfall_mm": 98.898073, "elevation_m": 314.0, "slope_deg": 0.8036102593253973, "historical_event_count": 0, "historical_data_available": true, "max_daily_rainfall_factor": 0.03538812785388128, "max_3day_rainfall_factor": 0.2454337899543379, "low_elevation_factor": 0.2636986301369863, "low_slope_factor": 0.7796803652968036, "low_lying": false, "historical_factor": 0.4634703196347032, "max_daily_rainfall_contribution": 0.7372526636225267, "max_3day_rainfall_contribution": 5.11320395738204, "low_elevation_contribution": 6.592465753424658, "low_slope_contribution": 12.994672754946729, "historical_contribution": 7.724505327245054, "risk_score": 33, "risk_class": "MODERATE"}, "geometry": {"type": "Polygon", "coordinates": [[[79.0287686658813, 21.057130868229375], [79.02864967030024, 21.06616107673436], [79.03827019455541, 21.06627252841181], [79.03838861032794, 21.057242267699355], [79.0287686658813, 21.057130868229375]]]}}, {"type": "Feature", "properties": {"zone_id": "Z066", "rainfall_mm": 1052.636185937, "max_daily_rainfall_mm": 36.789238, "max_3day_rainfall_mm": 98.898073, "elevation_m": 313.0, "slope_deg": 0.0, "historical_event_count": 0, "historical_data_available": true, "max_daily_rainfall_factor": 0.03538812785388128, "max_3day_rainfall_factor": 0.2454337899543379, "low_elevation_factor": 0.2773972602739726, "low_slope_factor": 0.9600456621004566, "low_lying": false, "historical_factor": 0.4634703196347032, "max_daily_rainfall_contribution": 0.7372526636225267, "max_3day_rainfall_contribution": 5.11320395738204, "low_elevation_contribution": 6.934931506849315, "low_slope_contribution": 16.00076103500761, "historical_contribution": 7.724505327245054, "risk_score": 37, "risk_class": "MODERATE"}, "geometry": {"type": "Polygon", "coordinates": [[[79.02864967030024, 21.06616107673436], [79.02853061164963, 21.075191275001377], [79.03815171602048, 21.075302778892407], [79.03827019455541, 21.06627252841181], [79.02864967030024, 21.06616107673436]]]}}, {"type": "Feature", "properties": {"zone_id": "Z067", "rainfall_mm": 1052.636185937, "max_daily_rainfall_mm": 36.789238, "max_3day_rainfall_mm": 98.898073, "elevation_m": 312.0, "slope_deg": 2.895095406089006, "historical_event_count": 0, "historical_data_available": true, "max_daily_rainfall_factor": 0.03538812785388128, "max_3day_rainfall_factor": 0.2454337899543379, "low_elevation_factor": 0.2910958904109589, "low_slope_factor": 0.1095890410958904, "low_lying": false, "historical_factor": 0.4634703196347032, "max_daily_rainfall_contribution": 0.7372526636225267, "max_3day_rainfall_contribution": 5.11320395738204, "low_elevation_contribution": 7.277397260273973, "low_slope_contribution": 1.8264840182648403, "historical_contribution": 7.724505327245054, "risk_score": 23, "risk_class": "LOW"}, "geometry": {"type": "Polygon", "coordinates": [[[79.02853061164963, 21.075191275001377], [79.02841148991224, 21.084221463026722], [79.038033174706, 21.08433301913743], [79.03815171602048, 21.075302778892407], [79.02853061164963, 21.075191275001377]]]}}, {"type": "Feature", "properties": {"zone_id": "Z068", "rainfall_mm": 1052.636185937, "max_daily_rainfall_mm": 36.789238, "max_3day_rainfall_mm": 98.898073, "elevation_m": 311.0, "slope_deg": 1.6067492162846009, "historical_event_count": 0, "historical_data_available": true, "max_daily_rainfall_factor": 0.03538812785388128, "max_3day_rainfall_factor": 0.2454337899543379, "low_elevation_factor": 0.3093607305936073, "low_slope_factor": 0.571917808219178, "low_lying": false, "historical_factor": 0.4634703196347032, "max_daily_rainfall_contribution": 0.7372526636225267, "max_3day_rainfall_contribution": 5.11320395738204, "low_elevation_contribution": 7.7340182648401825, "low_slope_contribution": 9.531963470319635, "historical_contribution": 7.724505327245054, "risk_score": 31, "risk_class": "MODERATE"}, "geometry": {"type": "Polygon", "coordinates": [[[79.02841148991224, 21.084221463026722], [79.02829230507085, 21.09325164080669], [79.03791457059484, 21.093363249143174], [79.038033174706, 21.08433301913743], [79.02841148991224, 21.084221463026722]]]}}, {"type": "Feature", "properties": {"zone_id": "Z069", "rainfall_mm": 1052.636185937, "max_daily_rainfall_mm": 36.789238, "max_3day_rainfall_mm": 98.898073, "elevation_m": 314.0, "slope_deg": 1.6069044726299722, "historical_event_count": 0, "historical_data_available": true, "max_daily_rainfall_factor": 0.03538812785388128, "max_3day_rainfall_factor": 0.2454337899543379, "low_elevation_factor": 0.2636986301369863, "low_slope_factor": 0.5273972602739726, "low_lying": false, "historical_factor": 0.4634703196347032, "max_daily_rainfall_contribution": 0.7372526636225267, "max_3day_rainfall_contribution": 5.11320395738204, "low_elevation_contribution": 6.592465753424658, "low_slope_contribution": 8.789954337899545, "historical_contribution": 7.724505327245054, "risk_score": 29, "risk_class": "LOW"}, "geometry": {"type": "Polygon", "coordinates": [[[79.02829230507085, 21.09325164080669], [79.02817305710818, 21.102281808337576], [79.03779590366979, 21.102393468905934], [79.03791457059484, 21.093363249143174], [79.02829230507085, 21.09325164080669]]]}}, {"type": "Feature", "properties": {"zone_id": "Z070", "rainfall_mm": 1114.724262765, "max_daily_rainfall_mm": 44.927498, "max_3day_rainfall_mm": 97.00333699999999, "elevation_m": 317.0, "slope_deg": 0.0, "historical_event_count": 0, "historical_data_available": true, "max_daily_rainfall_factor": 0.4634703196347032, "max_3day_rainfall_factor": 0.0684931506849315, "low_elevation_factor": 0.22488584474885845, "low_slope_factor": 0.9600456621004566, "low_lying": false, "historical_factor": 0.4634703196347032, "max_daily_rainfall_contribution": 9.655631659056318, "max_3day_rainfall_contribution": 1.4269406392694064, "low_elevation_contribution": 5.622146118721461, "low_slope_contribution": 16.00076103500761, "historical_contribution": 7.724505327245054, "risk_score": 40, "risk_class": "MODERATE"}, "geometry": {"type": "Polygon", "coordinates": [[[79.02817305710818, 21.102281808337576], [79.02805374600699, 21.111311965615666], [79.03767717391368, 21.111423678422025], [79.03779590366979, 21.102393468905934], [79.02817305710818, 21.102281808337576]]]}}, {"type": "Feature", "properties": {"zone_id": "Z071", "rainfall_mm": 1114.724262765, "max_daily_rainfall_mm": 44.927498, "max_3day_rainfall_mm": 97.00333699999999, "elevation_m": 323.0, "slope_deg": 1.7963172523867896, "historical_event_count": 0, "historical_data_available": true, "max_daily_rainfall_factor": 0.4634703196347032, "max_3day_rainfall_factor": 0.0684931506849315, "low_elevation_factor": 0.1632420091324201, "low_slope_factor": 0.4668949771689498, "low_lying": false, "historical_factor": 0.4634703196347032, "max_daily_rainfall_contribution": 9.655631659056318, "max_3day_rainfall_contribution": 1.4269406392694064, "low_elevation_contribution": 4.081050228310502, "low_slope_contribution": 7.78158295281583, "historical_contribution": 7.724505327245054, "risk_score": 31, "risk_class": "MODERATE"}, "geometry": {"type": "Polygon", "coordinates": [[[79.02805374600699, 21.111311965615666], [79.02793437174998, 21.120342112637264], [79.03755838130932, 21.120453877687734], [79.03767717391368, 21.111423678422025], [79.02805374600699, 21.111311965615666]]]}}, {"type": "Feature", "properties": {"zone_id": "Z072", "rainfall_mm": 1114.724262765, "max_daily_rainfall_mm": 44.927498, "max_3day_rainfall_mm": 97.00333699999999, "elevation_m": 319.0, "slope_deg": 0.0, "historical_event_count": 0, "historical_data_available": true, "max_daily_rainfall_factor": 0.4634703196347032, "max_3day_rainfall_factor": 0.0684931506849315, "low_elevation_factor": 0.20205479452054795, "low_slope_factor": 0.9600456621004566, "low_lying": false, "historical_factor": 0.4634703196347032, "max_daily_rainfall_contribution": 9.655631659056318, "max_3day_rainfall_contribution": 1.4269406392694064, "low_elevation_contribution": 5.051369863013699, "low_slope_contribution": 16.00076103500761, "historical_contribution": 7.724505327245054, "risk_score": 40, "risk_class": "MODERATE"}, "geometry": {"type": "Polygon", "coordinates": [[[79.02793437174998, 21.120342112637264], [79.02781493431989, 21.129372249398667], [79.03743952583952, 21.12948406669936], [79.03755838130932, 21.120453877687734], [79.02793437174998, 21.120342112637264]]]}}, {"type": "Feature", "properties": {"zone_id": "Z073", "rainfall_mm": 1114.724262765, "max_daily_rainfall_mm": 44.927498, "max_3day_rainfall_mm": 97.00333699999999, "elevation_m": 327.0, "slope_deg": 3.3095999178145146, "historical_event_count": 0, "historical_data_available": true, "max_daily_rainfall_factor": 0.4634703196347032, "max_3day_rainfall_factor": 0.0684931506849315, "low_elevation_factor": 0.12557077625570776, "low_slope_factor": 0.08105022831050228, "low_lying": false, "historical_factor": 0.4634703196347032, "max_daily_rainfall_contribution": 9.655631659056318, "max_3day_rainfall_contribution": 1.4269406392694064, "low_elevation_contribution": 3.139269406392694, "low_slope_contribution": 1.3508371385083715, "historical_contribution": 7.724505327245054, "risk_score": 23, "risk_class": "LOW"}, "geometry": {"type": "Polygon", "coordinates": [[[79.02781493431989, 21.129372249398667], [79.02769543369938, 21.138402375896167], [79.03732060748705, 21.138514245453212], [79.03743952583952, 21.12948406669936], [79.02781493431989, 21.129372249398667]]]}}, {"type": "Feature", "properties": {"zone_id": "Z074", "rainfall_mm": 1114.724262765, "max_daily_rainfall_mm": 44.927498, "max_3day_rainfall_mm": 97.00333699999999, "elevation_m": 344.0, "slope_deg": 1.7963172523867896, "historical_event_count": 0, "historical_data_available": true, "max_daily_rainfall_factor": 0.4634703196347032, "max_3day_rainfall_factor": 0.0684931506849315, "low_elevation_factor": 0.06278538812785388, "low_slope_factor": 0.4668949771689498, "low_lying": false, "historical_factor": 0.4634703196347032, "max_daily_rainfall_contribution": 9.655631659056318, "max_3day_rainfall_contribution": 1.4269406392694064, "low_elevation_contribution": 1.569634703196347, "low_slope_contribution": 7.78158295281583, "historical_contribution": 7.724505327245054, "risk_score": 28, "risk_class": "LOW"}, "geometry": {"type": "Polygon", "coordinates": [[[79.02769543369938, 21.138402375896167], [79.02757586987117, 21.147432492126068], [79.03720162623469, 21.14754441394558], [79.03732060748705, 21.138514245453212], [79.02769543369938, 21.138402375896167]]]}}, {"type": "Feature", "properties": {"zone_id": "Z075", "rainfall_mm": 1147.4016432002, "max_daily_rainfall_mm": 42.18702, "max_3day_rainfall_mm": 98.436382, "elevation_m": 339.0, "slope_deg": 3.4054724957844504, "historical_event_count": 0, "historical_data_available": true, "max_daily_rainfall_factor": 0.16095890410958905, "max_3day_rainfall_factor": 0.1769406392694064, "low_elevation_factor": 0.0776255707762557, "low_slope_factor": 0.06278538812785388, "low_lying": false, "historical_factor": 0.4634703196347032, "max_daily_rainfall_contribution": 3.3533105022831053, "max_3day_rainfall_contribution": 3.686263318112634, "low_elevation_contribution": 1.9406392694063925, "low_slope_contribution": 1.0464231354642313, "historical_contribution": 7.724505327245054, "risk_score": 18, "risk_class": "LOW"}, "geometry": {"type": "Polygon", "coordinates": [[[79.02757586987117, 21.147432492126068], [79.02745624281793, 21.15646259808466], [79.0370825820652, 21.15657457217278], [79.03720162623469, 21.14754441394558], [79.02757586987117, 21.147432492126068]]]}}, {"type": "Feature", "properties": {"zone_id": "Z076", "rainfall_mm": 1147.4016432002, "max_daily_rainfall_mm": 42.18702, "max_3day_rainfall_mm": 98.436382, "elevation_m": 347.0, "slope_deg": 0.8035325853473997, "historical_event_count": 0, "historical_data_available": true, "max_daily_rainfall_factor": 0.16095890410958905, "max_3day_rainfall_factor": 0.1769406392694064, "low_elevation_factor": 0.03881278538812785, "low_slope_factor": 0.8710045662100456, "low_lying": false, "historical_factor": 0.4634703196347032, "max_daily_rainfall_contribution": 3.3533105022831053, "max_3day_rainfall_contribution": 3.686263318112634, "low_elevation_contribution": 0.9703196347031963, "low_slope_contribution": 14.516742770167427, "historical_contribution": 7.724505327245054, "risk_score": 30, "risk_class": "LOW"}, "geometry": {"type": "Polygon", "coordinates": [[[79.02745624281793, 21.15646259808466], [79.02733655252233, 21.165492693768254], [79.0369634749613, 21.165604720131107], [79.0370825820652, 21.15657457217278], [79.02745624281793, 21.15646259808466]]]}}, {"type": "Feature", "properties": {"zone_id": "Z077", "rainfall_mm": 1147.4016432002, "max_daily_rainfall_mm": 42.18702, "max_3day_rainfall_mm": 98.436382, "elevation_m": 318.0, "slope_deg": 1.7964213810407137, "historical_event_count": 0, "historical_data_available": true, "max_daily_rainfall_factor": 0.16095890410958905, "max_3day_rainfall_factor": 0.1769406392694064, "low_elevation_factor": 0.21232876712328766, "low_slope_factor": 0.3698630136986301, "low_lying": false, "historical_factor": 0.4634703196347032, "max_daily_rainfall_contribution": 3.3533105022831053, "max_3day_rainfall_contribution": 3.686263318112634, "low_elevation_contribution": 5.308219178082192, "low_slope_contribution": 6.164383561643835, "historical_contribution": 7.724505327245054, "risk_score": 26, "risk_class": "LOW"}, "geometry": {"type": "Polygon", "coordinates": [[[79.02733655252233, 21.165492693768254], [79.027216798967, 21.17452277917314], [79.03684430490577, 21.174634857816862], [79.0369634749613, 21.165604720131107], [79.02733655252233, 21.165492693768254]]]}}, {"type": "Feature", "properties": {"zone_id": "Z078", "rainfall_mm": 1147.4016432002, "max_daily_rainfall_mm": 42.18702, "max_3day_rainfall_mm": 98.436382, "elevation_m": 342.0, "slope_deg": 1.7963172523867896, "historical_event_count": 0, "historical_data_available": true, "max_daily_rainfall_factor": 0.16095890410958905, "max_3day_rainfall_factor": 0.1769406392694064, "low_elevation_factor": 0.07077625570776255, "low_slope_factor": 0.4668949771689498, "low_lying": false, "historical_factor": 0.4634703196347032, "max_daily_rainfall_contribution": 3.3533105022831053, "max_3day_rainfall_contribution": 3.686263318112634, "low_elevation_contribution": 1.7694063926940637, "low_slope_contribution": 7.78158295281583, "historical_contribution": 7.724505327245054, "risk_score": 24, "risk_class": "LOW"}, "geometry": {"type": "Polygon", "coordinates": [[[79.027216798967, 21.17452277917314], [79.02709698213461, 21.18355285429563], [79.0367250718813, 21.183664985226358], [79.03684430490577, 21.174634857816862], [79.027216798967, 21.17452277917314]]]}}, {"type": "Feature", "properties": {"zone_id": "Z079", "rainfall_mm": 1147.4016432002, "max_daily_rainfall_mm": 42.18702, "max_3day_rainfall_mm": 98.436382, "elevation_m": 318.0, "slope_deg": 1.136347105590608, "historical_event_count": 0, "historical_data_available": true, "max_daily_rainfall_factor": 0.16095890410958905, "max_3day_rainfall_factor": 0.1769406392694064, "low_elevation_factor": 0.21232876712328766, "low_slope_factor": 0.6643835616438356, "low_lying": false, "historical_factor": 0.4634703196347032, "max_daily_rainfall_contribution": 3.3533105022831053, "max_3day_rainfall_contribution": 3.686263318112634, "low_elevation_contribution": 5.308219178082192, "low_slope_contribution": 11.073059360730594, "historical_contribution": 7.724505327245054, "risk_score": 31, "risk_class": "MODERATE"}, "geometry": {"type": "Polygon", "coordinates": [[[79.02709698213461, 21.18355285429563], [79.02697710200778, 21.192582919132015], [79.03660577587065, 21.192695102355902], [79.0367250718813, 21.183664985226358], [79.02709698213461, 21.18355285429563]]]}}, {"type": "Feature", "properties": {"zone_id": "Z080", "rainfall_mm": 1147.4016432002, "max_daily_rainfall_mm": 42.18702, "max_3day_rainfall_mm": 98.436382, "elevation_m": 324.0, "slope_deg": 2.894987945295464, "historical_event_count": 0, "historical_data_available": true, "max_daily_rainfall_factor": 0.16095890410958905, "max_3day_rainfall_factor": 0.1769406392694064, "low_elevation_factor": 0.1506849315068493, "low_slope_factor": 0.1324200913242009, "low_lying": false, "historical_factor": 0.4634703196347032, "max_daily_rainfall_contribution": 3.3533105022831053, "max_3day_rainfall_contribution": 3.686263318112634, "low_elevation_contribution": 3.767123287671233, "low_slope_contribution": 2.207001522070015, "historical_contribution": 7.724505327245054, "risk_score": 21, "risk_class": "LOW"}, "geometry": {"type": "Polygon", "coordinates": [[[79.02697710200778, 21.192582919132015], [79.02685715856911, 21.20161297367861], [79.03648641685649, 21.201725209201793], [79.03660577587065, 21.192695102355902], [79.02697710200778, 21.192582919132015]]]}}, {"type": "Feature", "properties": {"zone_id": "Z081", "rainfall_mm": 1163.802276781, "max_daily_rainfall_mm": 43.720043, "max_3day_rainfall_mm": 97.90064600000001, "elevation_m": 325.0, "slope_deg": 1.136347105590608, "historical_event_count": 0, "historical_data_available": true, "max_daily_rainfall_factor": 0.2819634703196347, "max_3day_rainfall_factor": 0.11986301369863013, "low_elevation_factor": 0.136986301369863, "low_slope_factor": 0.6643835616438356, "low_lying": false, "historical_factor": 0.4634703196347032, "max_daily_rainfall_contribution": 5.87423896499239, "max_3day_rainfall_contribution": 2.4971461187214614, "low_elevation_contribution": 3.4246575342465753, "low_slope_contribution": 11.073059360730594, "historical_contribution": 7.724505327245054, "risk_score": 31, "risk_class": "MODERATE"}, "geometry": {"type": "Polygon", "coordinates": [[[79.02685715856911, 21.20161297367861], [79.02673715180124, 21.210643017931716], [79.03636699482152, 21.210755305760348], [79.03648641685649, 21.201725209201793], [79.02685715856911, 21.20161297367861]]]}}, {"type": "Feature", "properties": {"zone_id": "Z082", "rainfall_mm": 1163.802276781, "max_daily_rainfall_mm": 43.720043, "max_3day_rainfall_mm": 97.90064600000001, "elevation_m": 356.0, "slope_deg": 0.8036102593253973, "historical_event_count": 0, "historical_data_available": true, "max_daily_rainfall_factor": 0.2819634703196347, "max_3day_rainfall_factor": 0.11986301369863013, "low_elevation_factor": 0.0045662100456621, "low_slope_factor": 0.7796803652968036, "low_lying": false, "historical_factor": 0.4634703196347032, "max_daily_rainfall_contribution": 5.87423896499239, "max_3day_rainfall_contribution": 2.4971461187214614, "low_elevation_contribution": 0.1141552511415525, "low_slope_contribution": 12.994672754946729, "historical_contribution": 7.724505327245054, "risk_score": 29, "risk_class": "LOW"}, "geometry": {"type": "Polygon", "coordinates": [[[79.02673715180124, 21.210643017931716], [79.02661708168675, 21.21967305188762], [79.0362475097484, 21.21978539202786], [79.03636699482152, 21.210755305760348], [79.02673715180124, 21.210643017931716]]]}}, {"type": "Feature", "properties": {"zone_id": "Z083", "rainfall_mm": 1163.802276781, "max_daily_rainfall_mm": 43.720043, "max_3day_rainfall_mm": 97.90064600000001, "elevation_m": 352.0, "slope_deg": 1.7963172523867896, "historical_event_count": 0, "historical_data_available": true, "max_daily_rainfall_factor": 0.2819634703196347, "max_3day_rainfall_factor": 0.11986301369863013, "low_elevation_factor": 0.0136986301369863, "low_slope_factor": 0.4668949771689498, "low_lying": false, "historical_factor": 0.4634703196347032, "max_daily_rainfall_contribution": 5.87423896499239, "max_3day_rainfall_contribution": 2.4971461187214614, "low_elevation_contribution": 0.3424657534246575, "low_slope_contribution": 7.78158295281583, "historical_contribution": 7.724505327245054, "risk_score": 24, "risk_class": "LOW"}, "geometry": {"type": "Polygon", "coordinates": [[[79.02661708168675, 21.21967305188762], [79.02649694820822, 21.228703075542654], [79.03612796161983, 21.22881546800066], [79.0362475097484, 21.21978539202786], [79.02661708168675, 21.21967305188762]]]}}, {"type": "Feature", "properties": {"zone_id": "Z084", "rainfall_mm": 1163.802276781, "max_daily_rainfall_mm": 43.720043, "max_3day_rainfall_mm": 97.90064600000001, "elevation_m": 324.0, "slope_deg": 1.7963172523867896, "historical_event_count": 0, "historical_data_available": true, "max_daily_rainfall_factor": 0.2819634703196347, "max_3day_rainfall_factor": 0.11986301369863013, "low_elevation_factor": 0.1506849315068493, "low_slope_factor": 0.4668949771689498, "low_lying": false, "historical_factor": 0.4634703196347032, "max_daily_rainfall_contribution": 5.87423896499239, "max_3day_rainfall_contribution": 2.4971461187214614, "low_elevation_contribution": 3.767123287671233, "low_slope_contribution": 7.78158295281583, "historical_contribution": 7.724505327245054, "risk_score": 28, "risk_class": "LOW"}, "geometry": {"type": "Polygon", "coordinates": [[[79.03612796161983, 21.22881546800066], [79.02649694820822, 21.228703075542654], [79.02647950764016, 21.230013626812998], [79.0361120425994, 21.23001755221769], [79.03612796161983, 21.22881546800066]]]}}, {"type": "Feature", "properties": {"zone_id": "Z085", "rainfall_mm": 1052.636185937, "max_daily_rainfall_mm": 36.789238, "max_3day_rainfall_mm": 98.898073, "elevation_m": 306.0, "slope_deg": 1.7964213810407137, "historical_event_count": 0, "historical_data_available": true, "max_daily_rainfall_factor": 0.03538812785388128, "max_3day_rainfall_factor": 0.2454337899543379, "low_elevation_factor": 0.3972602739726027, "low_slope_factor": 0.3698630136986301, "low_lying": false, "historical_factor": 0.4634703196347032, "max_daily_rainfall_contribution": 0.7372526636225267, "max_3day_rainfall_contribution": 5.11320395738204, "low_elevation_contribution": 9.931506849315069, "low_slope_contribution": 6.164383561643835, "historical_contribution": 7.724505327245054, "risk_score": 30, "risk_class": "LOW"}, "geometry": {"type": "Polygon", "coordinates": [[[79.03838861032794, 21.057242267699355], [79.04800861751983, 21.057353122955522], [79.04810424107731, 21.050021521237504], [79.03848329441759, 21.050018307482873], [79.03838861032794, 21.057242267699355]]]}}, {"type": "Feature", "properties": {"zone_id": "Z086", "rainfall_mm": 1052.636185937, "max_daily_rainfall_mm": 36.789238, "max_3day_rainfall_mm": 98.898073, "elevation_m": 310.0, "slope_deg": 1.136347105590608, "historical_event_count": 0, "historical_data_available": true, "max_daily_rainfall_factor": 0.03538812785388128, "max_3day_rainfall_factor": 0.2454337899543379, "low_elevation_factor": 0.3276255707762557, "low_slope_factor": 0.6643835616438356, "low_lying": false, "historical_factor": 0.4634703196347032, "max_daily_rainfall_contribution": 0.7372526636225267, "max_3day_rainfall_contribution": 5.11320395738204, "low_elevation_contribution": 8.190639269406393, "low_slope_contribution": 11.073059360730594, "historical_contribution": 7.724505327245054, "risk_score": 33, "risk_class": "MODERATE"}, "geometry": {"type": "Polygon", "coordinates": [[[79.03838861032794, 21.057242267699355], [79.03827019455541, 21.06627252841181], [79.04789078157297, 21.066383435620487], [79.04800861751983, 21.057353122955522], [79.03838861032794, 21.057242267699355]]]}}, {"type": "Feature", "properties": {"zone_id": "Z087", "rainfall_mm": 1052.636185937, "max_daily_rainfall_mm": 36.789238, "max_3day_rainfall_mm": 98.898073, "elevation_m": 308.0, "slope_deg": 1.6067492162846009, "historical_event_count": 0, "historical_data_available": true, "max_daily_rainfall_factor": 0.03538812785388128, "max_3day_rainfall_factor": 0.2454337899543379, "low_elevation_factor": 0.365296803652968, "low_slope_factor": 0.571917808219178, "low_lying": false, "historical_factor": 0.4634703196347032, "max_daily_rainfall_contribution": 0.7372526636225267, "max_3day_rainfall_contribution": 5.11320395738204, "low_elevation_contribution": 9.1324200913242, "low_slope_contribution": 9.531963470319635, "historical_contribution": 7.724505327245054, "risk_score": 32, "risk_class": "MODERATE"}, "geometry": {"type": "Polygon", "coordinates": [[[79.03827019455541, 21.06627252841181], [79.03815171602048, 21.075302778892407], [79.04777288317088, 21.075413738059655], [79.04789078157297, 21.066383435620487], [79.03827019455541, 21.06627252841181]]]}}, {"type": "Feature", "properties": {"zone_id": "Z088", "rainfall_mm": 1052.636185937, "max_daily_rainfall_mm": 36.789238, "max_3day_rainfall_mm": 98.898073, "elevation_m": 304.0, "slope_deg": 0.8035325853473997, "historical_event_count": 0, "historical_data_available": true, "max_daily_rainfall_factor": 0.03538812785388128, "max_3day_rainfall_factor": 0.2454337899543379, "low_elevation_factor": 0.430365296803653, "low_slope_factor": 0.8710045662100456, "low_lying": false, "historical_factor": 0.4634703196347032, "max_daily_rainfall_contribution": 0.7372526636225267, "max_3day_rainfall_contribution": 5.11320395738204, "low_elevation_contribution": 10.759132420091325, "low_slope_contribution": 14.516742770167427, "historical_contribution": 7.724505327245054, "risk_score": 39, "risk_class": "MODERATE"}, "geometry": {"type": "Polygon", "coordinates": [[[79.03815171602048, 21.075302778892407], [79.038033174706, 21.08433301913743], [79.04765492229646, 21.08444403026932], [79.04777288317088, 21.075413738059655], [79.03815171602048, 21.075302778892407]]]}}, {"type": "Feature", "properties": {"zone_id": "Z089", "rainfall_mm": 1052.636185937, "max_daily_rainfall_mm": 36.789238, "max_3day_rainfall_mm": 98.898073, "elevation_m": 314.0, "slope_deg": 1.6067492162846009, "historical_event_count": 0, "historical_data_available": true, "max_daily_rainfall_factor": 0.03538812785388128, "max_3day_rainfall_factor": 0.2454337899543379, "low_elevation_factor": 0.2636986301369863, "low_slope_factor": 0.571917808219178, "low_lying": false, "historical_factor": 0.4634703196347032, "max_daily_rainfall_contribution": 0.7372526636225267, "max_3day_rainfall_contribution": 5.11320395738204, "low_elevation_contribution": 6.592465753424658, "low_slope_contribution": 9.531963470319635, "historical_contribution": 7.724505327245054, "risk_score": 30, "risk_class": "LOW"}, "geometry": {"type": "Polygon", "coordinates": [[[79.038033174706, 21.08433301913743], [79.03791457059484, 21.093363249143174], [79.04753689893269, 21.09347431224578], [79.04765492229646, 21.08444403026932], [79.038033174706, 21.08433301913743]]]}}, {"type": "Feature", "properties": {"zone_id": "Z090", "rainfall_mm": 1052.636185937, "max_daily_rainfall_mm": 36.789238, "max_3day_rainfall_mm": 98.898073, "elevation_m": 314.0, "slope_deg": 2.409334683179326, "historical_event_count": 0, "historical_data_available": true, "max_daily_rainfall_factor": 0.03538812785388128, "max_3day_rainfall_factor": 0.2454337899543379, "low_elevation_factor": 0.2636986301369863, "low_slope_factor": 0.24885844748858446, "low_lying": false, "historical_factor": 0.4634703196347032, "max_daily_rainfall_contribution": 0.7372526636225267, "max_3day_rainfall_contribution": 5.11320395738204, "low_elevation_contribution": 6.592465753424658, "low_slope_contribution": 4.147640791476408, "historical_contribution": 7.724505327245054, "risk_score": 24, "risk_class": "LOW"}, "geometry": {"type": "Polygon", "coordinates": [[[79.03791457059484, 21.093363249143174], [79.03779590366979, 21.102393468905934], [79.04741881306244, 21.10250458398534], [79.04753689893269, 21.09347431224578], [79.03791457059484, 21.093363249143174]]]}}, {"type": "Feature", "properties": {"zone_id": "Z091", "rainfall_mm": 1114.724262765, "max_daily_rainfall_mm": 44.927498, "max_3day_rainfall_mm": 97.00333699999999, "elevation_m": 315.0, "slope_deg": 0.8036102593253973, "historical_event_count": 0, "historical_data_available": true, "max_daily_rainfall_factor": 0.4634703196347032, "max_3day_rainfall_factor": 0.0684931506849315, "low_elevation_factor": 0.25, "low_slope_factor": 0.7796803652968036, "low_lying": false, "historical_factor": 0.4634703196347032, "max_daily_rainfall_contribution": 9.655631659056318, "max_3day_rainfall_contribution": 1.4269406392694064, "low_elevation_contribution": 6.25, "low_slope_contribution": 12.994672754946729, "historical_contribution": 7.724505327245054, "risk_score": 38, "risk_class": "MODERATE"}, "geometry": {"type": "Polygon", "coordinates": [[[79.03779590366979, 21.102393468905934], [79.03767717391368, 21.111423678422025], [79.04730066466861, 21.111534845484304], [79.04741881306244, 21.10250458398534], [79.03779590366979, 21.102393468905934]]]}}, {"type": "Feature", "properties": {"zone_id": "Z092", "rainfall_mm": 1114.724262765, "max_daily_rainfall_mm": 44.927498, "max_3day_rainfall_mm": 97.00333699999999, "elevation_m": 313.0, "slope_deg": 1.7964213810407137, "historical_event_count": 0, "historical_data_available": true, "max_daily_rainfall_factor": 0.4634703196347032, "max_3day_rainfall_factor": 0.0684931506849315, "low_elevation_factor": 0.2773972602739726, "low_slope_factor": 0.3698630136986301, "low_lying": false, "historical_factor": 0.4634703196347032, "max_daily_rainfall_contribution": 9.655631659056318, "max_3day_rainfall_contribution": 1.4269406392694064, "low_elevation_contribution": 6.934931506849315, "low_slope_contribution": 6.164383561643835, "historical_contribution": 7.724505327245054, "risk_score": 32, "risk_class": "MODERATE"}, "geometry": {"type": "Polygon", "coordinates": [[[79.03767717391368, 21.111423678422025], [79.03755838130932, 21.120453877687734], [79.04718245373411, 21.12056509673897], [79.04730066466861, 21.111534845484304], [79.03767717391368, 21.111423678422025]]]}}, {"type": "Feature", "properties": {"zone_id": "Z093", "rainfall_mm": 1114.724262765, "max_daily_rainfall_mm": 44.927498, "max_3day_rainfall_mm": 97.00333699999999, "elevation_m": 320.75, "slope_deg": 0.9858598159040892, "historical_event_count": 0, "historical_data_available": true, "max_daily_rainfall_factor": 0.4634703196347032, "max_3day_rainfall_factor": 0.0684931506849315, "low_elevation_factor": 0.18949771689497716, "low_slope_factor": 0.730593607305936, "low_lying": false, "historical_factor": 0.4634703196347032, "max_daily_rainfall_contribution": 9.655631659056318, "max_3day_rainfall_contribution": 1.4269406392694064, "low_elevation_contribution": 4.737442922374429, "low_slope_contribution": 12.1765601217656, "historical_contribution": 7.724505327245054, "risk_score": 36, "risk_class": "MODERATE"}, "geometry": {"type": "Polygon", "coordinates": [[[79.03755838130932, 21.120453877687734], [79.03743952583952, 21.12948406669936], [79.04706418024183, 21.129595337745645], [79.04718245373411, 21.12056509673897], [79.03755838130932, 21.120453877687734]]]}}, {"type": "Feature", "properties": {"zone_id": "Z094", "rainfall_mm": 1114.724262765, "max_daily_rainfall_mm": 44.927498, "max_3day_rainfall_mm": 97.00333699999999, "elevation_m": 320.33984375, "slope_deg": 2.522970729661075, "historical_event_count": 1, "historical_data_available": true, "max_daily_rainfall_factor": 0.4634703196347032, "max_3day_rainfall_factor": 0.0684931506849315, "low_elevation_factor": 0.1917808219178082, "low_slope_factor": 0.228310502283105, "low_lying": false, "historical_factor": 0.958904109589041, "max_daily_rainfall_contribution": 9.655631659056318, "max_3day_rainfall_contribution": 1.4269406392694064, "low_elevation_contribution": 4.794520547945205, "low_slope_contribution": 3.8051750380517504, "historical_contribution": 15.981735159817353, "risk_score": 36, "risk_class": "MODERATE"}, "geometry": {"type": "Polygon", "coordinates": [[[79.03743952583952, 21.12948406669936], [79.03732060748705, 21.138514245453212], [79.04694584417462, 21.13862556850064], [79.04706418024183, 21.129595337745645], [79.03743952583952, 21.12948406669936]]]}}, {"type": "Feature", "properties": {"zone_id": "Z095", "rainfall_mm": 1114.724262765, "max_daily_rainfall_mm": 44.927498, "max_3day_rainfall_mm": 97.00333699999999, "elevation_m": 337.0, "slope_deg": 3.589317782023876, "historical_event_count": 0, "historical_data_available": true, "max_daily_rainfall_factor": 0.4634703196347032, "max_3day_rainfall_factor": 0.0684931506849315, "low_elevation_factor": 0.08105022831050228, "low_slope_factor": 0.0502283105022831, "low_lying": false, "historical_factor": 0.4634703196347032, "max_daily_rainfall_contribution": 9.655631659056318, "max_3day_rainfall_contribution": 1.4269406392694064, "low_elevation_contribution": 2.026255707762557, "low_slope_contribution": 0.8371385083713851, "historical_contribution": 7.724505327245054, "risk_score": 22, "risk_class": "LOW"}, "geometry": {"type": "Polygon", "coordinates": [[[79.03732060748705, 21.138514245453212], [79.03720162623469, 21.14754441394558], [79.04682744551532, 21.147655789000236], [79.04694584417462, 21.13862556850064], [79.03732060748705, 21.138514245453212]]]}}, {"type": "Feature", "properties": {"zone_id": "Z096", "rainfall_mm": 1147.4016432002, "max_daily_rainfall_mm": 42.18702, "max_3day_rainfall_mm": 98.436382, "elevation_m": 319.26953125, "slope_deg": 0.8471737902594485, "historical_event_count": 0, "historical_data_available": true, "max_daily_rainfall_factor": 0.16095890410958905, "max_3day_rainfall_factor": 0.1769406392694064, "low_elevation_factor": 0.19863013698630136, "low_slope_factor": 0.7328767123287672, "low_lying": false, "historical_factor": 0.4634703196347032, "max_daily_rainfall_contribution": 3.3533105022831053, "max_3day_rainfall_contribution": 3.686263318112634, "low_elevation_contribution": 4.965753424657534, "low_slope_contribution": 12.21461187214612, "historical_contribution": 7.724505327245054, "risk_score": 32, "risk_class": "MODERATE"}, "geometry": {"type": "Polygon", "coordinates": [[[79.03720162623469, 21.14754441394558], [79.0370825820652, 21.15657457217278], [79.04670898424682, 21.15668599924077], [79.04682744551532, 21.147655789000236], [79.03720162623469, 21.14754441394558]]]}}, {"type": "Feature", "properties": {"zone_id": "Z097", "rainfall_mm": 1147.4016432002, "max_daily_rainfall_mm": 42.18702, "max_3day_rainfall_mm": 98.436382, "elevation_m": 346.0, "slope_deg": 2.5397161746466046, "historical_event_count": 0, "historical_data_available": true, "max_daily_rainfall_factor": 0.16095890410958905, "max_3day_rainfall_factor": 0.1769406392694064, "low_elevation_factor": 0.04794520547945205, "low_slope_factor": 0.1632420091324201, "low_lying": false, "historical_factor": 0.4634703196347032, "max_daily_rainfall_contribution": 3.3533105022831053, "max_3day_rainfall_contribution": 3.686263318112634, "low_elevation_contribution": 1.1986301369863013, "low_slope_contribution": 2.720700152207002, "historical_contribution": 7.724505327245054, "risk_score": 19, "risk_class": "LOW"}, "geometry": {"type": "Polygon", "coordinates": [[[79.0370825820652, 21.15657457217278], [79.0369634749613, 21.165604720131107], [79.04659046035192, 21.16571619921853], [79.04670898424682, 21.15668599924077], [79.0370825820652, 21.15657457217278]]]}}, {"type": "Feature", "properties": {"zone_id": "Z098", "rainfall_mm": 1147.4016432002, "max_daily_rainfall_mm": 42.18702, "max_3day_rainfall_mm": 98.436382, "elevation_m": 329.0, "slope_deg": 7.368479570282629, "historical_event_count": 0, "historical_data_available": true, "max_daily_rainfall_factor": 0.16095890410958905, "max_3day_rainfall_factor": 0.1769406392694064, "low_elevation_factor": 0.11757990867579908, "low_slope_factor": 0.0091324200913242, "low_lying": false, "historical_factor": 0.4634703196347032, "max_daily_rainfall_contribution": 3.3533105022831053, "max_3day_rainfall_contribution": 3.686263318112634, "low_elevation_contribution": 2.939497716894977, "low_slope_contribution": 0.15220700152207, "historical_contribution": 7.724505327245054, "risk_score": 18, "risk_class": "LOW"}, "geometry": {"type": "Polygon", "coordinates": [[[79.0369634749613, 21.165604720131107], [79.03684430490577, 21.174634857816862], [79.04647187381346, 21.17474638892983], [79.04659046035192, 21.16571619921853], [79.0369634749613, 21.165604720131107]]]}}, {"type": "Feature", "properties": {"zone_id": "Z099", "rainfall_mm": 1147.4016432002, "max_daily_rainfall_mm": 42.18702, "max_3day_rainfall_mm": 98.436382, "elevation_m": 314.0, "slope_deg": 1.136347105590608, "historical_event_count": 0, "historical_data_available": true, "max_daily_rainfall_factor": 0.16095890410958905, "max_3day_rainfall_factor": 0.1769406392694064, "low_elevation_factor": 0.2636986301369863, "low_slope_factor": 0.6643835616438356, "low_lying": false, "historical_factor": 0.4634703196347032, "max_daily_rainfall_contribution": 3.3533105022831053, "max_3day_rainfall_contribution": 3.686263318112634, "low_elevation_contribution": 6.592465753424658, "low_slope_contribution": 11.073059360730594, "historical_contribution": 7.724505327245054, "risk_score": 32, "risk_class": "MODERATE"}, "geometry": {"type": "Polygon", "coordinates": [[[79.03684430490577, 21.174634857816862], [79.0367250718813, 21.183664985226358], [79.04635322461422, 21.18377656837098], [79.04647187381346, 21.17474638892983], [79.03684430490577, 21.174634857816862]]]}}, {"type": "Feature", "properties": {"zone_id": "Z100", "rainfall_mm": 1147.4016432002, "max_daily_rainfall_mm": 42.18702, "max_3day_rainfall_mm": 98.436382, "elevation_m": 316.0, "slope_deg": 4.319295934481344, "historical_event_count": 0, "historical_data_available": true, "max_daily_rainfall_factor": 0.16095890410958905, "max_3day_rainfall_factor": 0.1769406392694064, "low_elevation_factor": 0.2374429223744292, "low_slope_factor": 0.033105022831050226, "low_lying": false, "historical_factor": 0.4634703196347032, "max_daily_rainfall_contribution": 3.3533105022831053, "max_3day_rainfall_contribution": 3.686263318112634, "low_elevation_contribution": 5.93607305936073, "low_slope_contribution": 0.5517503805175038, "historical_contribution": 7.724505327245054, "risk_score": 21, "risk_class": "LOW"}, "geometry": {"type": "Polygon", "coordinates": [[[79.0367250718813, 21.183664985226358], [79.03660577587065, 21.192695102355902], [79.04623451273703, 21.192806737538284], [79.04635322461422, 21.18377656837098], [79.0367250718813, 21.183664985226358]]]}}, {"type": "Feature", "properties": {"zone_id": "Z101", "rainfall_mm": 1147.4016432002, "max_daily_rainfall_mm": 42.18702, "max_3day_rainfall_mm": 98.436382, "elevation_m": 316.046875, "slope_deg": 0.0313930811761503, "historical_event_count": 0, "historical_data_available": true, "max_daily_rainfall_factor": 0.16095890410958905, "max_3day_rainfall_factor": 0.1769406392694064, "low_elevation_factor": 0.23059360730593606, "low_slope_factor": 0.9178082191780822, "low_lying": false, "historical_factor": 0.4634703196347032, "max_daily_rainfall_contribution": 3.3533105022831053, "max_3day_rainfall_contribution": 3.686263318112634, "low_elevation_contribution": 5.764840182648402, "low_slope_contribution": 15.296803652968038, "historical_contribution": 7.724505327245054, "risk_score": 36, "risk_class": "MODERATE"}, "geometry": {"type": "Polygon", "coordinates": [[[79.03660577587065, 21.192695102355902], [79.03648641685649, 21.201725209201793], [79.04611573816467, 21.201836896428063], [79.04623451273703, 21.192806737538284], [79.03660577587065, 21.192695102355902]]]}}, {"type": "Feature", "properties": {"zone_id": "Z102", "rainfall_mm": 1163.802276781, "max_daily_rainfall_mm": 43.720043, "max_3day_rainfall_mm": 97.90064600000001, "elevation_m": 331.0, "slope_deg": 9.842725278645426, "historical_event_count": 0, "historical_data_available": true, "max_daily_rainfall_factor": 0.2819634703196347, "max_3day_rainfall_factor": 0.11986301369863013, "low_elevation_factor": 0.11187214611872145, "low_slope_factor": 0.0045662100456621, "low_lying": false, "historical_factor": 0.4634703196347032, "max_daily_rainfall_contribution": 5.87423896499239, "max_3day_rainfall_contribution": 2.4971461187214614, "low_elevation_contribution": 2.7968036529680362, "low_slope_contribution": 0.076103500761035, "historical_contribution": 7.724505327245054, "risk_score": 19, "risk_class": "LOW"}, "geometry": {"type": "Polygon", "coordinates": [[[79.03648641685649, 21.201725209201793], [79.03636699482152, 21.210755305760348], [79.04599690087991, 21.21086704503661], [79.04611573816467, 21.201836896428063], [79.03648641685649, 21.201725209201793]]]}}, {"type": "Feature", "properties": {"zone_id": "Z103", "rainfall_mm": 1163.802276781, "max_daily_rainfall_mm": 43.720043, "max_3day_rainfall_mm": 97.90064600000001, "elevation_m": 353.0, "slope_deg": 1.6067492162846009, "historical_event_count": 0, "historical_data_available": true, "max_daily_rainfall_factor": 0.2819634703196347, "max_3day_rainfall_factor": 0.11986301369863013, "low_elevation_factor": 0.01141552511415525, "low_slope_factor": 0.571917808219178, "low_lying": false, "historical_factor": 0.4634703196347032, "max_daily_rainfall_contribution": 5.87423896499239, "max_3day_rainfall_contribution": 2.4971461187214614, "low_elevation_contribution": 0.28538812785388123, "low_slope_contribution": 9.531963470319635, "historical_contribution": 7.724505327245054, "risk_score": 26, "risk_class": "LOW"}, "geometry": {"type": "Polygon", "coordinates": [[[79.03636699482152, 21.210755305760348], [79.0362475097484, 21.21978539202786], [79.04587800086553, 21.219897183360256], [79.04599690087991, 21.21086704503661], [79.03636699482152, 21.210755305760348]]]}}, {"type": "Feature", "properties": {"zone_id": "Z104", "rainfall_mm": 1163.802276781, "max_daily_rainfall_mm": 43.720043, "max_3day_rainfall_mm": 97.90064600000001, "elevation_m": 335.0, "slope_deg": 2.5397161746466046, "historical_event_count": 0, "historical_data_available": true, "max_daily_rainfall_factor": 0.2819634703196347, "max_3day_rainfall_factor": 0.11986301369863013, "low_elevation_factor": 0.091324200913242, "low_slope_factor": 0.1632420091324201, "low_lying": false, "historical_factor": 0.4634703196347032, "max_daily_rainfall_contribution": 5.87423896499239, "max_3day_rainfall_contribution": 2.4971461187214614, "low_elevation_contribution": 2.28310502283105, "low_slope_contribution": 2.720700152207002, "historical_contribution": 7.724505327245054, "risk_score": 21, "risk_class": "LOW"}, "geometry": {"type": "Polygon", "coordinates": [[[79.0362475097484, 21.21978539202786], [79.03612796161983, 21.22881546800066], [79.04575903810426, 21.228927311395303], [79.04587800086553, 21.219897183360256], [79.0362475097484, 21.21978539202786]]]}}, {"type": "Feature", "properties": {"zone_id": "Z105", "rainfall_mm": 1163.802276781, "max_daily_rainfall_mm": 43.720043, "max_3day_rainfall_mm": 97.90064600000001, "elevation_m": 328.0, "slope_deg": 1.7964213810407137, "historical_event_count": 0, "historical_data_available": true, "max_daily_rainfall_factor": 0.2819634703196347, "max_3day_rainfall_factor": 0.11986301369863013, "low_elevation_factor": 0.12100456621004566, "low_slope_factor": 0.3698630136986301, "low_lying": false, "historical_factor": 0.4634703196347032, "max_daily_rainfall_contribution": 5.87423896499239, "max_3day_rainfall_contribution": 2.4971461187214614, "low_elevation_contribution": 3.0251141552511416, "low_slope_contribution": 6.164383561643835, "historical_contribution": 7.724505327245054, "risk_score": 25, "risk_class": "LOW"}, "geometry": {"type": "Polygon", "coordinates": [[[79.04575903810426, 21.228927311395303], [79.03612796161983, 21.22881546800066], [79.0361120425994, 21.23001755221769], [79.0457446265566, 21.230020927269553], [79.04575903810426, 21.228927311395303]]]}}, {"type": "Feature", "properties": {"zone_id": "Z106", "rainfall_mm": 1108.426344, "max_daily_rainfall_mm": 46.527706, "max_3day_rainfall_mm": 121.851667, "elevation_m": 307.0, "slope_deg": 0.0, "historical_event_count": 0, "historical_data_available": true, "max_daily_rainfall_factor": 0.5947488584474886, "max_3day_rainfall_factor": 0.8162100456621004, "low_elevation_factor": 0.3767123287671233, "low_slope_factor": 0.9600456621004566, "low_lying": false, "historical_factor": 0.4634703196347032, "max_daily_rainfall_contribution": 12.390601217656014, "max_3day_rainfall_contribution": 17.00437595129376, "low_elevation_contribution": 9.417808219178083, "low_slope_contribution": 16.00076103500761, "historical_contribution": 7.724505327245054, "risk_score": 63, "risk_class": "HIGH"}, "geometry": {"type": "Polygon", "coordinates": [[[79.04800861751983, 21.057353122955522], [79.05762868714991, 21.057463433983063], [79.05772523634423, 21.050024189734213], [79.04810424107731, 21.050021521237504], [79.04800861751983, 21.057353122955522]]]}}, {"type": "Feature", "properties": {"zone_id": "Z107", "rainfall_mm": 1108.426344, "max_daily_rainfall_mm": 46.527706, "max_3day_rainfall_mm": 121.851667, "elevation_m": 304.0, "slope_deg": 2.2718009544716, "historical_event_count": 0, "historical_data_available": true, "max_daily_rainfall_factor": 0.5947488584474886, "max_3day_rainfall_factor": 0.8162100456621004, "low_elevation_factor": 0.430365296803653, "low_slope_factor": 0.2865296803652968, "low_lying": false, "historical_factor": 0.4634703196347032, "max_daily_rainfall_contribution": 12.390601217656014, "max_3day_rainfall_contribution": 17.00437595129376, "low_elevation_contribution": 10.759132420091325, "low_slope_contribution": 4.775494672754947, "historical_contribution": 7.724505327245054, "risk_score": 53, "risk_class": "MODERATE"}, "geometry": {"type": "Polygon", "coordinates": [[[79.04800861751983, 21.057353122955522], [79.04789078157297, 21.066383435620487], [79.05751143104578, 21.06649379834556], [79.05762868714991, 21.057463433983063], [79.04800861751983, 21.057353122955522]]]}}, {"type": "Feature", "properties": {"zone_id": "Z108", "rainfall_mm": 1108.426344, "max_daily_rainfall_mm": 46.527706, "max_3day_rainfall_mm": 121.851667, "elevation_m": 301.0, "slope_deg": 2.894987945295464, "historical_event_count": 0, "historical_data_available": true, "max_daily_rainfall_factor": 0.5947488584474886, "max_3day_rainfall_factor": 0.8162100456621004, "low_elevation_factor": 0.5, "low_slope_factor": 0.1324200913242009, "low_lying": false, "historical_factor": 0.4634703196347032, "max_daily_rainfall_contribution": 12.390601217656014, "max_3day_rainfall_contribution": 17.00437595129376, "low_elevation_contribution": 12.5, "low_slope_contribution": 2.207001522070015, "historical_contribution": 7.724505327245054, "risk_score": 52, "risk_class": "MODERATE"}, "geometry": {"type": "Polygon", "coordinates": [[[79.04789078157297, 21.066383435620487], [79.04777288317088, 21.075413738059655], [79.05739411279357, 21.07552415248829], [79.05751143104578, 21.06649379834556], [79.04789078157297, 21.066383435620487]]]}}, {"type": "Feature", "properties": {"zone_id": "Z109", "rainfall_mm": 1108.426344, "max_daily_rainfall_mm": 46.527706, "max_3day_rainfall_mm": 121.851667, "elevation_m": 303.0, "slope_deg": 1.6067492162846009, "historical_event_count": 0, "historical_data_available": true, "max_daily_rainfall_factor": 0.5947488584474886, "max_3day_rainfall_factor": 0.8162100456621004, "low_elevation_factor": 0.4531963470319635, "low_slope_factor": 0.571917808219178, "low_lying": false, "historical_factor": 0.4634703196347032, "max_daily_rainfall_contribution": 12.390601217656014, "max_3day_rainfall_contribution": 17.00437595129376, "low_elevation_contribution": 11.329908675799087, "low_slope_contribution": 9.531963470319635, "historical_contribution": 7.724505327245054, "risk_score": 58, "risk_class": "HIGH"}, "geometry": {"type": "Polygon", "coordinates": [[[79.04777288317088, 21.075413738059655], [79.04765492229646, 21.08444403026932], [79.05727673237631, 21.084554496407563], [79.05739411279357, 21.07552415248829], [79.04777288317088, 21.075413738059655]]]}}, {"type": "Feature", "properties": {"zone_id": "Z110", "rainfall_mm": 1108.426344, "max_daily_rainfall_mm": 46.527706, "max_3day_rainfall_mm": 121.851667, "elevation_m": 312.0, "slope_deg": 2.2718009544716, "historical_event_count": 0, "historical_data_available": true, "max_daily_rainfall_factor": 0.5947488584474886, "max_3day_rainfall_factor": 0.8162100456621004, "low_elevation_factor": 0.2910958904109589, "low_slope_factor": 0.2865296803652968, "low_lying": false, "historical_factor": 0.4634703196347032, "max_daily_rainfall_contribution": 12.390601217656014, "max_3day_rainfall_contribution": 17.00437595129376, "low_elevation_contribution": 7.277397260273973, "low_slope_contribution": 4.775494672754947, "historical_contribution": 7.724505327245054, "risk_score": 49, "risk_class": "MODERATE"}, "geometry": {"type": "Polygon", "coordinates": [[[79.04765492229646, 21.08444403026932], [79.04753689893269, 21.09347431224578], [79.05715928977699, 21.093584830099676], [79.05727673237631, 21.084554496407563], [79.04765492229646, 21.08444403026932]]]}}, {"type": "Feature", "properties": {"zone_id": "Z111", "rainfall_mm": 1108.426344, "max_daily_rainfall_mm": 46.527706, "max_3day_rainfall_mm": 121.851667, "elevation_m": 309.0, "slope_deg": 1.136347105590608, "historical_event_count": 1, "historical_data_available": true, "max_daily_rainfall_factor": 0.5947488584474886, "max_3day_rainfall_factor": 0.8162100456621004, "low_elevation_factor": 0.3481735159817352, "low_slope_factor": 0.6643835616438356, "low_lying": false, "historical_factor": 0.958904109589041, "max_daily_rainfall_contribution": 12.390601217656014, "max_3day_rainfall_contribution": 17.00437595129376, "low_elevation_contribution": 8.704337899543379, "low_slope_contribution": 11.073059360730594, "historical_contribution": 15.981735159817353, "risk_score": 65, "risk_class": "HIGH"}, "geometry": {"type": "Polygon", "coordinates": [[[79.04753689893269, 21.09347431224578], [79.04741881306244, 21.10250458398534], [79.05704178497864, 21.102615153560926], [79.05715928977699, 21.093584830099676], [79.04753689893269, 21.09347431224578]]]}}, {"type": "Feature", "properties": {"zone_id": "Z112", "rainfall_mm": 1178.91059068, "max_daily_rainfall_mm": 44.55476, "max_3day_rainfall_mm": 109.521366, "elevation_m": 305.0, "slope_deg": 2.539520020526714, "historical_event_count": 0, "historical_data_available": true, "max_daily_rainfall_factor": 0.3356164383561644, "max_3day_rainfall_factor": 0.7511415525114156, "low_elevation_factor": 0.4155251141552511, "low_slope_factor": 0.2054794520547945, "low_lying": false, "historical_factor": 0.4634703196347032, "max_daily_rainfall_contribution": 6.992009132420092, "max_3day_rainfall_contribution": 15.648782343987826, "low_elevation_contribution": 10.388127853881278, "low_slope_contribution": 3.4246575342465753, "historical_contribution": 7.724505327245054, "risk_score": 44, "risk_class": "MODERATE"}, "geometry": {"type": "Polygon", "coordinates": [[[79.04741881306244, 21.10250458398534], [79.04730066466861, 21.111534845484304], [79.05692421796421, 21.111645466787643], [79.05704178497864, 21.102615153560926], [79.04741881306244, 21.10250458398534]]]}}, {"type": "Feature", "properties": {"zone_id": "Z113", "rainfall_mm": 1178.91059068, "max_daily_rainfall_mm": 44.55476, "max_3day_rainfall_mm": 109.521366, "elevation_m": 316.0, "slope_deg": 1.136347105590608, "historical_event_count": 2, "historical_data_available": true, "max_daily_rainfall_factor": 0.3356164383561644, "max_3day_rainfall_factor": 0.7511415525114156, "low_elevation_factor": 0.2374429223744292, "low_slope_factor": 0.6643835616438356, "low_lying": false, "historical_factor": 0.9954337899543378, "max_daily_rainfall_contribution": 6.992009132420092, "max_3day_rainfall_contribution": 15.648782343987826, "low_elevation_contribution": 5.93607305936073, "low_slope_contribution": 11.073059360730594, "historical_contribution": 16.590563165905632, "risk_score": 56, "risk_class": "HIGH"}, "geometry": {"type": "Polygon", "coordinates": [[[79.04730066466861, 21.111534845484304], [79.04718245373411, 21.12056509673897], [79.0568065887167, 21.120675769776106], [79.05692421796421, 21.111645466787643], [79.04730066466861, 21.111534845484304]]]}}, {"type": "Feature", "properties": {"zone_id": "Z114", "rainfall_mm": 1178.91059068, "max_daily_rainfall_mm": 44.55476, "max_3day_rainfall_mm": 109.521366, "elevation_m": 317.0, "slope_deg": 1.7964213810407137, "historical_event_count": 0, "historical_data_available": true, "max_daily_rainfall_factor": 0.3356164383561644, "max_3day_rainfall_factor": 0.7511415525114156, "low_elevation_factor": 0.22488584474885845, "low_slope_factor": 0.3698630136986301, "low_lying": false, "historical_factor": 0.4634703196347032, "max_daily_rainfall_contribution": 6.992009132420092, "max_3day_rainfall_contribution": 15.648782343987826, "low_elevation_contribution": 5.622146118721461, "low_slope_contribution": 6.164383561643835, "historical_contribution": 7.724505327245054, "risk_score": 42, "risk_class": "MODERATE"}, "geometry": {"type": "Polygon", "coordinates": [[[79.04718245373411, 21.12056509673897], [79.04706418024183, 21.129595337745645], [79.05668889721906, 21.129706062522644], [79.0568065887167, 21.120675769776106], [79.04718245373411, 21.12056509673897]]]}}, {"type": "Feature", "properties": {"zone_id": "Z115", "rainfall_mm": 1178.91059068, "max_daily_rainfall_mm": 44.55476, "max_3day_rainfall_mm": 109.521366, "elevation_m": 318.0, "slope_deg": 8.33120374591965, "historical_event_count": 0, "historical_data_available": true, "max_daily_rainfall_factor": 0.3356164383561644, "max_3day_rainfall_factor": 0.7511415525114156, "low_elevation_factor": 0.21232876712328766, "low_slope_factor": 0.00684931506849315, "low_lying": false, "historical_factor": 0.4634703196347032, "max_daily_rainfall_contribution": 6.992009132420092, "max_3day_rainfall_contribution": 15.648782343987826, "low_elevation_contribution": 5.308219178082192, "low_slope_contribution": 0.11415525114155252, "historical_contribution": 7.724505327245054, "risk_score": 36, "risk_class": "MODERATE"}, "geometry": {"type": "Polygon", "coordinates": [[[79.04706418024183, 21.129595337745645], [79.04694584417462, 21.13862556850064], [79.05657114345424, 21.138736345023556], [79.05668889721906, 21.129706062522644], [79.04706418024183, 21.129595337745645]]]}}, {"type": "Feature", "properties": {"zone_id": "Z116", "rainfall_mm": 1178.91059068, "max_daily_rainfall_mm": 44.55476, "max_3day_rainfall_mm": 109.521366, "elevation_m": 320.0, "slope_deg": 0.8036102593253973, "historical_event_count": 0, "historical_data_available": true, "max_daily_rainfall_factor": 0.3356164383561644, "max_3day_rainfall_factor": 0.7511415525114156, "low_elevation_factor": 0.1952054794520548, "low_slope_factor": 0.7796803652968036, "low_lying": false, "historical_factor": 0.4634703196347032, "max_daily_rainfall_contribution": 6.992009132420092, "max_3day_rainfall_contribution": 15.648782343987826, "low_elevation_contribution": 4.88013698630137, "low_slope_contribution": 12.994672754946729, "historical_contribution": 7.724505327245054, "risk_score": 48, "risk_class": "MODERATE"}, "geometry": {"type": "Polygon", "coordinates": [[[79.04694584417462, 21.13862556850064], [79.04682744551532, 21.147655789000236], [79.0564533274052, 21.147766617275146], [79.05657114345424, 21.138736345023556], [79.04694584417462, 21.13862556850064]]]}}, {"type": "Feature", "properties": {"zone_id": "Z117", "rainfall_mm": 1150.3373648338, "max_daily_rainfall_mm": 47.884903, "max_3day_rainfall_mm": 102.08406499999998, "elevation_m": 311.0, "slope_deg": 1.6067492162846009, "historical_event_count": 0, "historical_data_available": true, "max_daily_rainfall_factor": 0.6700913242009132, "max_3day_rainfall_factor": 0.4212328767123288, "low_elevation_factor": 0.3093607305936073, "low_slope_factor": 0.571917808219178, "low_lying": false, "historical_factor": 0.4634703196347032, "max_daily_rainfall_contribution": 13.96023592085236, "max_3day_rainfall_contribution": 8.77568493150685, "low_elevation_contribution": 7.7340182648401825, "low_slope_contribution": 9.531963470319635, "historical_contribution": 7.724505327245054, "risk_score": 48, "risk_class": "MODERATE"}, "geometry": {"type": "Polygon", "coordinates": [[[79.04682744551532, 21.147655789000236], [79.04670898424682, 21.15668599924077], [79.05633544905484, 21.156796879273735], [79.0564533274052, 21.147766617275146], [79.04682744551532, 21.147655789000236]]]}}, {"type": "Feature", "properties": {"zone_id": "Z118", "rainfall_mm": 1150.3373648338, "max_daily_rainfall_mm": 47.884903, "max_3day_rainfall_mm": 102.08406499999998, "elevation_m": 325.0, "slope_deg": 4.675593702524733, "historical_event_count": 0, "historical_data_available": true, "max_daily_rainfall_factor": 0.6700913242009132, "max_3day_rainfall_factor": 0.4212328767123288, "low_elevation_factor": 0.136986301369863, "low_slope_factor": 0.02511415525114155, "low_lying": false, "historical_factor": 0.4634703196347032, "max_daily_rainfall_contribution": 13.96023592085236, "max_3day_rainfall_contribution": 8.77568493150685, "low_elevation_contribution": 3.4246575342465753, "low_slope_contribution": 0.4185692541856926, "historical_contribution": 7.724505327245054, "risk_score": 34, "risk_class": "MODERATE"}, "geometry": {"type": "Polygon", "coordinates": [[[79.04670898424682, 21.15668599924077], [79.04659046035192, 21.16571619921853], [79.0562175083861, 21.165827131015625], [79.05633544905484, 21.156796879273735], [79.04670898424682, 21.15668599924077]]]}}, {"type": "Feature", "properties": {"zone_id": "Z119", "rainfall_mm": 1150.3373648338, "max_daily_rainfall_mm": 47.884903, "max_3day_rainfall_mm": 102.08406499999998, "elevation_m": 348.0, "slope_deg": 1.7964213810407137, "historical_event_count": 1, "historical_data_available": true, "max_daily_rainfall_factor": 0.6700913242009132, "max_3day_rainfall_factor": 0.4212328767123288, "low_elevation_factor": 0.033105022831050226, "low_slope_factor": 0.3698630136986301, "low_lying": false, "historical_factor": 0.958904109589041, "max_daily_rainfall_contribution": 13.96023592085236, "max_3day_rainfall_contribution": 8.77568493150685, "low_elevation_contribution": 0.8276255707762556, "low_slope_contribution": 6.164383561643835, "historical_contribution": 15.981735159817353, "risk_score": 46, "risk_class": "MODERATE"}, "geometry": {"type": "Polygon", "coordinates": [[[79.04659046035192, 21.16571619921853], [79.04647187381346, 21.17474638892983], [79.05609950538188, 21.17485737249713], [79.0562175083861, 21.165827131015625], [79.04659046035192, 21.16571619921853]]]}}, {"type": "Feature", "properties": {"zone_id": "Z120", "rainfall_mm": 1150.3373648338, "max_daily_rainfall_mm": 47.884903, "max_3day_rainfall_mm": 102.08406499999998, "elevation_m": 313.0, "slope_deg": 3.3098816119282364, "historical_event_count": 0, "historical_data_available": true, "max_daily_rainfall_factor": 0.6700913242009132, "max_3day_rainfall_factor": 0.4212328767123288, "low_elevation_factor": 0.2773972602739726, "low_slope_factor": 0.07077625570776255, "low_lying": false, "historical_factor": 0.4634703196347032, "max_daily_rainfall_contribution": 13.96023592085236, "max_3day_rainfall_contribution": 8.77568493150685, "low_elevation_contribution": 6.934931506849315, "low_slope_contribution": 1.1796042617960427, "historical_contribution": 7.724505327245054, "risk_score": 39, "risk_class": "MODERATE"}, "geometry": {"type": "Polygon", "coordinates": [[[79.04647187381346, 21.17474638892983], [79.04635322461422, 21.18377656837098], [79.05598144002509, 21.183887603714567], [79.05609950538188, 21.17485737249713], [79.04647187381346, 21.17474638892983]]]}}, {"type": "Feature", "properties": {"zone_id": "Z121", "rainfall_mm": 1150.3373648338, "max_daily_rainfall_mm": 47.884903, "max_3day_rainfall_mm": 102.08406499999998, "elevation_m": 309.0, "slope_deg": 1.6069044726299722, "historical_event_count": 0, "historical_data_available": true, "max_daily_rainfall_factor": 0.6700913242009132, "max_3day_rainfall_factor": 0.4212328767123288, "low_elevation_factor": 0.3481735159817352, "low_slope_factor": 0.5273972602739726, "low_lying": false, "historical_factor": 0.4634703196347032, "max_daily_rainfall_contribution": 13.96023592085236, "max_3day_rainfall_contribution": 8.77568493150685, "low_elevation_contribution": 8.704337899543379, "low_slope_contribution": 8.789954337899545, "historical_contribution": 7.724505327245054, "risk_score": 48, "risk_class": "MODERATE"}, "geometry": {"type": "Polygon", "coordinates": [[[79.04635322461422, 21.18377656837098], [79.04623451273703, 21.192806737538284], [79.05586331229858, 21.192917824664235], [79.05598144002509, 21.183887603714567], [79.04635322461422, 21.18377656837098]]]}}, {"type": "Feature", "properties": {"zone_id": "Z122", "rainfall_mm": 1150.3373648338, "max_daily_rainfall_mm": 47.884903, "max_3day_rainfall_mm": 102.08406499999998, "elevation_m": 320.0, "slope_deg": 4.09091192178601, "historical_event_count": 0, "historical_data_available": true, "max_daily_rainfall_factor": 0.6700913242009132, "max_3day_rainfall_factor": 0.4212328767123288, "low_elevation_factor": 0.1952054794520548, "low_slope_factor": 0.0365296803652968, "low_lying": false, "historical_factor": 0.4634703196347032, "max_daily_rainfall_contribution": 13.96023592085236, "max_3day_rainfall_contribution": 8.77568493150685, "low_elevation_contribution": 4.88013698630137, "low_slope_contribution": 0.60882800608828, "historical_contribution": 7.724505327245054, "risk_score": 36, "risk_class": "MODERATE"}, "geometry": {"type": "Polygon", "coordinates": [[[79.04623451273703, 21.192806737538284], [79.04611573816467, 21.201836896428063], [79.05574512218524, 21.20194803534247], [79.05586331229858, 21.192917824664235], [79.04623451273703, 21.192806737538284]]]}}, {"type": "Feature", "properties": {"zone_id": "Z123", "rainfall_mm": 1175.3396952121, "max_daily_rainfall_mm": 50.390884, "max_3day_rainfall_mm": 100.781768, "elevation_m": 313.0, "slope_deg": 4.319597173098505, "historical_event_count": 0, "historical_data_available": true, "max_daily_rainfall_factor": 0.8230593607305936, "max_3day_rainfall_factor": 0.3527397260273973, "low_elevation_factor": 0.2773972602739726, "low_slope_factor": 0.02968036529680365, "low_lying": false, "historical_factor": 0.4634703196347032, "max_daily_rainfall_contribution": 17.147070015220702, "max_3day_rainfall_contribution": 7.348744292237444, "low_elevation_contribution": 6.934931506849315, "low_slope_contribution": 0.4946727549467276, "historical_contribution": 7.724505327245054, "risk_score": 40, "risk_class": "MODERATE"}, "geometry": {"type": "Polygon", "coordinates": [[[79.04611573816467, 21.201836896428063], [79.04599690087991, 21.21086704503661], [79.05562686966795, 21.21097823574557], [79.05574512218524, 21.20194803534247], [79.04611573816467, 21.201836896428063]]]}}, {"type": "Feature", "properties": {"zone_id": "Z124", "rainfall_mm": 1175.3396952121, "max_daily_rainfall_mm": 50.390884, "max_3day_rainfall_mm": 100.781768, "elevation_m": 318.0, "slope_deg": 2.409334683179326, "historical_event_count": 0, "historical_data_available": true, "max_daily_rainfall_factor": 0.8230593607305936, "max_3day_rainfall_factor": 0.3527397260273973, "low_elevation_factor": 0.21232876712328766, "low_slope_factor": 0.24885844748858446, "low_lying": false, "historical_factor": 0.4634703196347032, "max_daily_rainfall_contribution": 17.147070015220702, "max_3day_rainfall_contribution": 7.348744292237444, "low_elevation_contribution": 5.308219178082192, "low_slope_contribution": 4.147640791476408, "historical_contribution": 7.724505327245054, "risk_score": 42, "risk_class": "MODERATE"}, "geometry": {"type": "Polygon", "coordinates": [[[79.04599690087991, 21.21086704503661], [79.04587800086553, 21.219897183360256], [79.05550855472951, 21.22000842586985], [79.05562686966795, 21.21097823574557], [79.04599690087991, 21.21086704503661]]]}}, {"type": "Feature", "properties": {"zone_id": "Z125", "rainfall_mm": 1175.3396952121, "max_daily_rainfall_mm": 50.390884, "max_3day_rainfall_mm": 100.781768, "elevation_m": 322.0, "slope_deg": 1.7964213810407137, "historical_event_count": 0, "historical_data_available": true, "max_daily_rainfall_factor": 0.8230593607305936, "max_3day_rainfall_factor": 0.3527397260273973, "low_elevation_factor": 0.17579908675799086, "low_slope_factor": 0.3698630136986301, "low_lying": false, "historical_factor": 0.4634703196347032, "max_daily_rainfall_contribution": 17.147070015220702, "max_3day_rainfall_contribution": 7.348744292237444, "low_elevation_contribution": 4.394977168949771, "low_slope_contribution": 6.164383561643835, "historical_contribution": 7.724505327245054, "risk_score": 43, "risk_class": "MODERATE"}, "geometry": {"type": "Polygon", "coordinates": [[[79.04587800086553, 21.219897183360256], [79.04575903810426, 21.228927311395303], [79.05539017735282, 21.22903860571164], [79.05550855472951, 21.22000842586985], [79.04587800086553, 21.219897183360256]]]}}, {"type": "Feature", "properties": {"zone_id": "Z126", "rainfall_mm": 1175.3396952121, "max_daily_rainfall_mm": 50.390884, "max_3day_rainfall_mm": 100.781768, "elevation_m": 327.0, "slope_deg": 2.2718009544716, "historical_event_count": 0, "historical_data_available": true, "max_daily_rainfall_factor": 0.8230593607305936, "max_3day_rainfall_factor": 0.3527397260273973, "low_elevation_factor": 0.12557077625570776, "low_slope_factor": 0.2865296803652968, "low_lying": false, "historical_factor": 0.4634703196347032, "max_daily_rainfall_contribution": 17.147070015220702, "max_3day_rainfall_contribution": 7.348744292237444, "low_elevation_contribution": 3.139269406392694, "low_slope_contribution": 4.775494672754947, "historical_contribution": 7.724505327245054, "risk_score": 40, "risk_class": "MODERATE"}, "geometry": {"type": "Polygon", "coordinates": [[[79.05539017735282, 21.22903860571164], [79.04575903810426, 21.228927311395303], [79.0457446265566, 21.230020927269553], [79.05537725920257, 21.230023751962847], [79.05539017735282, 21.22903860571164]]]}}, {"type": "Feature", "properties": {"zone_id": "Z127", "rainfall_mm": 1108.426344, "max_daily_rainfall_mm": 46.527706, "max_3day_rainfall_mm": 121.851667, "elevation_m": 302.0, "slope_deg": 0.0, "historical_event_count": 0, "historical_data_available": true, "max_daily_rainfall_factor": 0.5947488584474886, "max_3day_rainfall_factor": 0.8162100456621004, "low_elevation_factor": 0.4794520547945205, "low_slope_factor": 0.9600456621004566, "low_lying": false, "historical_factor": 0.4634703196347032, "max_daily_rainfall_contribution": 12.390601217656014, "max_3day_rainfall_contribution": 17.00437595129376, "low_elevation_contribution": 11.986301369863012, "low_slope_contribution": 16.00076103500761, "historical_contribution": 7.724505327245054, "risk_score": 65, "risk_class": "HIGH"}, "geometry": {"type": "Polygon", "coordinates": [[[79.05762868714991, 21.057463433983063], [79.0672488189111, 21.05757320076725], [79.06734627991082, 21.05002631296738], [79.05772523634423, 21.050024189734213], [79.05762868714991, 21.057463433983063]]]}}, {"type": "Feature", "properties": {"zone_id": "Z128", "rainfall_mm": 1108.426344, "max_daily_rainfall_mm": 46.527706, "max_3day_rainfall_mm": 121.851667, "elevation_m": 301.0, "slope_deg": 2.2718009544716, "historical_event_count": 0, "historical_data_available": true, "max_daily_rainfall_factor": 0.5947488584474886, "max_3day_rainfall_factor": 0.8162100456621004, "low_elevation_factor": 0.5, "low_slope_factor": 0.2865296803652968, "low_lying": false, "historical_factor": 0.4634703196347032, "max_daily_rainfall_contribution": 12.390601217656014, "max_3day_rainfall_contribution": 17.00437595129376, "low_elevation_contribution": 12.5, "low_slope_contribution": 4.775494672754947, "historical_contribution": 7.724505327245054, "risk_score": 54, "risk_class": "MODERATE"}, "geometry": {"type": "Polygon", "coordinates": [[[79.05762868714991, 21.057463433983063], [79.05751143104578, 21.06649379834556], [79.06713214266665, 21.066603616572287], [79.0672488189111, 21.05757320076725], [79.05762868714991, 21.057463433983063]]]}}, {"type": "Feature", "properties": {"zone_id": "Z129", "rainfall_mm": 1108.426344, "max_daily_rainfall_mm": 46.527706, "max_3day_rainfall_mm": 121.851667, "elevation_m": 299.0, "slope_deg": 1.136347105590608, "historical_event_count": 0, "historical_data_available": true, "max_daily_rainfall_factor": 0.5947488584474886, "max_3day_rainfall_factor": 0.8162100456621004, "low_elevation_factor": 0.5445205479452054, "low_slope_factor": 0.6643835616438356, "low_lying": false, "historical_factor": 0.4634703196347032, "max_daily_rainfall_contribution": 12.390601217656014, "max_3day_rainfall_contribution": 17.00437595129376, "low_elevation_contribution": 13.613013698630136, "low_slope_contribution": 11.073059360730594, "historical_contribution": 7.724505327245054, "risk_score": 62, "risk_class": "HIGH"}, "geometry": {"type": "Polygon", "coordinates": [[[79.05751143104578, 21.06649379834556], [79.05739411279357, 21.07552415248829], [79.06701540458133, 21.075634022163563], [79.06713214266665, 21.066603616572287], [79.05751143104578, 21.06649379834556]]]}}, {"type": "Feature", "properties": {"zone_id": "Z130", "rainfall_mm": 1108.426344, "max_daily_rainfall_mm": 46.527706, "max_3day_rainfall_mm": 121.851667, "elevation_m": 309.0, "slope_deg": 2.2718009544716, "historical_event_count": 0, "historical_data_available": true, "max_daily_rainfall_factor": 0.5947488584474886, "max_3day_rainfall_factor": 0.8162100456621004, "low_elevation_factor": 0.3481735159817352, "low_slope_factor": 0.2865296803652968, "low_lying": false, "historical_factor": 0.4634703196347032, "max_daily_rainfall_contribution": 12.390601217656014, "max_3day_rainfall_contribution": 17.00437595129376, "low_elevation_contribution": 8.704337899543379, "low_slope_contribution": 4.775494672754947, "historical_contribution": 7.724505327245054, "risk_score": 51, "risk_class": "MODERATE"}, "geometry": {"type": "Polygon", "coordinates": [[[79.05739411279357, 21.07552415248829], [79.05727673237631, 21.084554496407563], [79.0668986046382, 21.084664417537397], [79.06701540458133, 21.075634022163563], [79.05739411279357, 21.07552415248829]]]}}, {"type": "Feature", "properties": {"zone_id": "Z131", "rainfall_mm": 1108.426344, "max_daily_rainfall_mm": 46.527706, "max_3day_rainfall_mm": 121.851667, "elevation_m": 303.0, "slope_deg": 1.7963172523867896, "historical_event_count": 0, "historical_data_available": true, "max_daily_rainfall_factor": 0.5947488584474886, "max_3day_rainfall_factor": 0.8162100456621004, "low_elevation_factor": 0.4531963470319635, "low_slope_factor": 0.4668949771689498, "low_lying": false, "historical_factor": 0.4634703196347032, "max_daily_rainfall_contribution": 12.390601217656014, "max_3day_rainfall_contribution": 17.00437595129376, "low_elevation_contribution": 11.329908675799087, "low_slope_contribution": 7.78158295281583, "historical_contribution": 7.724505327245054, "risk_score": 56, "risk_class": "HIGH"}, "geometry": {"type": "Polygon", "coordinates": [[[79.05727673237631, 21.084554496407563], [79.05715928977699, 21.093584830099676], [79.06678174282037, 21.09369480269008], [79.0668986046382, 21.084664417537397], [79.05727673237631, 21.084554496407563]]]}}, {"type": "Feature", "properties": {"zone_id": "Z132", "rainfall_mm": 1108.426344, "max_daily_rainfall_mm": 46.527706, "max_3day_rainfall_mm": 121.851667, "elevation_m": 302.0, "slope_deg": 2.5397161746466046, "historical_event_count": 0, "historical_data_available": true, "max_daily_rainfall_factor": 0.5947488584474886, "max_3day_rainfall_factor": 0.8162100456621004, "low_elevation_factor": 0.4794520547945205, "low_slope_factor": 0.1632420091324201, "low_lying": false, "historical_factor": 0.4634703196347032, "max_daily_rainfall_contribution": 12.390601217656014, "max_3day_rainfall_contribution": 17.00437595129376, "low_elevation_contribution": 11.986301369863012, "low_slope_contribution": 2.720700152207002, "historical_contribution": 7.724505327245054, "risk_score": 52, "risk_class": "MODERATE"}, "geometry": {"type": "Polygon", "coordinates": [[[79.05715928977699, 21.093584830099676], [79.05704178497864, 21.102615153560926], [79.06666481911091, 21.102725177617923], [79.06678174282037, 21.09369480269008], [79.05715928977699, 21.093584830099676]]]}}, {"type": "Feature", "properties": {"zone_id": "Z133", "rainfall_mm": 1178.91059068, "max_daily_rainfall_mm": 44.55476, "max_3day_rainfall_mm": 109.521366, "elevation_m": 316.0, "slope_deg": 0.8036102593253973, "historical_event_count": 0, "historical_data_available": true, "max_daily_rainfall_factor": 0.3356164383561644, "max_3day_rainfall_factor": 0.7511415525114156, "low_elevation_factor": 0.2374429223744292, "low_slope_factor": 0.7796803652968036, "low_lying": false, "historical_factor": 0.4634703196347032, "max_daily_rainfall_contribution": 6.992009132420092, "max_3day_rainfall_contribution": 15.648782343987826, "low_elevation_contribution": 5.93607305936073, "low_slope_contribution": 12.994672754946729, "historical_contribution": 7.724505327245054, "risk_score": 49, "risk_class": "MODERATE"}, "geometry": {"type": "Polygon", "coordinates": [[[79.05704178497864, 21.102615153560926], [79.05692421796421, 21.111645466787643], [79.0665478334929, 21.11175554231725], [79.06666481911091, 21.102725177617923], [79.05704178497864, 21.102615153560926]]]}}, {"type": "Feature", "properties": {"zone_id": "Z134", "rainfall_mm": 1178.91059068, "max_daily_rainfall_mm": 44.55476, "max_3day_rainfall_mm": 109.521366, "elevation_m": 315.0, "slope_deg": 4.319295934481344, "historical_event_count": 0, "historical_data_available": true, "max_daily_rainfall_factor": 0.3356164383561644, "max_3day_rainfall_factor": 0.7511415525114156, "low_elevation_factor": 0.25, "low_slope_factor": 0.033105022831050226, "low_lying": false, "historical_factor": 0.4634703196347032, "max_daily_rainfall_contribution": 6.992009132420092, "max_3day_rainfall_contribution": 15.648782343987826, "low_elevation_contribution": 6.25, "low_slope_contribution": 0.5517503805175038, "historical_contribution": 7.724505327245054, "risk_score": 37, "risk_class": "MODERATE"}, "geometry": {"type": "Polygon", "coordinates": [[[79.05692421796421, 21.111645466787643], [79.0568065887167, 21.120675769776106], [79.0664307859494, 21.120785896784355], [79.0665478334929, 21.11175554231725], [79.05692421796421, 21.111645466787643]]]}}, {"type": "Feature", "properties": {"zone_id": "Z135", "rainfall_mm": 1178.91059068, "max_daily_rainfall_mm": 44.55476, "max_3day_rainfall_mm": 109.521366, "elevation_m": 318.0, "slope_deg": 1.7964213810407137, "historical_event_count": 0, "historical_data_available": true, "max_daily_rainfall_factor": 0.3356164383561644, "max_3day_rainfall_factor": 0.7511415525114156, "low_elevation_factor": 0.21232876712328766, "low_slope_factor": 0.3698630136986301, "low_lying": false, "historical_factor": 0.4634703196347032, "max_daily_rainfall_contribution": 6.992009132420092, "max_3day_rainfall_contribution": 15.648782343987826, "low_elevation_contribution": 5.308219178082192, "low_slope_contribution": 6.164383561643835, "historical_contribution": 7.724505327245054, "risk_score": 42, "risk_class": "MODERATE"}, "geometry": {"type": "Polygon", "coordinates": [[[79.0568065887167, 21.120675769776106], [79.05668889721906, 21.129706062522644], [79.06631367646345, 21.129816241015554], [79.0664307859494, 21.120785896784355], [79.0568065887167, 21.120675769776106]]]}}, {"type": "Feature", "properties": {"zone_id": "Z136", "rainfall_mm": 1178.91059068, "max_daily_rainfall_mm": 44.55476, "max_3day_rainfall_mm": 109.521366, "elevation_m": 309.0, "slope_deg": 1.136347105590608, "historical_event_count": 1, "historical_data_available": true, "max_daily_rainfall_factor": 0.3356164383561644, "max_3day_rainfall_factor": 0.7511415525114156, "low_elevation_factor": 0.3481735159817352, "low_slope_factor": 0.6643835616438356, "low_lying": false, "historical_factor": 0.958904109589041, "max_daily_rainfall_contribution": 6.992009132420092, "max_3day_rainfall_contribution": 15.648782343987826, "low_elevation_contribution": 8.704337899543379, "low_slope_contribution": 11.073059360730594, "historical_contribution": 15.981735159817353, "risk_score": 58, "risk_class": "HIGH"}, "geometry": {"type": "Polygon", "coordinates": [[[79.05668889721906, 21.129706062522644], [79.05657114345424, 21.138736345023556], [79.0661965050181, 21.13884657500716], [79.06631367646345, 21.129816241015554], [79.05668889721906, 21.129706062522644]]]}}, {"type": "Feature", "properties": {"zone_id": "Z137", "rainfall_mm": 1178.91059068, "max_daily_rainfall_mm": 44.55476, "max_3day_rainfall_mm": 109.521366, "elevation_m": 311.0, "slope_deg": 1.136347105590608, "historical_event_count": 0, "historical_data_available": true, "max_daily_rainfall_factor": 0.3356164383561644, "max_3day_rainfall_factor": 0.7511415525114156, "low_elevation_factor": 0.3093607305936073, "low_slope_factor": 0.6643835616438356, "low_lying": false, "historical_factor": 0.4634703196347032, "max_daily_rainfall_contribution": 6.992009132420092, "max_3day_rainfall_contribution": 15.648782343987826, "low_elevation_contribution": 7.7340182648401825, "low_slope_contribution": 11.073059360730594, "historical_contribution": 7.724505327245054, "risk_score": 49, "risk_class": "MODERATE"}, "geometry": {"type": "Polygon", "coordinates": [[[79.05657114345424, 21.138736345023556], [79.0564533274052, 21.147766617275146], [79.06607927159637, 21.147876898755488], [79.0661965050181, 21.13884657500716], [79.05657114345424, 21.138736345023556]]]}}, {"type": "Feature", "properties": {"zone_id": "Z138", "rainfall_mm": 1150.3373648338, "max_daily_rainfall_mm": 47.884903, "max_3day_rainfall_mm": 102.08406499999998, "elevation_m": 311.0, "slope_deg": 0.8036102593253973, "historical_event_count": 0, "historical_data_available": true, "max_daily_rainfall_factor": 0.6700913242009132, "max_3day_rainfall_factor": 0.4212328767123288, "low_elevation_factor": 0.3093607305936073, "low_slope_factor": 0.7796803652968036, "low_lying": false, "historical_factor": 0.4634703196347032, "max_daily_rainfall_contribution": 13.96023592085236, "max_3day_rainfall_contribution": 8.77568493150685, "low_elevation_contribution": 7.7340182648401825, "low_slope_contribution": 12.994672754946729, "historical_contribution": 7.724505327245054, "risk_score": 51, "risk_class": "MODERATE"}, "geometry": {"type": "Polygon", "coordinates": [[[79.0564533274052, 21.147766617275146], [79.05633544905484, 21.156796879273735], [79.06596197618126, 21.156907212256844], [79.06607927159637, 21.147876898755488], [79.0564533274052, 21.147766617275146]]]}}, {"type": "Feature", "properties": {"zone_id": "Z139", "rainfall_mm": 1150.3373648338, "max_daily_rainfall_mm": 47.884903, "max_3day_rainfall_mm": 102.08406499999998, "elevation_m": 321.0, "slope_deg": 2.539520020526714, "historical_event_count": 0, "historical_data_available": true, "max_daily_rainfall_factor": 0.6700913242009132, "max_3day_rainfall_factor": 0.4212328767123288, "low_elevation_factor": 0.18493150684931506, "low_slope_factor": 0.2054794520547945, "low_lying": false, "historical_factor": 0.4634703196347032, "max_daily_rainfall_contribution": 13.96023592085236, "max_3day_rainfall_contribution": 8.77568493150685, "low_elevation_contribution": 4.623287671232877, "low_slope_contribution": 3.4246575342465753, "historical_contribution": 7.724505327245054, "risk_score": 39, "risk_class": "MODERATE"}, "geometry": {"type": "Polygon", "coordinates": [[[79.05633544905484, 21.156796879273735], [79.0562175083861, 21.165827131015625], [79.06584461875576, 21.16593751550755], [79.06596197618126, 21.156907212256844], [79.05633544905484, 21.156796879273735]]]}}, {"type": "Feature", "properties": {"zone_id": "Z140", "rainfall_mm": 1150.3373648338, "max_daily_rainfall_mm": 47.884903, "max_3day_rainfall_mm": 102.08406499999998, "elevation_m": 349.0, "slope_deg": 2.5397161746466046, "historical_event_count": 0, "historical_data_available": true, "max_daily_rainfall_factor": 0.6700913242009132, "max_3day_rainfall_factor": 0.4212328767123288, "low_elevation_factor": 0.02968036529680365, "low_slope_factor": 0.1632420091324201, "low_lying": false, "historical_factor": 0.4634703196347032, "max_daily_rainfall_contribution": 13.96023592085236, "max_3day_rainfall_contribution": 8.77568493150685, "low_elevation_contribution": 0.7420091324200913, "low_slope_contribution": 2.720700152207002, "historical_contribution": 7.724505327245054, "risk_score": 34, "risk_class": "MODERATE"}, "geometry": {"type": "Polygon", "coordinates": [[[79.0562175083861, 21.165827131015625], [79.05609950538188, 21.17485737249713], [79.06572719930291, 21.174967808503922], [79.06584461875576, 21.16593751550755], [79.0562175083861, 21.165827131015625]]]}}, {"type": "Feature", "properties": {"zone_id": "Z141", "rainfall_mm": 1150.3373648338, "max_daily_rainfall_mm": 47.884903, "max_3day_rainfall_mm": 102.08406499999998, "elevation_m": 315.0, "slope_deg": 0.8036102593253973, "historical_event_count": 0, "historical_data_available": true, "max_daily_rainfall_factor": 0.6700913242009132, "max_3day_rainfall_factor": 0.4212328767123288, "low_elevation_factor": 0.25, "low_slope_factor": 0.7796803652968036, "low_lying": false, "historical_factor": 0.4634703196347032, "max_daily_rainfall_contribution": 13.96023592085236, "max_3day_rainfall_contribution": 8.77568493150685, "low_elevation_contribution": 6.25, "low_slope_contribution": 12.994672754946729, "historical_contribution": 7.724505327245054, "risk_score": 50, "risk_class": "MODERATE"}, "geometry": {"type": "Polygon", "coordinates": [[[79.05609950538188, 21.17485737249713], [79.05598144002509, 21.183887603714567], [79.06560971780564, 21.183998091242263], [79.06572719930291, 21.174967808503922], [79.05609950538188, 21.17485737249713]]]}}, {"type": "Feature", "properties": {"zone_id": "Z142", "rainfall_mm": 1150.3373648338, "max_daily_rainfall_mm": 47.884903, "max_3day_rainfall_mm": 102.08406499999998, "elevation_m": 303.0, "slope_deg": 1.6067492162846009, "historical_event_count": 0, "historical_data_available": true, "max_daily_rainfall_factor": 0.6700913242009132, "max_3day_rainfall_factor": 0.4212328767123288, "low_elevation_factor": 0.4531963470319635, "low_slope_factor": 0.571917808219178, "low_lying": false, "historical_factor": 0.4634703196347032, "max_daily_rainfall_contribution": 13.96023592085236, "max_3day_rainfall_contribution": 8.77568493150685, "low_elevation_contribution": 11.329908675799087, "low_slope_contribution": 9.531963470319635, "historical_contribution": 7.724505327245054, "risk_score": 51, "risk_class": "MODERATE"}, "geometry": {"type": "Polygon", "coordinates": [[[79.05598144002509, 21.183887603714567], [79.05586331229858, 21.192917824664235], [79.06549217424696, 21.193028363718902], [79.06560971780564, 21.183998091242263], [79.05598144002509, 21.183887603714567]]]}}, {"type": "Feature", "properties": {"zone_id": "Z143", "rainfall_mm": 1150.3373648338, "max_daily_rainfall_mm": 47.884903, "max_3day_rainfall_mm": 102.08406499999998, "elevation_m": 304.0, "slope_deg": 2.2718009544716, "historical_event_count": 0, "historical_data_available": true, "max_daily_rainfall_factor": 0.6700913242009132, "max_3day_rainfall_factor": 0.4212328767123288, "low_elevation_factor": 0.430365296803653, "low_slope_factor": 0.2865296803652968, "low_lying": false, "historical_factor": 0.4634703196347032, "max_daily_rainfall_contribution": 13.96023592085236, "max_3day_rainfall_contribution": 8.77568493150685, "low_elevation_contribution": 10.759132420091325, "low_slope_contribution": 4.775494672754947, "historical_contribution": 7.724505327245054, "risk_score": 46, "risk_class": "MODERATE"}, "geometry": {"type": "Polygon", "coordinates": [[[79.05586331229858, 21.192917824664235], [79.05574512218524, 21.20194803534247], [79.0653745686098, 21.202058625930157], [79.06549217424696, 21.193028363718902], [79.05586331229858, 21.192917824664235]]]}}, {"type": "Feature", "properties": {"zone_id": "Z144", "rainfall_mm": 1175.3396952121, "max_daily_rainfall_mm": 50.390884, "max_3day_rainfall_mm": 100.781768, "elevation_m": 311.0, "slope_deg": 2.2718009544716, "historical_event_count": 0, "historical_data_available": true, "max_daily_rainfall_factor": 0.8230593607305936, "max_3day_rainfall_factor": 0.3527397260273973, "low_elevation_factor": 0.3093607305936073, "low_slope_factor": 0.2865296803652968, "low_lying": false, "historical_factor": 0.4634703196347032, "max_daily_rainfall_contribution": 17.147070015220702, "max_3day_rainfall_contribution": 7.348744292237444, "low_elevation_contribution": 7.7340182648401825, "low_slope_contribution": 4.775494672754947, "historical_contribution": 7.724505327245054, "risk_score": 45, "risk_class": "MODERATE"}, "geometry": {"type": "Polygon", "coordinates": [[[79.05574512218524, 21.20194803534247], [79.05562686966795, 21.21097823574557], [79.06525690087709, 21.211088877872335], [79.0653745686098, 21.202058625930157], [79.05574512218524, 21.20194803534247]]]}}, {"type": "Feature", "properties": {"zone_id": "Z145", "rainfall_mm": 1175.3396952121, "max_daily_rainfall_mm": 50.390884, "max_3day_rainfall_mm": 100.781768, "elevation_m": 322.0, "slope_deg": 2.894987945295464, "historical_event_count": 0, "historical_data_available": true, "max_daily_rainfall_factor": 0.8230593607305936, "max_3day_rainfall_factor": 0.3527397260273973, "low_elevation_factor": 0.17579908675799086, "low_slope_factor": 0.1324200913242009, "low_lying": false, "historical_factor": 0.4634703196347032, "max_daily_rainfall_contribution": 17.147070015220702, "max_3day_rainfall_contribution": 7.348744292237444, "low_elevation_contribution": 4.394977168949771, "low_slope_contribution": 2.207001522070015, "historical_contribution": 7.724505327245054, "risk_score": 39, "risk_class": "MODERATE"}, "geometry": {"type": "Polygon", "coordinates": [[[79.05562686966795, 21.21097823574557], [79.05550855472951, 21.22000842586985], [79.06513917103179, 21.220119119541764], [79.06525690087709, 21.211088877872335], [79.05562686966795, 21.21097823574557]]]}}, {"type": "Feature", "properties": {"zone_id": "Z146", "rainfall_mm": 1175.3396952121, "max_daily_rainfall_mm": 50.390884, "max_3day_rainfall_mm": 100.781768, "elevation_m": 323.0, "slope_deg": 1.7964213810407137, "historical_event_count": 0, "historical_data_available": true, "max_daily_rainfall_factor": 0.8230593607305936, "max_3day_rainfall_factor": 0.3527397260273973, "low_elevation_factor": 0.1632420091324201, "low_slope_factor": 0.3698630136986301, "low_lying": false, "historical_factor": 0.4634703196347032, "max_daily_rainfall_contribution": 17.147070015220702, "max_3day_rainfall_contribution": 7.348744292237444, "low_elevation_contribution": 4.081050228310502, "low_slope_contribution": 6.164383561643835, "historical_contribution": 7.724505327245054, "risk_score": 42, "risk_class": "MODERATE"}, "geometry": {"type": "Polygon", "coordinates": [[[79.05550855472951, 21.22000842586985], [79.05539017735282, 21.22903860571164], [79.06502137905683, 21.22914935093477], [79.06513917103179, 21.220119119541764], [79.05550855472951, 21.22000842586985]]]}}, {"type": "Feature", "properties": {"zone_id": "Z147", "rainfall_mm": 1175.3396952121, "max_daily_rainfall_mm": 50.390884, "max_3day_rainfall_mm": 100.781768, "elevation_m": 322.0, "slope_deg": 5.069101151811648, "historical_event_count": 0, "historical_data_available": true, "max_daily_rainfall_factor": 0.8230593607305936, "max_3day_rainfall_factor": 0.3527397260273973, "low_elevation_factor": 0.17579908675799086, "low_slope_factor": 0.02054794520547945, "low_lying": false, "historical_factor": 0.4634703196347032, "max_daily_rainfall_contribution": 17.147070015220702, "max_3day_rainfall_contribution": 7.348744292237444, "low_elevation_contribution": 4.394977168949771, "low_slope_contribution": 0.3424657534246575, "historical_contribution": 7.724505327245054, "risk_score": 37, "risk_class": "MODERATE"}, "geometry": {"type": "Polygon", "coordinates": [[[79.06502137905683, 21.22914935093477], [79.05539017735282, 21.22903860571164], [79.05537725920257, 21.230023751962847], [79.06500994022817, 21.23002602629189], [79.06502137905683, 21.22914935093477]]]}}, {"type": "Feature", "properties": {"zone_id": "Z148", "rainfall_mm": 1108.426344, "max_daily_rainfall_mm": 46.527706, "max_3day_rainfall_mm": 121.851667, "elevation_m": 302.0, "slope_deg": 0.8035325853473997, "historical_event_count": 0, "historical_data_available": true, "max_daily_rainfall_factor": 0.5947488584474886, "max_3day_rainfall_factor": 0.8162100456621004, "low_elevation_factor": 0.4794520547945205, "low_slope_factor": 0.8710045662100456, "low_lying": false, "historical_factor": 0.4634703196347032, "max_daily_rainfall_contribution": 12.390601217656014, "max_3day_rainfall_contribution": 17.00437595129376, "low_elevation_contribution": 11.986301369863012, "low_slope_contribution": 14.516742770167427, "historical_contribution": 7.724505327245054, "risk_score": 64, "risk_class": "HIGH"}, "geometry": {"type": "Polygon", "coordinates": [[[79.0672488189111, 21.05757320076725], [79.07686901249629, 21.057682423293407], [79.07696737146959, 21.05002789093146], [79.06734627991082, 21.05002631296738], [79.0672488189111, 21.05757320076725]]]}}, {"type": "Feature", "properties": {"zone_id": "Z149", "rainfall_mm": 1108.426344, "max_daily_rainfall_mm": 46.527706, "max_3day_rainfall_mm": 121.851667, "elevation_m": 296.0, "slope_deg": 1.136347105590608, "historical_event_count": 0, "historical_data_available": true, "max_daily_rainfall_factor": 0.5947488584474886, "max_3day_rainfall_factor": 0.8162100456621004, "low_elevation_factor": 0.6004566210045662, "low_slope_factor": 0.6643835616438356, "low_lying": false, "historical_factor": 0.4634703196347032, "max_daily_rainfall_contribution": 12.390601217656014, "max_3day_rainfall_contribution": 17.00437595129376, "low_elevation_contribution": 15.011415525114154, "low_slope_contribution": 11.073059360730594, "historical_contribution": 7.724505327245054, "risk_score": 63, "risk_class": "HIGH"}, "geometry": {"type": "Polygon", "coordinates": [[[79.0672488189111, 21.05757320076725], [79.06713214266665, 21.066603616572287], [79.07675291612844, 21.06671289028599], [79.07686901249629, 21.057682423293407], [79.0672488189111, 21.05757320076725]]]}}, {"type": "Feature", "properties": {"zone_id": "Z150", "rainfall_mm": 1108.426344, "max_daily_rainfall_mm": 46.527706, "max_3day_rainfall_mm": 121.851667, "elevation_m": 294.0, "slope_deg": 1.136347105590608, "historical_event_count": 0, "historical_data_available": true, "max_daily_rainfall_factor": 0.5947488584474886, "max_3day_rainfall_factor": 0.8162100456621004, "low_elevation_factor": 0.6472602739726028, "low_slope_factor": 0.6643835616438356, "low_lying": false, "historical_factor": 0.4634703196347032, "max_daily_rainfall_contribution": 12.390601217656014, "max_3day_rainfall_contribution": 17.00437595129376, "low_elevation_contribution": 16.18150684931507, "low_slope_contribution": 11.073059360730594, "historical_contribution": 7.724505327245054, "risk_score": 64, "risk_class": "HIGH"}, "geometry": {"type": "Polygon", "coordinates": [[[79.06713214266665, 21.066603616572287], [79.06701540458133, 21.075634022163563], [79.07663675822688, 21.07574334707079], [79.07675291612844, 21.06671289028599], [79.06713214266665, 21.066603616572287]]]}}, {"type": "Feature", "properties": {"zone_id": "Z151", "rainfall_mm": 1108.426344, "max_daily_rainfall_mm": 46.527706, "max_3day_rainfall_mm": 121.851667, "elevation_m": 300.0, "slope_deg": 1.136347105590608, "historical_event_count": 0, "historical_data_available": true, "max_daily_rainfall_factor": 0.5947488584474886, "max_3day_rainfall_factor": 0.8162100456621004, "low_elevation_factor": 0.5251141552511416, "low_slope_factor": 0.6643835616438356, "low_lying": false, "historical_factor": 0.4634703196347032, "max_daily_rainfall_contribution": 12.390601217656014, "max_3day_rainfall_contribution": 17.00437595129376, "low_elevation_contribution": 13.12785388127854, "low_slope_contribution": 11.073059360730594, "historical_contribution": 7.724505327245054, "risk_score": 61, "risk_class": "HIGH"}, "geometry": {"type": "Polygon", "coordinates": [[[79.06701540458133, 21.075634022163563], [79.0668986046382, 21.084664417537397], [79.07652053877479, 21.08477379364413], [79.07663675822688, 21.07574334707079], [79.06701540458133, 21.075634022163563]]]}}, {"type": "Feature", "properties": {"zone_id": "Z152", "rainfall_mm": 1108.426344, "max_daily_rainfall_mm": 46.527706, "max_3day_rainfall_mm": 121.851667, "elevation_m": 297.0, "slope_deg": 2.2718009544716, "historical_event_count": 0, "historical_data_available": true, "max_daily_rainfall_factor": 0.5947488584474886, "max_3day_rainfall_factor": 0.8162100456621004, "low_elevation_factor": 0.5787671232876712, "low_slope_factor": 0.2865296803652968, "low_lying": false, "historical_factor": 0.4634703196347032, "max_daily_rainfall_contribution": 12.390601217656014, "max_3day_rainfall_contribution": 17.00437595129376, "low_elevation_contribution": 14.46917808219178, "low_slope_contribution": 4.775494672754947, "historical_contribution": 7.724505327245054, "risk_score": 56, "risk_class": "HIGH"}, "geometry": {"type": "Polygon", "coordinates": [[[79.0668986046382, 21.084664417537397], [79.06678174282037, 21.09369480269008], [79.07640425775536, 21.093804230002302], [79.07652053877479, 21.08477379364413], [79.0668986046382, 21.084664417537397]]]}}, {"type": "Feature", "properties": {"zone_id": "Z153", "rainfall_mm": 1108.426344, "max_daily_rainfall_mm": 46.527706, "max_3day_rainfall_mm": 121.851667, "elevation_m": 305.0, "slope_deg": 2.894987945295464, "historical_event_count": 0, "historical_data_available": true, "max_daily_rainfall_factor": 0.5947488584474886, "max_3day_rainfall_factor": 0.8162100456621004, "low_elevation_factor": 0.4155251141552511, "low_slope_factor": 0.1324200913242009, "low_lying": false, "historical_factor": 0.4634703196347032, "max_daily_rainfall_contribution": 12.390601217656014, "max_3day_rainfall_contribution": 17.00437595129376, "low_elevation_contribution": 10.388127853881278, "low_slope_contribution": 2.207001522070015, "historical_contribution": 7.724505327245054, "risk_score": 50, "risk_class": "MODERATE"}, "geometry": {"type": "Polygon", "coordinates": [[[79.06678174282037, 21.09369480269008], [79.06666481911091, 21.102725177617923], [79.07628791515172, 21.102834656141624], [79.07640425775536, 21.093804230002302], [79.06678174282037, 21.09369480269008]]]}}, {"type": "Feature", "properties": {"zone_id": "Z154", "rainfall_mm": 1178.91059068, "max_daily_rainfall_mm": 44.55476, "max_3day_rainfall_mm": 109.521366, "elevation_m": 309.0, "slope_deg": 1.6069044726299722, "historical_event_count": 1, "historical_data_available": true, "max_daily_rainfall_factor": 0.3356164383561644, "max_3day_rainfall_factor": 0.7511415525114156, "low_elevation_factor": 0.3481735159817352, "low_slope_factor": 0.5273972602739726, "low_lying": false, "historical_factor": 0.958904109589041, "max_daily_rainfall_contribution": 6.992009132420092, "max_3day_rainfall_contribution": 15.648782343987826, "low_elevation_contribution": 8.704337899543379, "low_slope_contribution": 8.789954337899545, "historical_contribution": 15.981735159817353, "risk_score": 56, "risk_class": "HIGH"}, "geometry": {"type": "Polygon", "coordinates": [[[79.06666481911091, 21.102725177617923], [79.0665478334929, 21.11175554231725], [79.07617151094708, 21.111865072058414], [79.07628791515172, 21.102834656141624], [79.06666481911091, 21.102725177617923]]]}}, {"type": "Feature", "properties": {"zone_id": "Z155", "rainfall_mm": 1178.91059068, "max_daily_rainfall_mm": 44.55476, "max_3day_rainfall_mm": 109.521366, "elevation_m": 310.0, "slope_deg": 1.136347105590608, "historical_event_count": 0, "historical_data_available": true, "max_daily_rainfall_factor": 0.3356164383561644, "max_3day_rainfall_factor": 0.7511415525114156, "low_elevation_factor": 0.3276255707762557, "low_slope_factor": 0.6643835616438356, "low_lying": false, "historical_factor": 0.4634703196347032, "max_daily_rainfall_contribution": 6.992009132420092, "max_3day_rainfall_contribution": 15.648782343987826, "low_elevation_contribution": 8.190639269406393, "low_slope_contribution": 11.073059360730594, "historical_contribution": 7.724505327245054, "risk_score": 50, "risk_class": "MODERATE"}, "geometry": {"type": "Polygon", "coordinates": [[[79.0665478334929, 21.11175554231725], [79.0664307859494, 21.120785896784355], [79.07605504512456, 21.120895477748984], [79.07617151094708, 21.111865072058414], [79.0665478334929, 21.11175554231725]]]}}, {"type": "Feature", "properties": {"zone_id": "Z001", "rainfall_mm": 1178.91059068, "max_daily_rainfall_mm": 44.55476, "max_3day_rainfall_mm": 109.521366, "elevation_m": 315.0, "slope_deg": 2.5397161746466046, "historical_event_count": 1, "historical_data_available": true, "max_daily_rainfall_factor": 0.3356164383561644, "max_3day_rainfall_factor": 0.7511415525114156, "low_elevation_factor": 0.25, "low_slope_factor": 0.1632420091324201, "low_lying": false, "historical_factor": 0.958904109589041, "max_daily_rainfall_contribution": 6.992009132420092, "max_3day_rainfall_contribution": 15.648782343987826, "low_elevation_contribution": 6.25, "low_slope_contribution": 2.720700152207002, "historical_contribution": 15.981735159817353, "risk_score": 48, "risk_class": "MODERATE"}, "geometry": {"type": "Polygon", "coordinates": [[[79.0664307859494, 21.120785896784355], [79.06631367646345, 21.129816241015554], [79.07593851766727, 21.129925873209647], [79.07605504512456, 21.120895477748984], [79.0664307859494, 21.120785896784355]]]}}, {"type": "Feature", "properties": {"zone_id": "Z157", "rainfall_mm": 1178.91059068, "max_daily_rainfall_mm": 44.55476, "max_3day_rainfall_mm": 109.521366, "elevation_m": 309.0, "slope_deg": 2.539520020526714, "historical_event_count": 1, "historical_data_available": true, "max_daily_rainfall_factor": 0.3356164383561644, "max_3day_rainfall_factor": 0.7511415525114156, "low_elevation_factor": 0.3481735159817352, "low_slope_factor": 0.2054794520547945, "low_lying": false, "historical_factor": 0.958904109589041, "max_daily_rainfall_contribution": 6.992009132420092, "max_3day_rainfall_contribution": 15.648782343987826, "low_elevation_contribution": 8.704337899543379, "low_slope_contribution": 3.4246575342465753, "historical_contribution": 15.981735159817353, "risk_score": 51, "risk_class": "MODERATE"}, "geometry": {"type": "Polygon", "coordinates": [[[79.06631367646345, 21.129816241015554], [79.0661965050181, 21.13884657500716], [79.07582192855834, 21.138956258436718], [79.07593851766727, 21.129925873209647], [79.06631367646345, 21.129816241015554]]]}}, {"type": "Feature", "properties": {"zone_id": "Z158", "rainfall_mm": 1178.91059068, "max_daily_rainfall_mm": 44.55476, "max_3day_rainfall_mm": 109.521366, "elevation_m": 305.0, "slope_deg": 1.7964213810407137, "historical_event_count": 0, "historical_data_available": true, "max_daily_rainfall_factor": 0.3356164383561644, "max_3day_rainfall_factor": 0.7511415525114156, "low_elevation_factor": 0.4155251141552511, "low_slope_factor": 0.3698630136986301, "low_lying": false, "historical_factor": 0.4634703196347032, "max_daily_rainfall_contribution": 6.992009132420092, "max_3day_rainfall_contribution": 15.648782343987826, "low_elevation_contribution": 10.388127853881278, "low_slope_contribution": 6.164383561643835, "historical_contribution": 7.724505327245054, "risk_score": 47, "risk_class": "MODERATE"}, "geometry": {"type": "Polygon", "coordinates": [[[79.0661965050181, 21.13884657500716], [79.06607927159637, 21.147876898755488], [79.0757052777809, 21.147986633426516], [79.07582192855834, 21.138956258436718], [79.0661965050181, 21.13884657500716]]]}}, {"type": "Feature", "properties": {"zone_id": "Z159", "rainfall_mm": 1150.3373648338, "max_daily_rainfall_mm": 47.884903, "max_3day_rainfall_mm": 102.08406499999998, "elevation_m": 314.0, "slope_deg": 2.895095406089006, "historical_event_count": 0, "historical_data_available": true, "max_daily_rainfall_factor": 0.6700913242009132, "max_3day_rainfall_factor": 0.4212328767123288, "low_elevation_factor": 0.2636986301369863, "low_slope_factor": 0.1095890410958904, "low_lying": false, "historical_factor": 0.4634703196347032, "max_daily_rainfall_contribution": 13.96023592085236, "max_3day_rainfall_contribution": 8.77568493150685, "low_elevation_contribution": 6.592465753424658, "low_slope_contribution": 1.8264840182648403, "historical_contribution": 7.724505327245054, "risk_score": 39, "risk_class": "MODERATE"}, "geometry": {"type": "Polygon", "coordinates": [[[79.06607927159637, 21.147876898755488], [79.06596197618126, 21.156907212256844], [79.07558856531803, 21.15701699817535], [79.0757052777809, 21.147986633426516], [79.06607927159637, 21.147876898755488]]]}}, {"type": "Feature", "properties": {"zone_id": "Z160", "rainfall_mm": 1150.3373648338, "max_daily_rainfall_mm": 47.884903, "max_3day_rainfall_mm": 102.08406499999998, "elevation_m": 325.0, "slope_deg": 1.6069044726299722, "historical_event_count": 1, "historical_data_available": true, "max_daily_rainfall_factor": 0.6700913242009132, "max_3day_rainfall_factor": 0.4212328767123288, "low_elevation_factor": 0.136986301369863, "low_slope_factor": 0.5273972602739726, "low_lying": false, "historical_factor": 0.958904109589041, "max_daily_rainfall_contribution": 13.96023592085236, "max_3day_rainfall_contribution": 8.77568493150685, "low_elevation_contribution": 3.4246575342465753, "low_slope_contribution": 8.789954337899545, "historical_contribution": 15.981735159817353, "risk_score": 51, "risk_class": "MODERATE"}, "geometry": {"type": "Polygon", "coordinates": [[[79.06596197618126, 21.156907212256844], [79.06584461875576, 21.16593751550755], [79.07547179115281, 21.166047352679556], [79.07558856531803, 21.15701699817535], [79.06596197618126, 21.156907212256844]]]}}, {"type": "Feature", "properties": {"zone_id": "Z161", "rainfall_mm": 1150.3373648338, "max_daily_rainfall_mm": 47.884903, "max_3day_rainfall_mm": 102.08406499999998, "elevation_m": 323.0, "slope_deg": 3.4054724957844504, "historical_event_count": 0, "historical_data_available": true, "max_daily_rainfall_factor": 0.6700913242009132, "max_3day_rainfall_factor": 0.4212328767123288, "low_elevation_factor": 0.1632420091324201, "low_slope_factor": 0.06278538812785388, "low_lying": false, "historical_factor": 0.4634703196347032, "max_daily_rainfall_contribution": 13.96023592085236, "max_3day_rainfall_contribution": 8.77568493150685, "low_elevation_contribution": 4.081050228310502, "low_slope_contribution": 1.0464231354642313, "historical_contribution": 7.724505327245054, "risk_score": 36, "risk_class": "MODERATE"}, "geometry": {"type": "Polygon", "coordinates": [[[79.06584461875576, 21.16593751550755], [79.06572719930291, 21.174967808503922], [79.07535495526834, 21.175077696935432], [79.07547179115281, 21.166047352679556], [79.06584461875576, 21.16593751550755]]]}}, {"type": "Feature", "properties": {"zone_id": "Z162", "rainfall_mm": 1150.3373648338, "max_daily_rainfall_mm": 47.884903, "max_3day_rainfall_mm": 102.08406499999998, "elevation_m": 307.0, "slope_deg": 2.2718009544716, "historical_event_count": 1, "historical_data_available": true, "max_daily_rainfall_factor": 0.6700913242009132, "max_3day_rainfall_factor": 0.4212328767123288, "low_elevation_factor": 0.3767123287671233, "low_slope_factor": 0.2865296803652968, "low_lying": false, "historical_factor": 0.958904109589041, "max_daily_rainfall_contribution": 13.96023592085236, "max_3day_rainfall_contribution": 8.77568493150685, "low_elevation_contribution": 9.417808219178083, "low_slope_contribution": 4.775494672754947, "historical_contribution": 15.981735159817353, "risk_score": 53, "risk_class": "MODERATE"}, "geometry": {"type": "Polygon", "coordinates": [[[79.06572719930291, 21.174967808503922], [79.06560971780564, 21.183998091242263], [79.07523805764765, 21.184108030939303], [79.07535495526834, 21.175077696935432], [79.06572719930291, 21.174967808503922]]]}}, {"type": "Feature", "properties": {"zone_id": "Z163", "rainfall_mm": 1150.3373648338, "max_daily_rainfall_mm": 47.884903, "max_3day_rainfall_mm": 102.08406499999998, "elevation_m": 302.0, "slope_deg": 1.7964213810407137, "historical_event_count": 0, "historical_data_available": true, "max_daily_rainfall_factor": 0.6700913242009132, "max_3day_rainfall_factor": 0.4212328767123288, "low_elevation_factor": 0.4794520547945205, "low_slope_factor": 0.3698630136986301, "low_lying": false, "historical_factor": 0.4634703196347032, "max_daily_rainfall_contribution": 13.96023592085236, "max_3day_rainfall_contribution": 8.77568493150685, "low_elevation_contribution": 11.986301369863012, "low_slope_contribution": 6.164383561643835, "historical_contribution": 7.724505327245054, "risk_score": 49, "risk_class": "MODERATE"}, "geometry": {"type": "Polygon", "coordinates": [[[79.06560971780564, 21.183998091242263], [79.06549217424696, 21.193028363718902], [79.07512109827381, 21.193138354687495], [79.07523805764765, 21.184108030939303], [79.06560971780564, 21.183998091242263]]]}}, {"type": "Feature", "properties": {"zone_id": "Z164", "rainfall_mm": 1150.3373648338, "max_daily_rainfall_mm": 47.884903, "max_3day_rainfall_mm": 102.08406499999998, "elevation_m": 303.0, "slope_deg": 1.7963172523867896, "historical_event_count": 0, "historical_data_available": true, "max_daily_rainfall_factor": 0.6700913242009132, "max_3day_rainfall_factor": 0.4212328767123288, "low_elevation_factor": 0.4531963470319635, "low_slope_factor": 0.4668949771689498, "low_lying": false, "historical_factor": 0.4634703196347032, "max_daily_rainfall_contribution": 13.96023592085236, "max_3day_rainfall_contribution": 8.77568493150685, "low_elevation_contribution": 11.329908675799087, "low_slope_contribution": 7.78158295281583, "historical_contribution": 7.724505327245054, "risk_score": 50, "risk_class": "MODERATE"}, "geometry": {"type": "Polygon", "coordinates": [[[79.06549217424696, 21.193028363718902], [79.0653745686098, 21.202058625930157], [79.07500407712986, 21.202168668176327], [79.07512109827381, 21.193138354687495], [79.06549217424696, 21.193028363718902]]]}}, {"type": "Feature", "properties": {"zone_id": "Z165", "rainfall_mm": 1175.3396952121, "max_daily_rainfall_mm": 50.390884, "max_3day_rainfall_mm": 100.781768, "elevation_m": 309.0, "slope_deg": 1.6069044726299722, "historical_event_count": 0, "historical_data_available": true, "max_daily_rainfall_factor": 0.8230593607305936, "max_3day_rainfall_factor": 0.3527397260273973, "low_elevation_factor": 0.3481735159817352, "low_slope_factor": 0.5273972602739726, "low_lying": false, "historical_factor": 0.4634703196347032, "max_daily_rainfall_contribution": 17.147070015220702, "max_3day_rainfall_contribution": 7.348744292237444, "low_elevation_contribution": 8.704337899543379, "low_slope_contribution": 8.789954337899545, "historical_contribution": 7.724505327245054, "risk_score": 50, "risk_class": "MODERATE"}, "geometry": {"type": "Polygon", "coordinates": [[[79.0653745686098, 21.202058625930157], [79.06525690087709, 21.211088877872335], [79.07488699419883, 21.21119897140212], [79.07500407712986, 21.202168668176327], [79.0653745686098, 21.202058625930157]]]}}, {"type": "Feature", "properties": {"zone_id": "Z166", "rainfall_mm": 1175.3396952121, "max_daily_rainfall_mm": 50.390884, "max_3day_rainfall_mm": 100.781768, "elevation_m": 311.0, "slope_deg": 4.011498604471368, "historical_event_count": 0, "historical_data_available": true, "max_daily_rainfall_factor": 0.8230593607305936, "max_3day_rainfall_factor": 0.3527397260273973, "low_elevation_factor": 0.3093607305936073, "low_slope_factor": 0.0410958904109589, "low_lying": false, "historical_factor": 0.4634703196347032, "max_daily_rainfall_contribution": 17.147070015220702, "max_3day_rainfall_contribution": 7.348744292237444, "low_elevation_contribution": 7.7340182648401825, "low_slope_contribution": 0.684931506849315, "historical_contribution": 7.724505327245054, "risk_score": 41, "risk_class": "MODERATE"}, "geometry": {"type": "Polygon", "coordinates": [[[79.06525690087709, 21.211088877872335], [79.06513917103179, 21.220119119541764], [79.07476984946375, 21.220229264361194], [79.07488699419883, 21.21119897140212], [79.06525690087709, 21.211088877872335]]]}}, {"type": "Feature", "properties": {"zone_id": "Z167", "rainfall_mm": 1175.3396952121, "max_daily_rainfall_mm": 50.390884, "max_3day_rainfall_mm": 100.781768, "elevation_m": 318.0, "slope_deg": 1.136347105590608, "historical_event_count": 0, "historical_data_available": true, "max_daily_rainfall_factor": 0.8230593607305936, "max_3day_rainfall_factor": 0.3527397260273973, "low_elevation_factor": 0.21232876712328766, "low_slope_factor": 0.6643835616438356, "low_lying": false, "historical_factor": 0.4634703196347032, "max_daily_rainfall_contribution": 17.147070015220702, "max_3day_rainfall_contribution": 7.348744292237444, "low_elevation_contribution": 5.308219178082192, "low_slope_contribution": 11.073059360730594, "historical_contribution": 7.724505327245054, "risk_score": 49, "risk_class": "MODERATE"}, "geometry": {"type": "Polygon", "coordinates": [[[79.06513917103179, 21.220119119541764], [79.06502137905683, 21.22914935093477], [79.0746526429076, 21.22925954704988], [79.07476984946375, 21.220229264361194], [79.06513917103179, 21.220119119541764]]]}}, {"type": "Feature", "properties": {"zone_id": "Z168", "rainfall_mm": 1175.3396952121, "max_daily_rainfall_mm": 50.390884, "max_3day_rainfall_mm": 100.781768, "elevation_m": 315.0, "slope_deg": 2.2718009544716, "historical_event_count": 0, "historical_data_available": true, "max_daily_rainfall_factor": 0.8230593607305936, "max_3day_rainfall_factor": 0.3527397260273973, "low_elevation_factor": 0.25, "low_slope_factor": 0.2865296803652968, "low_lying": false, "historical_factor": 0.4634703196347032, "max_daily_rainfall_contribution": 17.147070015220702, "max_3day_rainfall_contribution": 7.348744292237444, "low_elevation_contribution": 6.25, "low_slope_contribution": 4.775494672754947, "historical_contribution": 7.724505327245054, "risk_score": 43, "risk_class": "MODERATE"}, "geometry": {"type": "Polygon", "coordinates": [[[79.0746526429076, 21.22925954704988], [79.06502137905683, 21.22914935093477], [79.06500994022817, 21.23002602629189], [79.07464266932418, 21.230027750251065], [79.0746526429076, 21.22925954704988]]]}}, {"type": "Feature", "properties": {"zone_id": "Z169", "rainfall_mm": 1108.426344, "max_daily_rainfall_mm": 46.527706, "max_3day_rainfall_mm": 121.851667, "elevation_m": 301.0, "slope_deg": 0.8035325853473997, "historical_event_count": 0, "historical_data_available": true, "max_daily_rainfall_factor": 0.5947488584474886, "max_3day_rainfall_factor": 0.8162100456621004, "low_elevation_factor": 0.5, "low_slope_factor": 0.8710045662100456, "low_lying": false, "historical_factor": 0.4634703196347032, "max_daily_rainfall_contribution": 12.390601217656014, "max_3day_rainfall_contribution": 17.00437595129376, "low_elevation_contribution": 12.5, "low_slope_contribution": 14.516742770167427, "historical_contribution": 7.724505327245054, "risk_score": 64, "risk_class": "HIGH"}, "geometry": {"type": "Polygon", "coordinates": [[[79.07686901249629, 21.057682423293407], [79.0864892675984, 21.057791101546947], [79.08658851071307, 21.050028923620996], [79.07696737146959, 21.05002789093146], [79.07686901249629, 21.057682423293407]]]}}, {"type": "Feature", "properties": {"zone_id": "Z170", "rainfall_mm": 1108.426344, "max_daily_rainfall_mm": 46.527706, "max_3day_rainfall_mm": 121.851667, "elevation_m": 294.0, "slope_deg": 0.8035325853473997, "historical_event_count": 0, "historical_data_available": true, "max_daily_rainfall_factor": 0.5947488584474886, "max_3day_rainfall_factor": 0.8162100456621004, "low_elevation_factor": 0.6472602739726028, "low_slope_factor": 0.8710045662100456, "low_lying": false, "historical_factor": 0.4634703196347032, "max_daily_rainfall_contribution": 12.390601217656014, "max_3day_rainfall_contribution": 17.00437595129376, "low_elevation_contribution": 16.18150684931507, "low_slope_contribution": 14.516742770167427, "historical_contribution": 7.724505327245054, "risk_score": 68, "risk_class": "HIGH"}, "geometry": {"type": "Polygon", "coordinates": [[[79.07686901249629, 21.057682423293407], [79.07675291612844, 21.06671289028599], [79.08637375112393, 21.066821619472073], [79.0864892675984, 21.057791101546947], [79.07686901249629, 21.057682423293407]]]}}, {"type": "Feature", "properties": {"zone_id": "Z171", "rainfall_mm": 1108.426344, "max_daily_rainfall_mm": 46.527706, "max_3day_rainfall_mm": 121.851667, "elevation_m": 294.0, "slope_deg": 0.8036102593253973, "historical_event_count": 0, "historical_data_available": true, "max_daily_rainfall_factor": 0.5947488584474886, "max_3day_rainfall_factor": 0.8162100456621004, "low_elevation_factor": 0.6472602739726028, "low_slope_factor": 0.7796803652968036, "low_lying": false, "historical_factor": 0.4634703196347032, "max_daily_rainfall_contribution": 12.390601217656014, "max_3day_rainfall_contribution": 17.00437595129376, "low_elevation_contribution": 16.18150684931507, "low_slope_contribution": 12.994672754946729, "historical_contribution": 7.724505327245054, "risk_score": 66, "risk_class": "HIGH"}, "geometry": {"type": "Polygon", "coordinates": [[[79.07675291612844, 21.06671289028599], [79.07663675822688, 21.07574334707079], [79.08625817342295, 21.07585212719537], [79.08637375112393, 21.066821619472073], [79.07675291612844, 21.06671289028599]]]}}, {"type": "Feature", "properties": {"zone_id": "Z172", "rainfall_mm": 1108.426344, "max_daily_rainfall_mm": 46.527706, "max_3day_rainfall_mm": 121.851667, "elevation_m": 290.0, "slope_deg": 1.7964213810407137, "historical_event_count": 0, "historical_data_available": true, "max_daily_rainfall_factor": 0.5947488584474886, "max_3day_rainfall_factor": 0.8162100456621004, "low_elevation_factor": 0.7442922374429224, "low_slope_factor": 0.3698630136986301, "low_lying": true, "historical_factor": 0.4634703196347032, "max_daily_rainfall_contribution": 12.390601217656014, "max_3day_rainfall_contribution": 17.00437595129376, "low_elevation_contribution": 18.60730593607306, "low_slope_contribution": 6.164383561643835, "historical_contribution": 7.724505327245054, "risk_score": 62, "risk_class": "HIGH"}, "geometry": {"type": "Polygon", "coordinates": [[[79.07663675822688, 21.07574334707079], [79.07652053877479, 21.08477379364413], [79.08614253447872, 21.084882624713146], [79.08625817342295, 21.07585212719537], [79.07663675822688, 21.07574334707079]]]}}, {"type": "Feature", "properties": {"zone_id": "Z173", "rainfall_mm": 1108.426344, "max_daily_rainfall_mm": 46.527706, "max_3day_rainfall_mm": 121.851667, "elevation_m": 303.0, "slope_deg": 2.539520020526714, "historical_event_count": 0, "historical_data_available": true, "max_daily_rainfall_factor": 0.5947488584474886, "max_3day_rainfall_factor": 0.8162100456621004, "low_elevation_factor": 0.4531963470319635, "low_slope_factor": 0.2054794520547945, "low_lying": false, "historical_factor": 0.4634703196347032, "max_daily_rainfall_contribution": 12.390601217656014, "max_3day_rainfall_contribution": 17.00437595129376, "low_elevation_contribution": 11.329908675799087, "low_slope_contribution": 3.4246575342465753, "historical_contribution": 7.724505327245054, "risk_score": 52, "risk_class": "MODERATE"}, "geometry": {"type": "Polygon", "coordinates": [[[79.07652053877479, 21.08477379364413], [79.07640425775536, 21.093804230002302], [79.08602683427452, 21.093913112021717], [79.08614253447872, 21.084882624713146], [79.07652053877479, 21.08477379364413]]]}}, {"type": "Feature", "properties": {"zone_id": "Z174", "rainfall_mm": 1108.426344, "max_daily_rainfall_mm": 46.527706, "max_3day_rainfall_mm": 121.851667, "elevation_m": 295.0, "slope_deg": 1.6069044726299722, "historical_event_count": 0, "historical_data_available": true, "max_daily_rainfall_factor": 0.5947488584474886, "max_3day_rainfall_factor": 0.8162100456621004, "low_elevation_factor": 0.6221461187214612, "low_slope_factor": 0.5273972602739726, "low_lying": false, "historical_factor": 0.4634703196347032, "max_daily_rainfall_contribution": 12.390601217656014, "max_3day_rainfall_contribution": 17.00437595129376, "low_elevation_contribution": 15.55365296803653, "low_slope_contribution": 8.789954337899545, "historical_contribution": 7.724505327245054, "risk_score": 61, "risk_class": "HIGH"}, "geometry": {"type": "Polygon", "coordinates": [[[79.07640425775536, 21.093804230002302], [79.07628791515172, 21.102834656141624], [79.08591107279358, 21.10294358911739], [79.08602683427452, 21.093913112021717], [79.07640425775536, 21.093804230002302]]]}}, {"type": "Feature", "properties": {"zone_id": "Z175", "rainfall_mm": 1178.91059068, "max_daily_rainfall_mm": 44.55476, "max_3day_rainfall_mm": 109.521366, "elevation_m": 300.0, "slope_deg": 2.539520020526714, "historical_event_count": 0, "historical_data_available": true, "max_daily_rainfall_factor": 0.3356164383561644, "max_3day_rainfall_factor": 0.7511415525114156, "low_elevation_factor": 0.5251141552511416, "low_slope_factor": 0.2054794520547945, "low_lying": false, "historical_factor": 0.4634703196347032, "max_daily_rainfall_contribution": 6.992009132420092, "max_3day_rainfall_contribution": 15.648782343987826, "low_elevation_contribution": 13.12785388127854, "low_slope_contribution": 3.4246575342465753, "historical_contribution": 7.724505327245054, "risk_score": 47, "risk_class": "MODERATE"}, "geometry": {"type": "Polygon", "coordinates": [[[79.07628791515172, 21.102834656141624], [79.07617151094708, 21.111865072058414], [79.08579525001915, 21.111974055996498], [79.08591107279358, 21.10294358911739], [79.07628791515172, 21.102834656141624]]]}}, {"type": "Feature", "properties": {"zone_id": "Z176", "rainfall_mm": 1178.91059068, "max_daily_rainfall_mm": 44.55476, "max_3day_rainfall_mm": 109.521366, "elevation_m": 308.0, "slope_deg": 1.7963172523867896, "historical_event_count": 1, "historical_data_available": true, "max_daily_rainfall_factor": 0.3356164383561644, "max_3day_rainfall_factor": 0.7511415525114156, "low_elevation_factor": 0.365296803652968, "low_slope_factor": 0.4668949771689498, "low_lying": false, "historical_factor": 0.958904109589041, "max_daily_rainfall_contribution": 6.992009132420092, "max_3day_rainfall_contribution": 15.648782343987826, "low_elevation_contribution": 9.1324200913242, "low_slope_contribution": 7.78158295281583, "historical_contribution": 15.981735159817353, "risk_score": 56, "risk_class": "HIGH"}, "geometry": {"type": "Polygon", "coordinates": [[[79.07617151094708, 21.111865072058414], [79.07605504512456, 21.120895477748984], [79.08567936593445, 21.12100451265535], [79.08579525001915, 21.111974055996498], [79.07617151094708, 21.111865072058414]]]}}, {"type": "Feature", "properties": {"zone_id": "Z177", "rainfall_mm": 1178.91059068, "max_daily_rainfall_mm": 44.55476, "max_3day_rainfall_mm": 109.521366, "elevation_m": 315.0, "slope_deg": 0.8036102593253973, "historical_event_count": 1, "historical_data_available": true, "max_daily_rainfall_factor": 0.3356164383561644, "max_3day_rainfall_factor": 0.7511415525114156, "low_elevation_factor": 0.25, "low_slope_factor": 0.7796803652968036, "low_lying": false, "historical_factor": 0.958904109589041, "max_daily_rainfall_contribution": 6.992009132420092, "max_3day_rainfall_contribution": 15.648782343987826, "low_elevation_contribution": 6.25, "low_slope_contribution": 12.994672754946729, "historical_contribution": 15.981735159817353, "risk_score": 58, "risk_class": "HIGH"}, "geometry": {"type": "Polygon", "coordinates": [[[79.07605504512456, 21.120895477748984], [79.07593851766727, 21.129925873209647], [79.0855634205227, 21.130034959090263], [79.08567936593445, 21.12100451265535], [79.07605504512456, 21.120895477748984]]]}}, {"type": "Feature", "properties": {"zone_id": "Z178", "rainfall_mm": 1178.91059068, "max_daily_rainfall_mm": 44.55476, "max_3day_rainfall_mm": 109.521366, "elevation_m": 309.0, "slope_deg": 0.0, "historical_event_count": 1, "historical_data_available": true, "max_daily_rainfall_factor": 0.3356164383561644, "max_3day_rainfall_factor": 0.7511415525114156, "low_elevation_factor": 0.3481735159817352, "low_slope_factor": 0.9600456621004566, "low_lying": false, "historical_factor": 0.958904109589041, "max_daily_rainfall_contribution": 6.992009132420092, "max_3day_rainfall_contribution": 15.648782343987826, "low_elevation_contribution": 8.704337899543379, "low_slope_contribution": 16.00076103500761, "historical_contribution": 15.981735159817353, "risk_score": 63, "risk_class": "HIGH"}, "geometry": {"type": "Polygon", "coordinates": [[[79.07593851766727, 21.129925873209647], [79.07582192855834, 21.138956258436718], [79.0854474137671, 21.13906539529756], [79.0855634205227, 21.130034959090263], [79.07593851766727, 21.129925873209647]]]}}, {"type": "Feature", "properties": {"zone_id": "Z179", "rainfall_mm": 1178.91059068, "max_daily_rainfall_mm": 44.55476, "max_3day_rainfall_mm": 109.521366, "elevation_m": 302.0, "slope_deg": 1.6067492162846009, "historical_event_count": 0, "historical_data_available": true, "max_daily_rainfall_factor": 0.3356164383561644, "max_3day_rainfall_factor": 0.7511415525114156, "low_elevation_factor": 0.4794520547945205, "low_slope_factor": 0.571917808219178, "low_lying": false, "historical_factor": 0.4634703196347032, "max_daily_rainfall_contribution": 6.992009132420092, "max_3day_rainfall_contribution": 15.648782343987826, "low_elevation_contribution": 11.986301369863012, "low_slope_contribution": 9.531963470319635, "historical_contribution": 7.724505327245054, "risk_score": 52, "risk_class": "MODERATE"}, "geometry": {"type": "Polygon", "coordinates": [[[79.07582192855834, 21.138956258436718], [79.0757052777809, 21.147986633426516], [79.08533134565086, 21.148095821273557], [79.0854474137671, 21.13906539529756], [79.07582192855834, 21.138956258436718]]]}}, {"type": "Feature", "properties": {"zone_id": "Z180", "rainfall_mm": 1150.3373648338, "max_daily_rainfall_mm": 47.884903, "max_3day_rainfall_mm": 102.08406499999998, "elevation_m": 317.0, "slope_deg": 3.3095999178145146, "historical_event_count": 1, "historical_data_available": true, "max_daily_rainfall_factor": 0.6700913242009132, "max_3day_rainfall_factor": 0.4212328767123288, "low_elevation_factor": 0.22488584474885845, "low_slope_factor": 0.08105022831050228, "low_lying": false, "historical_factor": 0.958904109589041, "max_daily_rainfall_contribution": 13.96023592085236, "max_3day_rainfall_contribution": 8.77568493150685, "low_elevation_contribution": 5.622146118721461, "low_slope_contribution": 1.3508371385083715, "historical_contribution": 15.981735159817353, "risk_score": 46, "risk_class": "MODERATE"}, "geometry": {"type": "Polygon", "coordinates": [[[79.0757052777809, 21.147986633426516], [79.07558856531803, 21.15701699817535], [79.08521521615714, 21.157126237014573], [79.08533134565086, 21.148095821273557], [79.0757052777809, 21.147986633426516]]]}}, {"type": "Feature", "properties": {"zone_id": "Z181", "rainfall_mm": 1150.3373648338, "max_daily_rainfall_mm": 47.884903, "max_3day_rainfall_mm": 102.08406499999998, "elevation_m": 319.0, "slope_deg": 2.409567339030629, "historical_event_count": 0, "historical_data_available": true, "max_daily_rainfall_factor": 0.6700913242009132, "max_3day_rainfall_factor": 0.4212328767123288, "low_elevation_factor": 0.20205479452054795, "low_slope_factor": 0.2363013698630137, "low_lying": false, "historical_factor": 0.4634703196347032, "max_daily_rainfall_contribution": 13.96023592085236, "max_3day_rainfall_contribution": 8.77568493150685, "low_elevation_contribution": 5.051369863013699, "low_slope_contribution": 3.938356164383562, "historical_contribution": 7.724505327245054, "risk_score": 39, "risk_class": "MODERATE"}, "geometry": {"type": "Polygon", "coordinates": [[[79.07558856531803, 21.15701699817535], [79.07547179115281, 21.166047352679556], [79.08509902526912, 21.166156642516935], [79.08521521615714, 21.157126237014573], [79.07558856531803, 21.15701699817535]]]}}, {"type": "Feature", "properties": {"zone_id": "Z182", "rainfall_mm": 1150.3373648338, "max_daily_rainfall_mm": 47.884903, "max_3day_rainfall_mm": 102.08406499999998, "elevation_m": 323.0, "slope_deg": 3.2112850435331786, "historical_event_count": 0, "historical_data_available": true, "max_daily_rainfall_factor": 0.6700913242009132, "max_3day_rainfall_factor": 0.4212328767123288, "low_elevation_factor": 0.1632420091324201, "low_slope_factor": 0.09246575342465753, "low_lying": false, "historical_factor": 0.4634703196347032, "max_daily_rainfall_contribution": 13.96023592085236, "max_3day_rainfall_contribution": 8.77568493150685, "low_elevation_contribution": 4.081050228310502, "low_slope_contribution": 1.5410958904109588, "historical_contribution": 7.724505327245054, "risk_score": 36, "risk_class": "MODERATE"}, "geometry": {"type": "Polygon", "coordinates": [[[79.07547179115281, 21.166047352679556], [79.07535495526834, 21.175077696935432], [79.08498277296995, 21.17518703777696], [79.08509902526912, 21.166156642516935], [79.07547179115281, 21.166047352679556]]]}}, {"type": "Feature", "properties": {"zone_id": "Z183", "rainfall_mm": 1150.3373648338, "max_daily_rainfall_mm": 47.884903, "max_3day_rainfall_mm": 102.08406499999998, "elevation_m": 321.0, "slope_deg": 3.2112850435331786, "historical_event_count": 0, "historical_data_available": true, "max_daily_rainfall_factor": 0.6700913242009132, "max_3day_rainfall_factor": 0.4212328767123288, "low_elevation_factor": 0.18493150684931506, "low_slope_factor": 0.09246575342465753, "low_lying": false, "historical_factor": 0.4634703196347032, "max_daily_rainfall_contribution": 13.96023592085236, "max_3day_rainfall_contribution": 8.77568493150685, "low_elevation_contribution": 4.623287671232877, "low_slope_contribution": 1.5410958904109588, "historical_contribution": 7.724505327245054, "risk_score": 37, "risk_class": "MODERATE"}, "geometry": {"type": "Polygon", "coordinates": [[[79.07535495526834, 21.175077696935432], [79.07523805764765, 21.184108030939303], [79.08486645924278, 21.184217422790972], [79.08498277296995, 21.17518703777696], [79.07535495526834, 21.175077696935432]]]}}, {"type": "Feature", "properties": {"zone_id": "Z184", "rainfall_mm": 1150.3373648338, "max_daily_rainfall_mm": 47.884903, "max_3day_rainfall_mm": 102.08406499999998, "elevation_m": 300.0, "slope_deg": 4.011498604471368, "historical_event_count": 0, "historical_data_available": true, "max_daily_rainfall_factor": 0.6700913242009132, "max_3day_rainfall_factor": 0.4212328767123288, "low_elevation_factor": 0.5251141552511416, "low_slope_factor": 0.0410958904109589, "low_lying": false, "historical_factor": 0.4634703196347032, "max_daily_rainfall_contribution": 13.96023592085236, "max_3day_rainfall_contribution": 8.77568493150685, "low_elevation_contribution": 13.12785388127854, "low_slope_contribution": 0.684931506849315, "historical_contribution": 7.724505327245054, "risk_score": 44, "risk_class": "MODERATE"}, "geometry": {"type": "Polygon", "coordinates": [[[79.07523805764765, 21.184108030939303], [79.07512109827381, 21.193138354687495], [79.08475008407076, 21.193247797555298], [79.08486645924278, 21.184217422790972], [79.07523805764765, 21.184108030939303]]]}}, {"type": "Feature", "properties": {"zone_id": "Z185", "rainfall_mm": 1150.3373648338, "max_daily_rainfall_mm": 47.884903, "max_3day_rainfall_mm": 102.08406499999998, "elevation_m": 302.0, "slope_deg": 0.0, "historical_event_count": 0, "historical_data_available": true, "max_daily_rainfall_factor": 0.6700913242009132, "max_3day_rainfall_factor": 0.4212328767123288, "low_elevation_factor": 0.4794520547945205, "low_slope_factor": 0.9600456621004566, "low_lying": false, "historical_factor": 0.4634703196347032, "max_daily_rainfall_contribution": 13.96023592085236, "max_3day_rainfall_contribution": 8.77568493150685, "low_elevation_contribution": 11.986301369863012, "low_slope_contribution": 16.00076103500761, "historical_contribution": 7.724505327245054, "risk_score": 58, "risk_class": "HIGH"}, "geometry": {"type": "Polygon", "coordinates": [[[79.07512109827381, 21.193138354687495], [79.07500407712986, 21.202168668176327], [79.08463364743702, 21.20227816206626], [79.08475008407076, 21.193247797555298], [79.07512109827381, 21.193138354687495]]]}}, {"type": "Feature", "properties": {"zone_id": "Z186", "rainfall_mm": 1175.3396952121, "max_daily_rainfall_mm": 50.390884, "max_3day_rainfall_mm": 100.781768, "elevation_m": 306.0, "slope_deg": 1.136347105590608, "historical_event_count": 0, "historical_data_available": true, "max_daily_rainfall_factor": 0.8230593607305936, "max_3day_rainfall_factor": 0.3527397260273973, "low_elevation_factor": 0.3972602739726027, "low_slope_factor": 0.6643835616438356, "low_lying": false, "historical_factor": 0.4634703196347032, "max_daily_rainfall_contribution": 17.147070015220702, "max_3day_rainfall_contribution": 7.348744292237444, "low_elevation_contribution": 9.931506849315069, "low_slope_contribution": 11.073059360730594, "historical_contribution": 7.724505327245054, "risk_score": 53, "risk_class": "MODERATE"}, "geometry": {"type": "Polygon", "coordinates": [[[79.07500407712986, 21.202168668176327], [79.07488699419883, 21.21119897140212], [79.08451714932464, 21.211308516320184], [79.08463364743702, 21.20227816206626], [79.07500407712986, 21.202168668176327]]]}}, {"type": "Feature", "properties": {"zone_id": "Z187", "rainfall_mm": 1175.3396952121, "max_daily_rainfall_mm": 50.390884, "max_3day_rainfall_mm": 100.781768, "elevation_m": 304.0, "slope_deg": 0.8036102593253973, "historical_event_count": 0, "historical_data_available": true, "max_daily_rainfall_factor": 0.8230593607305936, "max_3day_rainfall_factor": 0.3527397260273973, "low_elevation_factor": 0.430365296803653, "low_slope_factor": 0.7796803652968036, "low_lying": false, "historical_factor": 0.4634703196347032, "max_daily_rainfall_contribution": 17.147070015220702, "max_3day_rainfall_contribution": 7.348744292237444, "low_elevation_contribution": 10.759132420091325, "low_slope_contribution": 12.994672754946729, "historical_contribution": 7.724505327245054, "risk_score": 56, "risk_class": "HIGH"}, "geometry": {"type": "Polygon", "coordinates": [[[79.07488699419883, 21.21119897140212], [79.07476984946375, 21.220229264361194], [79.08440058971674, 21.220338860313394], [79.08451714932464, 21.211308516320184], [79.07488699419883, 21.21119897140212]]]}}, {"type": "Feature", "properties": {"zone_id": "Z188", "rainfall_mm": 1175.3396952121, "max_daily_rainfall_mm": 50.390884, "max_3day_rainfall_mm": 100.781768, "elevation_m": 306.0, "slope_deg": 2.2718009544716, "historical_event_count": 0, "historical_data_available": true, "max_daily_rainfall_factor": 0.8230593607305936, "max_3day_rainfall_factor": 0.3527397260273973, "low_elevation_factor": 0.3972602739726027, "low_slope_factor": 0.2865296803652968, "low_lying": false, "historical_factor": 0.4634703196347032, "max_daily_rainfall_contribution": 17.147070015220702, "max_3day_rainfall_contribution": 7.348744292237444, "low_elevation_contribution": 9.931506849315069, "low_slope_contribution": 4.775494672754947, "historical_contribution": 7.724505327245054, "risk_score": 47, "risk_class": "MODERATE"}, "geometry": {"type": "Polygon", "coordinates": [[[79.07476984946375, 21.220229264361194], [79.0746526429076, 21.22925954704988], [79.08428396859644, 21.229369194042228], [79.08440058971674, 21.220338860313394], [79.07476984946375, 21.220229264361194]]]}}, {"type": "Feature", "properties": {"zone_id": "Z189", "rainfall_mm": 1175.3396952121, "max_daily_rainfall_mm": 50.390884, "max_3day_rainfall_mm": 100.781768, "elevation_m": 316.0, "slope_deg": 1.136347105590608, "historical_event_count": 0, "historical_data_available": true, "max_daily_rainfall_factor": 0.8230593607305936, "max_3day_rainfall_factor": 0.3527397260273973, "low_elevation_factor": 0.2374429223744292, "low_slope_factor": 0.6643835616438356, "low_lying": false, "historical_factor": 0.4634703196347032, "max_daily_rainfall_contribution": 17.147070015220702, "max_3day_rainfall_contribution": 7.348744292237444, "low_elevation_contribution": 5.93607305936073, "low_slope_contribution": 11.073059360730594, "historical_contribution": 7.724505327245054, "risk_score": 49, "risk_class": "MODERATE"}, "geometry": {"type": "Polygon", "coordinates": [[[79.08428396859644, 21.229369194042228], [79.0746526429076, 21.22925954704988], [79.07464266932418, 21.230027750251065], [79.08427544618142, 21.23002892383485], [79.08428396859644, 21.229369194042228]]]}}, {"type": "Feature", "properties": {"zone_id": "Z190", "rainfall_mm": 1108.426344, "max_daily_rainfall_mm": 46.527706, "max_3day_rainfall_mm": 121.851667, "elevation_m": 302.0, "slope_deg": 0.8036102593253973, "historical_event_count": 0, "historical_data_available": true, "max_daily_rainfall_factor": 0.5947488584474886, "max_3day_rainfall_factor": 0.8162100456621004, "low_elevation_factor": 0.4794520547945205, "low_slope_factor": 0.7796803652968036, "low_lying": false, "historical_factor": 0.4634703196347032, "max_daily_rainfall_contribution": 12.390601217656014, "max_3day_rainfall_contribution": 17.00437595129376, "low_elevation_contribution": 11.986301369863012, "low_slope_contribution": 12.994672754946729, "historical_contribution": 7.724505327245054, "risk_score": 62, "risk_class": "HIGH"}, "geometry": {"type": "Polygon", "coordinates": [[[79.0864892675984, 21.057791101546947], [79.0961095839103, 21.057899235513347], [79.09620969733372, 21.05002941103058], [79.08658851071307, 21.050028923620996], [79.0864892675984, 21.057791101546947]]]}}, {"type": "Feature", "properties": {"zone_id": "Z191", "rainfall_mm": 1108.426344, "max_daily_rainfall_mm": 46.527706, "max_3day_rainfall_mm": 121.851667, "elevation_m": 300.0, "slope_deg": 1.136347105590608, "historical_event_count": 0, "historical_data_available": true, "max_daily_rainfall_factor": 0.5947488584474886, "max_3day_rainfall_factor": 0.8162100456621004, "low_elevation_factor": 0.5251141552511416, "low_slope_factor": 0.6643835616438356, "low_lying": false, "historical_factor": 0.4634703196347032, "max_daily_rainfall_contribution": 12.390601217656014, "max_3day_rainfall_contribution": 17.00437595129376, "low_elevation_contribution": 13.12785388127854, "low_slope_contribution": 11.073059360730594, "historical_contribution": 7.724505327245054, "risk_score": 61, "risk_class": "HIGH"}, "geometry": {"type": "Polygon", "coordinates": [[[79.0864892675984, 21.057791101546947], [79.08637375112393, 21.066821619472073], [79.09599464734593, 21.066929804116008], [79.0961095839103, 21.057899235513347], [79.0864892675984, 21.057791101546947]]]}}, {"type": "Feature", "properties": {"zone_id": "Z192", "rainfall_mm": 1108.426344, "max_daily_rainfall_mm": 46.527706, "max_3day_rainfall_mm": 121.851667, "elevation_m": 290.0, "slope_deg": 2.539520020526714, "historical_event_count": 0, "historical_data_available": true, "max_daily_rainfall_factor": 0.5947488584474886, "max_3day_rainfall_factor": 0.8162100456621004, "low_elevation_factor": 0.7442922374429224, "low_slope_factor": 0.2054794520547945, "low_lying": true, "historical_factor": 0.4634703196347032, "max_daily_rainfall_contribution": 12.390601217656014, "max_3day_rainfall_contribution": 17.00437595129376, "low_elevation_contribution": 18.60730593607306, "low_slope_contribution": 3.4246575342465753, "historical_contribution": 7.724505327245054, "risk_score": 59, "risk_class": "HIGH"}, "geometry": {"type": "Polygon", "coordinates": [[[79.08637375112393, 21.066821619472073], [79.08625817342295, 21.07585212719537], [79.09587964986225, 21.075960362522757], [79.09599464734593, 21.066929804116008], [79.08637375112393, 21.066821619472073]]]}}, {"type": "Feature", "properties": {"zone_id": "Z193", "rainfall_mm": 1108.426344, "max_daily_rainfall_mm": 46.527706, "max_3day_rainfall_mm": 121.851667, "elevation_m": 289.0, "slope_deg": 3.3095999178145146, "historical_event_count": 0, "historical_data_available": true, "max_daily_rainfall_factor": 0.5947488584474886, "max_3day_rainfall_factor": 0.8162100456621004, "low_elevation_factor": 0.771689497716895, "low_slope_factor": 0.08105022831050228, "low_lying": true, "historical_factor": 0.4634703196347032, "max_daily_rainfall_contribution": 12.390601217656014, "max_3day_rainfall_contribution": 17.00437595129376, "low_elevation_contribution": 19.292237442922374, "low_slope_contribution": 1.3508371385083715, "historical_contribution": 7.724505327245054, "risk_score": 58, "risk_class": "HIGH"}, "geometry": {"type": "Polygon", "coordinates": [[[79.08625817342295, 21.07585212719537], [79.08614253447872, 21.084882624713146], [79.09576459144263, 21.084990910729903], [79.09587964986225, 21.075960362522757], [79.08625817342295, 21.07585212719537]]]}}, {"type": "Feature", "properties": {"zone_id": "Z194", "rainfall_mm": 1108.426344, "max_daily_rainfall_mm": 46.527706, "max_3day_rainfall_mm": 121.851667, "elevation_m": 294.0, "slope_deg": 1.7963172523867896, "historical_event_count": 0, "historical_data_available": true, "max_daily_rainfall_factor": 0.5947488584474886, "max_3day_rainfall_factor": 0.8162100456621004, "low_elevation_factor": 0.6472602739726028, "low_slope_factor": 0.4668949771689498, "low_lying": false, "historical_factor": 0.4634703196347032, "max_daily_rainfall_contribution": 12.390601217656014, "max_3day_rainfall_contribution": 17.00437595129376, "low_elevation_contribution": 16.18150684931507, "low_slope_contribution": 7.78158295281583, "historical_contribution": 7.724505327245054, "risk_score": 61, "risk_class": "HIGH"}, "geometry": {"type": "Polygon", "coordinates": [[[79.08614253447872, 21.084882624713146], [79.08602683427452, 21.093913112021717], [79.0956494720704, 21.09402144873377], [79.09576459144263, 21.084990910729903], [79.08614253447872, 21.084882624713146]]]}}, {"type": "Feature", "properties": {"zone_id": "Z195", "rainfall_mm": 1108.426344, "max_daily_rainfall_mm": 46.527706, "max_3day_rainfall_mm": 121.851667, "elevation_m": 298.0, "slope_deg": 0.8036102593253973, "historical_event_count": 0, "historical_data_available": true, "max_daily_rainfall_factor": 0.5947488584474886, "max_3day_rainfall_factor": 0.8162100456621004, "low_elevation_factor": 0.5570776255707762, "low_slope_factor": 0.7796803652968036, "low_lying": false, "historical_factor": 0.4634703196347032, "max_daily_rainfall_contribution": 12.390601217656014, "max_3day_rainfall_contribution": 17.00437595129376, "low_elevation_contribution": 13.926940639269406, "low_slope_contribution": 12.994672754946729, "historical_contribution": 7.724505327245054, "risk_score": 64, "risk_class": "HIGH"}, "geometry": {"type": "Polygon", "coordinates": [[[79.08602683427452, 21.093913112021717], [79.08591107279358, 21.10294358911739], [79.09553429172891, 21.10305197653067], [79.0956494720704, 21.09402144873377], [79.08602683427452, 21.093913112021717]]]}}, {"type": "Feature", "properties": {"zone_id": "Z196", "rainfall_mm": 1178.91059068, "max_daily_rainfall_mm": 44.55476, "max_3day_rainfall_mm": 109.521366, "elevation_m": 304.0, "slope_deg": 0.8036102593253973, "historical_event_count": 1, "historical_data_available": true, "max_daily_rainfall_factor": 0.3356164383561644, "max_3day_rainfall_factor": 0.7511415525114156, "low_elevation_factor": 0.430365296803653, "low_slope_factor": 0.7796803652968036, "low_lying": false, "historical_factor": 0.958904109589041, "max_daily_rainfall_contribution": 6.992009132420092, "max_3day_rainfall_contribution": 15.648782343987826, "low_elevation_contribution": 10.759132420091325, "low_slope_contribution": 12.994672754946729, "historical_contribution": 15.981735159817353, "risk_score": 62, "risk_class": "HIGH"}, "geometry": {"type": "Polygon", "coordinates": [[[79.08591107279358, 21.10294358911739], [79.08579525001915, 21.111974055996498], [79.09541905040147, 21.112082494116937], [79.09553429172891, 21.10305197653067], [79.08591107279358, 21.10294358911739]]]}}, {"type": "Feature", "properties": {"zone_id": "Z197", "rainfall_mm": 1178.91059068, "max_daily_rainfall_mm": 44.55476, "max_3day_rainfall_mm": 109.521366, "elevation_m": 305.0, "slope_deg": 1.7964213810407137, "historical_event_count": 0, "historical_data_available": true, "max_daily_rainfall_factor": 0.3356164383561644, "max_3day_rainfall_factor": 0.7511415525114156, "low_elevation_factor": 0.4155251141552511, "low_slope_factor": 0.3698630136986301, "low_lying": false, "historical_factor": 0.4634703196347032, "max_daily_rainfall_contribution": 6.992009132420092, "max_3day_rainfall_contribution": 15.648782343987826, "low_elevation_contribution": 10.388127853881278, "low_slope_contribution": 6.164383561643835, "historical_contribution": 7.724505327245054, "risk_score": 47, "risk_class": "MODERATE"}, "geometry": {"type": "Polygon", "coordinates": [[[79.08579525001915, 21.111974055996498], [79.08567936593445, 21.12100451265535], [79.0953037480714, 21.121113001488876], [79.09541905040147, 21.112082494116937], [79.08579525001915, 21.111974055996498]]]}}, {"type": "Feature", "properties": {"zone_id": "Z198", "rainfall_mm": 1178.91059068, "max_daily_rainfall_mm": 44.55476, "max_3day_rainfall_mm": 109.521366, "elevation_m": 316.0, "slope_deg": 1.7963172523867896, "historical_event_count": 0, "historical_data_available": true, "max_daily_rainfall_factor": 0.3356164383561644, "max_3day_rainfall_factor": 0.7511415525114156, "low_elevation_factor": 0.2374429223744292, "low_slope_factor": 0.4668949771689498, "low_lying": false, "historical_factor": 0.4634703196347032, "max_daily_rainfall_contribution": 6.992009132420092, "max_3day_rainfall_contribution": 15.648782343987826, "low_elevation_contribution": 5.93607305936073, "low_slope_contribution": 7.78158295281583, "historical_contribution": 7.724505327245054, "risk_score": 44, "risk_class": "MODERATE"}, "geometry": {"type": "Polygon", "coordinates": [[[79.08567936593445, 21.12100451265535], [79.0855634205227, 21.130034959090263], [79.095188384722, 21.130143498642823], [79.0953037480714, 21.121113001488876], [79.08567936593445, 21.12100451265535]]]}}, {"type": "Feature", "properties": {"zone_id": "Z199", "rainfall_mm": 1178.91059068, "max_daily_rainfall_mm": 44.55476, "max_3day_rainfall_mm": 109.521366, "elevation_m": 303.0, "slope_deg": 3.2112850435331786, "historical_event_count": 0, "historical_data_available": true, "max_daily_rainfall_factor": 0.3356164383561644, "max_3day_rainfall_factor": 0.7511415525114156, "low_elevation_factor": 0.4531963470319635, "low_slope_factor": 0.09246575342465753, "low_lying": false, "historical_factor": 0.4634703196347032, "max_daily_rainfall_contribution": 6.992009132420092, "max_3day_rainfall_contribution": 15.648782343987826, "low_elevation_contribution": 11.329908675799087, "low_slope_contribution": 1.5410958904109588, "historical_contribution": 7.724505327245054, "risk_score": 43, "risk_class": "MODERATE"}, "geometry": {"type": "Polygon", "coordinates": [[[79.0855634205227, 21.130034959090263], [79.0854474137671, 21.13906539529756], [79.09507296033652, 21.1391739855751], [79.095188384722, 21.130143498642823], [79.0855634205227, 21.130034959090263]]]}}, {"type": "Feature", "properties": {"zone_id": "Z200", "rainfall_mm": 1178.91059068, "max_daily_rainfall_mm": 44.55476, "max_3day_rainfall_mm": 109.521366, "elevation_m": 306.0, "slope_deg": 1.7963172523867896, "historical_event_count": 1, "historical_data_available": true, "max_daily_rainfall_factor": 0.3356164383561644, "max_3day_rainfall_factor": 0.7511415525114156, "low_elevation_factor": 0.3972602739726027, "low_slope_factor": 0.4668949771689498, "low_lying": false, "historical_factor": 0.958904109589041, "max_daily_rainfall_contribution": 6.992009132420092, "max_3day_rainfall_contribution": 15.648782343987826, "low_elevation_contribution": 9.931506849315069, "low_slope_contribution": 7.78158295281583, "historical_contribution": 15.981735159817353, "risk_score": 56, "risk_class": "HIGH"}, "geometry": {"type": "Polygon", "coordinates": [[[79.0854474137671, 21.13906539529756], [79.08533134565086, 21.148095821273557], [79.0949574748983, 21.148204462282017], [79.09507296033652, 21.1391739855751], [79.0854474137671, 21.13906539529756]]]}}, {"type": "Feature", "properties": {"zone_id": "Z201", "rainfall_mm": 1150.3373648338, "max_daily_rainfall_mm": 47.884903, "max_3day_rainfall_mm": 102.08406499999998, "elevation_m": 310.0, "slope_deg": 1.136347105590608, "historical_event_count": 0, "historical_data_available": true, "max_daily_rainfall_factor": 0.6700913242009132, "max_3day_rainfall_factor": 0.4212328767123288, "low_elevation_factor": 0.3276255707762557, "low_slope_factor": 0.6643835616438356, "low_lying": false, "historical_factor": 0.4634703196347032, "max_daily_rainfall_contribution": 13.96023592085236, "max_3day_rainfall_contribution": 8.77568493150685, "low_elevation_contribution": 8.190639269406393, "low_slope_contribution": 11.073059360730594, "historical_contribution": 7.724505327245054, "risk_score": 50, "risk_class": "MODERATE"}, "geometry": {"type": "Polygon", "coordinates": [[[79.08533134565086, 21.148095821273557], [79.08521521615714, 21.157126237014573], [79.09484192839055, 21.1572349287599], [79.0949574748983, 21.148204462282017], [79.08533134565086, 21.148095821273557]]]}}, {"type": "Feature", "properties": {"zone_id": "Z202", "rainfall_mm": 1150.3373648338, "max_daily_rainfall_mm": 47.884903, "max_3day_rainfall_mm": 102.08406499999998, "elevation_m": 306.0, "slope_deg": 4.011359443848779, "historical_event_count": 1, "historical_data_available": true, "max_daily_rainfall_factor": 0.6700913242009132, "max_3day_rainfall_factor": 0.4212328767123288, "low_elevation_factor": 0.3972602739726027, "low_slope_factor": 0.045662100456621, "low_lying": false, "historical_factor": 0.958904109589041, "max_daily_rainfall_contribution": 13.96023592085236, "max_3day_rainfall_contribution": 8.77568493150685, "low_elevation_contribution": 9.931506849315069, "low_slope_contribution": 0.76103500761035, "historical_contribution": 15.981735159817353, "risk_score": 49, "risk_class": "MODERATE"}, "geometry": {"type": "Polygon", "coordinates": [[[79.08521521615714, 21.157126237014573], [79.08509902526912, 21.166156642516935], [79.09472632079657, 21.16626538500509], [79.09484192839055, 21.1572349287599], [79.08521521615714, 21.157126237014573]]]}}, {"type": "Feature", "properties": {"zone_id": "Z203", "rainfall_mm": 1150.3373648338, "max_daily_rainfall_mm": 47.884903, "max_3day_rainfall_mm": 102.08406499999998, "elevation_m": 304.0, "slope_deg": 2.409334683179326, "historical_event_count": 1, "historical_data_available": true, "max_daily_rainfall_factor": 0.6700913242009132, "max_3day_rainfall_factor": 0.4212328767123288, "low_elevation_factor": 0.430365296803653, "low_slope_factor": 0.24885844748858446, "low_lying": false, "historical_factor": 0.958904109589041, "max_daily_rainfall_contribution": 13.96023592085236, "max_3day_rainfall_contribution": 8.77568493150685, "low_elevation_contribution": 10.759132420091325, "low_slope_contribution": 4.147640791476408, "historical_contribution": 15.981735159817353, "risk_score": 54, "risk_class": "MODERATE"}, "geometry": {"type": "Polygon", "coordinates": [[[79.08509902526912, 21.166156642516935], [79.08498277296995, 21.17518703777696], [79.09461065209956, 21.17529583101389], [79.09472632079657, 21.16626538500509], [79.08509902526912, 21.166156642516935]]]}}, {"type": "Feature", "properties": {"zone_id": "Z204", "rainfall_mm": 1150.3373648338, "max_daily_rainfall_mm": 47.884903, "max_3day_rainfall_mm": 102.08406499999998, "elevation_m": 311.0, "slope_deg": 1.136347105590608, "historical_event_count": 3, "historical_data_available": true, "max_daily_rainfall_factor": 0.6700913242009132, "max_3day_rainfall_factor": 0.4212328767123288, "low_elevation_factor": 0.3093607305936073, "low_slope_factor": 0.6643835616438356, "low_lying": false, "historical_factor": 1.0, "max_daily_rainfall_contribution": 13.96023592085236, "max_3day_rainfall_contribution": 8.77568493150685, "low_elevation_contribution": 7.7340182648401825, "low_slope_contribution": 11.073059360730594, "historical_contribution": 16.666666666666668, "risk_score": 58, "risk_class": "HIGH"}, "geometry": {"type": "Polygon", "coordinates": [[[79.08498277296995, 21.17518703777696], [79.08486645924278, 21.184217422790972], [79.09449492228278, 21.184326266782644], [79.09461065209956, 21.17529583101389], [79.08498277296995, 21.17518703777696]]]}}, {"type": "Feature", "properties": {"zone_id": "Z205", "rainfall_mm": 1150.3373648338, "max_daily_rainfall_mm": 47.884903, "max_3day_rainfall_mm": 102.08406499999998, "elevation_m": 297.0, "slope_deg": 3.5891101368504224, "historical_event_count": 0, "historical_data_available": true, "max_daily_rainfall_factor": 0.6700913242009132, "max_3day_rainfall_factor": 0.4212328767123288, "low_elevation_factor": 0.5787671232876712, "low_slope_factor": 0.05593607305936073, "low_lying": false, "historical_factor": 0.4634703196347032, "max_daily_rainfall_contribution": 13.96023592085236, "max_3day_rainfall_contribution": 8.77568493150685, "low_elevation_contribution": 14.46917808219178, "low_slope_contribution": 0.9322678843226788, "historical_contribution": 7.724505327245054, "risk_score": 46, "risk_class": "MODERATE"}, "geometry": {"type": "Polygon", "coordinates": [[[79.08486645924278, 21.184217422790972], [79.08475008407076, 21.193247797555298], [79.09437913132946, 21.193356692307674], [79.09449492228278, 21.184326266782644], [79.08486645924278, 21.184217422790972]]]}}, {"type": "Feature", "properties": {"zone_id": "Z206", "rainfall_mm": 1150.3373648338, "max_daily_rainfall_mm": 47.884903, "max_3day_rainfall_mm": 102.08406499999998, "elevation_m": 296.0, "slope_deg": 0.0, "historical_event_count": 0, "historical_data_available": true, "max_daily_rainfall_factor": 0.6700913242009132, "max_3day_rainfall_factor": 0.4212328767123288, "low_elevation_factor": 0.6004566210045662, "low_slope_factor": 0.9600456621004566, "low_lying": false, "historical_factor": 0.4634703196347032, "max_daily_rainfall_contribution": 13.96023592085236, "max_3day_rainfall_contribution": 8.77568493150685, "low_elevation_contribution": 15.011415525114154, "low_slope_contribution": 16.00076103500761, "historical_contribution": 7.724505327245054, "risk_score": 61, "risk_class": "HIGH"}, "geometry": {"type": "Polygon", "coordinates": [[[79.08475008407076, 21.193247797555298], [79.08463364743702, 21.20227816206626], [79.09426327922279, 21.202387107585317], [79.09437913132946, 21.193356692307674], [79.08475008407076, 21.193247797555298]]]}}, {"type": "Feature", "properties": {"zone_id": "Z207", "rainfall_mm": 1175.3396952121, "max_daily_rainfall_mm": 50.390884, "max_3day_rainfall_mm": 100.781768, "elevation_m": 300.0, "slope_deg": 0.8035325853473997, "historical_event_count": 0, "historical_data_available": true, "max_daily_rainfall_factor": 0.8230593607305936, "max_3day_rainfall_factor": 0.3527397260273973, "low_elevation_factor": 0.5251141552511416, "low_slope_factor": 0.8710045662100456, "low_lying": false, "historical_factor": 0.4634703196347032, "max_daily_rainfall_contribution": 17.147070015220702, "max_3day_rainfall_contribution": 7.348744292237444, "low_elevation_contribution": 13.12785388127854, "low_slope_contribution": 14.516742770167427, "historical_contribution": 7.724505327245054, "risk_score": 60, "risk_class": "HIGH"}, "geometry": {"type": "Polygon", "coordinates": [[[79.08463364743702, 21.20227816206626], [79.08451714932464, 21.211308516320184], [79.09414736594596, 21.21141751261188], [79.09426327922279, 21.202387107585317], [79.08463364743702, 21.20227816206626]]]}}, {"type": "Feature", "properties": {"zone_id": "Z208", "rainfall_mm": 1175.3396952121, "max_daily_rainfall_mm": 50.390884, "max_3day_rainfall_mm": 100.781768, "elevation_m": 307.0, "slope_deg": 1.6067492162846009, "historical_event_count": 0, "historical_data_available": true, "max_daily_rainfall_factor": 0.8230593607305936, "max_3day_rainfall_factor": 0.3527397260273973, "low_elevation_factor": 0.3767123287671233, "low_slope_factor": 0.571917808219178, "low_lying": false, "historical_factor": 0.4634703196347032, "max_daily_rainfall_contribution": 17.147070015220702, "max_3day_rainfall_contribution": 7.348744292237444, "low_elevation_contribution": 9.417808219178083, "low_slope_contribution": 9.531963470319635, "historical_contribution": 7.724505327245054, "risk_score": 51, "risk_class": "MODERATE"}, "geometry": {"type": "Polygon", "coordinates": [[[79.08451714932464, 21.211308516320184], [79.08440058971674, 21.220338860313394], [79.09403139148218, 21.220447907383708], [79.09414736594596, 21.21141751261188], [79.08451714932464, 21.211308516320184]]]}}, {"type": "Feature", "properties": {"zone_id": "Z209", "rainfall_mm": 1175.3396952121, "max_daily_rainfall_mm": 50.390884, "max_3day_rainfall_mm": 100.781768, "elevation_m": 313.0, "slope_deg": 2.895095406089006, "historical_event_count": 0, "historical_data_available": true, "max_daily_rainfall_factor": 0.8230593607305936, "max_3day_rainfall_factor": 0.3527397260273973, "low_elevation_factor": 0.2773972602739726, "low_slope_factor": 0.1095890410958904, "low_lying": false, "historical_factor": 0.4634703196347032, "max_daily_rainfall_contribution": 17.147070015220702, "max_3day_rainfall_contribution": 7.348744292237444, "low_elevation_contribution": 6.934931506849315, "low_slope_contribution": 1.8264840182648403, "historical_contribution": 7.724505327245054, "risk_score": 41, "risk_class": "MODERATE"}, "geometry": {"type": "Polygon", "coordinates": [[[79.08440058971674, 21.220338860313394], [79.08428396859644, 21.229369194042228], [79.0939153558146, 21.229478291897134], [79.09403139148218, 21.220447907383708], [79.08440058971674, 21.220338860313394]]]}}, {"type": "Feature", "properties": {"zone_id": "Z210", "rainfall_mm": 1175.3396952121, "max_daily_rainfall_mm": 50.390884, "max_3day_rainfall_mm": 100.781768, "elevation_m": 312.0, "slope_deg": 3.589317782023876, "historical_event_count": 0, "historical_data_available": true, "max_daily_rainfall_factor": 0.8230593607305936, "max_3day_rainfall_factor": 0.3527397260273973, "low_elevation_factor": 0.2910958904109589, "low_slope_factor": 0.0502283105022831, "low_lying": false, "historical_factor": 0.4634703196347032, "max_daily_rainfall_contribution": 17.147070015220702, "max_3day_rainfall_contribution": 7.348744292237444, "low_elevation_contribution": 7.277397260273973, "low_slope_contribution": 0.8371385083713851, "historical_contribution": 7.724505327245054, "risk_score": 40, "risk_class": "MODERATE"}, "geometry": {"type": "Polygon", "coordinates": [[[79.0939153558146, 21.229478291897134], [79.08428396859644, 21.229369194042228], [79.08427544618142, 21.23002892383485], [79.09390827049067, 21.230029547037784], [79.0939153558146, 21.229478291897134]]]}}, {"type": "Feature", "properties": {"zone_id": "Z211", "rainfall_mm": 1147.199696116, "max_daily_rainfall_mm": 56.130226, "max_3day_rainfall_mm": 124.65368900000001, "elevation_m": 295.0, "slope_deg": 1.7964213810407137, "historical_event_count": 0, "historical_data_available": true, "max_daily_rainfall_factor": 0.8915525114155252, "max_3day_rainfall_factor": 0.9600456621004566, "low_elevation_factor": 0.6221461187214612, "low_slope_factor": 0.3698630136986301, "low_lying": false, "historical_factor": 0.4634703196347032, "max_daily_rainfall_contribution": 18.57401065449011, "max_3day_rainfall_contribution": 20.000951293759513, "low_elevation_contribution": 15.55365296803653, "low_slope_contribution": 6.164383561643835, "historical_contribution": 7.724505327245054, "risk_score": 68, "risk_class": "HIGH"}, "geometry": {"type": "Polygon", "coordinates": [[[79.0961095839103, 21.057899235513347], [79.10572996112488, 21.05800682517817], [79.10583093102402, 21.050029353154894], [79.09620969733372, 21.05002941103058], [79.0961095839103, 21.057899235513347]]]}}, {"type": "Feature", "properties": {"zone_id": "Z212", "rainfall_mm": 1147.199696116, "max_daily_rainfall_mm": 56.130226, "max_3day_rainfall_mm": 124.65368900000001, "elevation_m": 294.0, "slope_deg": 1.7964213810407137, "historical_event_count": 0, "historical_data_available": true, "max_daily_rainfall_factor": 0.8915525114155252, "max_3day_rainfall_factor": 0.9600456621004566, "low_elevation_factor": 0.6472602739726028, "low_slope_factor": 0.3698630136986301, "low_lying": false, "historical_factor": 0.4634703196347032, "max_daily_rainfall_contribution": 18.57401065449011, "max_3day_rainfall_contribution": 20.000951293759513, "low_elevation_contribution": 16.18150684931507, "low_slope_contribution": 6.164383561643835, "historical_contribution": 7.724505327245054, "risk_score": 69, "risk_class": "HIGH"}, "geometry": {"type": "Polygon", "coordinates": [[[79.0961095839103, 21.057899235513347], [79.09599464734593, 21.066929804116008], [79.10561560448723, 21.06703744420334], [79.10572996112488, 21.05800682517817], [79.0961095839103, 21.057899235513347]]]}}, {"type": "Feature", "properties": {"zone_id": "Z213", "rainfall_mm": 1147.199696116, "max_daily_rainfall_mm": 56.130226, "max_3day_rainfall_mm": 124.65368900000001, "elevation_m": 289.0, "slope_deg": 1.6067492162846009, "historical_event_count": 0, "historical_data_available": true, "max_daily_rainfall_factor": 0.8915525114155252, "max_3day_rainfall_factor": 0.9600456621004566, "low_elevation_factor": 0.771689497716895, "low_slope_factor": 0.571917808219178, "low_lying": true, "historical_factor": 0.4634703196347032, "max_daily_rainfall_contribution": 18.57401065449011, "max_3day_rainfall_contribution": 20.000951293759513, "low_elevation_contribution": 19.292237442922374, "low_slope_contribution": 9.531963470319635, "historical_contribution": 7.724505327245054, "risk_score": 75, "risk_class": "HIGH"}, "geometry": {"type": "Polygon", "coordinates": [[[79.09599464734593, 21.066929804116008], [79.09587964986225, 21.075960362522757], [79.10550118723751, 21.076068053038487], [79.10561560448723, 21.06703744420334], [79.09599464734593, 21.066929804116008]]]}}, {"type": "Feature", "properties": {"zone_id": "Z214", "rainfall_mm": 1147.199696116, "max_daily_rainfall_mm": 56.130226, "max_3day_rainfall_mm": 124.65368900000001, "elevation_m": 288.0, "slope_deg": 1.136347105590608, "historical_event_count": 0, "historical_data_available": true, "max_daily_rainfall_factor": 0.8915525114155252, "max_3day_rainfall_factor": 0.9600456621004566, "low_elevation_factor": 0.7990867579908676, "low_slope_factor": 0.6643835616438356, "low_lying": true, "historical_factor": 0.4634703196347032, "max_daily_rainfall_contribution": 18.57401065449011, "max_3day_rainfall_contribution": 20.000951293759513, "low_elevation_contribution": 19.97716894977169, "low_slope_contribution": 11.073059360730594, "historical_contribution": 7.724505327245054, "risk_score": 77, "risk_class": "CRITICAL"}, "geometry": {"type": "Polygon", "coordinates": [[[79.09587964986225, 21.075960362522757], [79.09576459144263, 21.084990910729903], [79.10538670935915, 21.085098651679925], [79.10550118723751, 21.076068053038487], [79.09587964986225, 21.075960362522757]]]}}, {"type": "Feature", "properties": {"zone_id": "Z215", "rainfall_mm": 1147.199696116, "max_daily_rainfall_mm": 56.130226, "max_3day_rainfall_mm": 124.65368900000001, "elevation_m": 292.0, "slope_deg": 1.7964213810407137, "historical_event_count": 0, "historical_data_available": true, "max_daily_rainfall_factor": 0.8915525114155252, "max_3day_rainfall_factor": 0.9600456621004566, "low_elevation_factor": 0.6974885844748858, "low_slope_factor": 0.3698630136986301, "low_lying": false, "historical_factor": 0.4634703196347032, "max_daily_rainfall_contribution": 18.57401065449011, "max_3day_rainfall_contribution": 20.000951293759513, "low_elevation_contribution": 17.437214611872147, "low_slope_contribution": 6.164383561643835, "historical_contribution": 7.724505327245054, "risk_score": 70, "risk_class": "HIGH"}, "geometry": {"type": "Polygon", "coordinates": [[[79.09576459144263, 21.084990910729903], [79.0956494720704, 21.09402144873377], [79.10527217083558, 21.09412924012398], [79.10538670935915, 21.085098651679925], [79.09576459144263, 21.084990910729903]]]}}, {"type": "Feature", "properties": {"zone_id": "Z216", "rainfall_mm": 1147.199696116, "max_daily_rainfall_mm": 56.130226, "max_3day_rainfall_mm": 124.65368900000001, "elevation_m": 294.0, "slope_deg": 0.8035325853473997, "historical_event_count": 0, "historical_data_available": true, "max_daily_rainfall_factor": 0.8915525114155252, "max_3day_rainfall_factor": 0.9600456621004566, "low_elevation_factor": 0.6472602739726028, "low_slope_factor": 0.8710045662100456, "low_lying": false, "historical_factor": 0.4634703196347032, "max_daily_rainfall_contribution": 18.57401065449011, "max_3day_rainfall_contribution": 20.000951293759513, "low_elevation_contribution": 16.18150684931507, "low_slope_contribution": 14.516742770167427, "historical_contribution": 7.724505327245054, "risk_score": 77, "risk_class": "CRITICAL"}, "geometry": {"type": "Polygon", "coordinates": [[[79.0956494720704, 21.09402144873377], [79.09553429172891, 21.10305197653067], [79.1051575716502, 21.10315981836697], [79.10527217083558, 21.09412924012398], [79.0956494720704, 21.09402144873377]]]}}, {"type": "Feature", "properties": {"zone_id": "Z217", "rainfall_mm": 1155.523167019, "max_daily_rainfall_mm": 42.9932, "max_3day_rainfall_mm": 107.58183, "elevation_m": 297.0, "slope_deg": 2.5397161746466046, "historical_event_count": 0, "historical_data_available": true, "max_daily_rainfall_factor": 0.2271689497716895, "max_3day_rainfall_factor": 0.6883561643835616, "low_elevation_factor": 0.5787671232876712, "low_slope_factor": 0.1632420091324201, "low_lying": false, "historical_factor": 0.4634703196347032, "max_daily_rainfall_contribution": 4.732686453576865, "max_3day_rainfall_contribution": 14.340753424657535, "low_elevation_contribution": 14.46917808219178, "low_slope_contribution": 2.720700152207002, "historical_contribution": 7.724505327245054, "risk_score": 44, "risk_class": "MODERATE"}, "geometry": {"type": "Polygon", "coordinates": [[[79.09553429172891, 21.10305197653067], [79.09541905040147, 21.112082494116937], [79.10504291178644, 21.112190386405228], [79.1051575716502, 21.10315981836697], [79.09553429172891, 21.10305197653067]]]}}, {"type": "Feature", "properties": {"zone_id": "Z218", "rainfall_mm": 1155.523167019, "max_daily_rainfall_mm": 42.9932, "max_3day_rainfall_mm": 107.58183, "elevation_m": 300.0, "slope_deg": 0.0, "historical_event_count": 0, "historical_data_available": true, "max_daily_rainfall_factor": 0.2271689497716895, "max_3day_rainfall_factor": 0.6883561643835616, "low_elevation_factor": 0.5251141552511416, "low_slope_factor": 0.9600456621004566, "low_lying": false, "historical_factor": 0.4634703196347032, "max_daily_rainfall_contribution": 4.732686453576865, "max_3day_rainfall_contribution": 14.340753424657535, "low_elevation_contribution": 13.12785388127854, "low_slope_contribution": 16.00076103500761, "historical_contribution": 7.724505327245054, "risk_score": 56, "risk_class": "HIGH"}, "geometry": {"type": "Polygon", "coordinates": [[[79.09541905040147, 21.112082494116937], [79.0953037480714, 21.121113001488876], [79.1049281912277, 21.12122094423507], [79.10504291178644, 21.112190386405228], [79.09541905040147, 21.112082494116937]]]}}, {"type": "Feature", "properties": {"zone_id": "Z219", "rainfall_mm": 1155.523167019, "max_daily_rainfall_mm": 42.9932, "max_3day_rainfall_mm": 107.58183, "elevation_m": 312.0, "slope_deg": 1.136347105590608, "historical_event_count": 0, "historical_data_available": true, "max_daily_rainfall_factor": 0.2271689497716895, "max_3day_rainfall_factor": 0.6883561643835616, "low_elevation_factor": 0.2910958904109589, "low_slope_factor": 0.6643835616438356, "low_lying": false, "historical_factor": 0.4634703196347032, "max_daily_rainfall_contribution": 4.732686453576865, "max_3day_rainfall_contribution": 14.340753424657535, "low_elevation_contribution": 7.277397260273973, "low_slope_contribution": 11.073059360730594, "historical_contribution": 7.724505327245054, "risk_score": 45, "risk_class": "MODERATE"}, "geometry": {"type": "Polygon", "coordinates": [[[79.0953037480714, 21.121113001488876], [79.095188384722, 21.130143498642823], [79.10481340995732, 21.13025149185282], [79.1049281912277, 21.12122094423507], [79.0953037480714, 21.121113001488876]]]}}, {"type": "Feature", "properties": {"zone_id": "Z220", "rainfall_mm": 1178.91059068, "max_daily_rainfall_mm": 44.55476, "max_3day_rainfall_mm": 109.521366, "elevation_m": 303.0, "slope_deg": 2.409567339030629, "historical_event_count": 0, "historical_data_available": true, "max_daily_rainfall_factor": 0.3356164383561644, "max_3day_rainfall_factor": 0.7511415525114156, "low_elevation_factor": 0.4531963470319635, "low_slope_factor": 0.2363013698630137, "low_lying": false, "historical_factor": 0.4634703196347032, "max_daily_rainfall_contribution": 6.992009132420092, "max_3day_rainfall_contribution": 15.648782343987826, "low_elevation_contribution": 11.329908675799087, "low_slope_contribution": 3.938356164383562, "historical_contribution": 7.724505327245054, "risk_score": 46, "risk_class": "MODERATE"}, "geometry": {"type": "Polygon", "coordinates": [[[79.095188384722, 21.130143498642823], [79.09507296033652, 21.1391739855751], [79.10469856795872, 21.139282029254804], [79.10481340995732, 21.13025149185282], [79.095188384722, 21.130143498642823]]]}}, {"type": "Feature", "properties": {"zone_id": "Z221", "rainfall_mm": 1178.91059068, "max_daily_rainfall_mm": 44.55476, "max_3day_rainfall_mm": 109.521366, "elevation_m": 307.0, "slope_deg": 2.2718009544716, "historical_event_count": 0, "historical_data_available": true, "max_daily_rainfall_factor": 0.3356164383561644, "max_3day_rainfall_factor": 0.7511415525114156, "low_elevation_factor": 0.3767123287671233, "low_slope_factor": 0.2865296803652968, "low_lying": false, "historical_factor": 0.4634703196347032, "max_daily_rainfall_contribution": 6.992009132420092, "max_3day_rainfall_contribution": 15.648782343987826, "low_elevation_contribution": 9.417808219178083, "low_slope_contribution": 4.775494672754947, "historical_contribution": 7.724505327245054, "risk_score": 45, "risk_class": "MODERATE"}, "geometry": {"type": "Polygon", "coordinates": [[[79.09507296033652, 21.1391739855751], [79.0949574748983, 21.148204462282017], [79.10458366521523, 21.14831255643736], [79.10469856795872, 21.139282029254804], [79.09507296033652, 21.1391739855751]]]}}, {"type": "Feature", "properties": {"zone_id": "Z222", "rainfall_mm": 1150.3373648338, "max_daily_rainfall_mm": 47.884903, "max_3day_rainfall_mm": 102.08406499999998, "elevation_m": 312.0, "slope_deg": 1.136347105590608, "historical_event_count": 1, "historical_data_available": true, "max_daily_rainfall_factor": 0.6700913242009132, "max_3day_rainfall_factor": 0.4212328767123288, "low_elevation_factor": 0.2910958904109589, "low_slope_factor": 0.6643835616438356, "low_lying": false, "historical_factor": 0.958904109589041, "max_daily_rainfall_contribution": 13.96023592085236, "max_3day_rainfall_contribution": 8.77568493150685, "low_elevation_contribution": 7.277397260273973, "low_slope_contribution": 11.073059360730594, "historical_contribution": 15.981735159817353, "risk_score": 57, "risk_class": "HIGH"}, "geometry": {"type": "Polygon", "coordinates": [[[79.0949574748983, 21.148204462282017], [79.09484192839055, 21.1572349287599], [79.10446870171022, 21.157343073396806], [79.10458366521523, 21.14831255643736], [79.0949574748983, 21.148204462282017]]]}}, {"type": "Feature", "properties": {"zone_id": "Z223", "rainfall_mm": 1150.3373648338, "max_daily_rainfall_mm": 47.884903, "max_3day_rainfall_mm": 102.08406499999998, "elevation_m": 308.0, "slope_deg": 1.7964213810407137, "historical_event_count": 1, "historical_data_available": true, "max_daily_rainfall_factor": 0.6700913242009132, "max_3day_rainfall_factor": 0.4212328767123288, "low_elevation_factor": 0.365296803652968, "low_slope_factor": 0.3698630136986301, "low_lying": false, "historical_factor": 0.958904109589041, "max_daily_rainfall_contribution": 13.96023592085236, "max_3day_rainfall_contribution": 8.77568493150685, "low_elevation_contribution": 9.1324200913242, "low_slope_contribution": 6.164383561643835, "historical_contribution": 15.981735159817353, "risk_score": 54, "risk_class": "MODERATE"}, "geometry": {"type": "Polygon", "coordinates": [[[79.09484192839055, 21.1572349287599], [79.09472632079657, 21.16626538500509], [79.10435367742701, 21.166373580129466], [79.10446870171022, 21.157343073396806], [79.09484192839055, 21.1572349287599]]]}}, {"type": "Feature", "properties": {"zone_id": "Z224", "rainfall_mm": 1150.3373648338, "max_daily_rainfall_mm": 47.884903, "max_3day_rainfall_mm": 102.08406499999998, "elevation_m": 301.0, "slope_deg": 1.7963172523867896, "historical_event_count": 0, "historical_data_available": true, "max_daily_rainfall_factor": 0.6700913242009132, "max_3day_rainfall_factor": 0.4212328767123288, "low_elevation_factor": 0.5, "low_slope_factor": 0.4668949771689498, "low_lying": false, "historical_factor": 0.4634703196347032, "max_daily_rainfall_contribution": 13.96023592085236, "max_3day_rainfall_contribution": 8.77568493150685, "low_elevation_contribution": 12.5, "low_slope_contribution": 7.78158295281583, "historical_contribution": 7.724505327245054, "risk_score": 51, "risk_class": "MODERATE"}, "geometry": {"type": "Polygon", "coordinates": [[[79.09472632079657, 21.16626538500509], [79.09461065209956, 21.17529583101389], [79.10423859234895, 21.175404076631672], [79.10435367742701, 21.166373580129466], [79.09472632079657, 21.16626538500509]]]}}, {"type": "Feature", "properties": {"zone_id": "Z225", "rainfall_mm": 1150.3373648338, "max_daily_rainfall_mm": 47.884903, "max_3day_rainfall_mm": 102.08406499999998, "elevation_m": 301.0, "slope_deg": 0.8035325853473997, "historical_event_count": 0, "historical_data_available": true, "max_daily_rainfall_factor": 0.6700913242009132, "max_3day_rainfall_factor": 0.4212328767123288, "low_elevation_factor": 0.5, "low_slope_factor": 0.8710045662100456, "low_lying": false, "historical_factor": 0.4634703196347032, "max_daily_rainfall_contribution": 13.96023592085236, "max_3day_rainfall_contribution": 8.77568493150685, "low_elevation_contribution": 12.5, "low_slope_contribution": 14.516742770167427, "historical_contribution": 7.724505327245054, "risk_score": 57, "risk_class": "HIGH"}, "geometry": {"type": "Polygon", "coordinates": [[[79.09461065209956, 21.17529583101389], [79.09449492228278, 21.184326266782644], [79.10412344645934, 21.18443456289976], [79.10423859234895, 21.175404076631672], [79.09461065209956, 21.17529583101389]]]}}, {"type": "Feature", "properties": {"zone_id": "Z226", "rainfall_mm": 1150.3373648338, "max_daily_rainfall_mm": 47.884903, "max_3day_rainfall_mm": 102.08406499999998, "elevation_m": 298.0, "slope_deg": 2.409567339030629, "historical_event_count": 0, "historical_data_available": true, "max_daily_rainfall_factor": 0.6700913242009132, "max_3day_rainfall_factor": 0.4212328767123288, "low_elevation_factor": 0.5570776255707762, "low_slope_factor": 0.2363013698630137, "low_lying": false, "historical_factor": 0.4634703196347032, "max_daily_rainfall_contribution": 13.96023592085236, "max_3day_rainfall_contribution": 8.77568493150685, "low_elevation_contribution": 13.926940639269406, "low_slope_contribution": 3.938356164383562, "historical_contribution": 7.724505327245054, "risk_score": 48, "risk_class": "MODERATE"}, "geometry": {"type": "Polygon", "coordinates": [[[79.09449492228278, 21.184326266782644], [79.09437913132946, 21.193356692307674], [79.10400823974149, 21.193465038930064], [79.10412344645934, 21.18443456289976], [79.09449492228278, 21.184326266782644]]]}}, {"type": "Feature", "properties": {"zone_id": "Z227", "rainfall_mm": 1150.3373648338, "max_daily_rainfall_mm": 47.884903, "max_3day_rainfall_mm": 102.08406499999998, "elevation_m": 293.0, "slope_deg": 1.6067492162846009, "historical_event_count": 0, "historical_data_available": true, "max_daily_rainfall_factor": 0.6700913242009132, "max_3day_rainfall_factor": 0.4212328767123288, "low_elevation_factor": 0.6723744292237442, "low_slope_factor": 0.571917808219178, "low_lying": false, "historical_factor": 0.4634703196347032, "max_daily_rainfall_contribution": 13.96023592085236, "max_3day_rainfall_contribution": 8.77568493150685, "low_elevation_contribution": 16.809360730593607, "low_slope_contribution": 9.531963470319635, "historical_contribution": 7.724505327245054, "risk_score": 57, "risk_class": "HIGH"}, "geometry": {"type": "Polygon", "coordinates": [[[79.09437913132946, 21.193356692307674], [79.09426327922279, 21.202387107585317], [79.10389297217868, 21.202495504718904], [79.10400823974149, 21.193465038930064], [79.09437913132946, 21.193356692307674]]]}}, {"type": "Feature", "properties": {"zone_id": "Z228", "rainfall_mm": 1175.3396952121, "max_daily_rainfall_mm": 50.390884, "max_3day_rainfall_mm": 100.781768, "elevation_m": 302.0, "slope_deg": 0.8036102593253973, "historical_event_count": 0, "historical_data_available": true, "max_daily_rainfall_factor": 0.8230593607305936, "max_3day_rainfall_factor": 0.3527397260273973, "low_elevation_factor": 0.4794520547945205, "low_slope_factor": 0.7796803652968036, "low_lying": false, "historical_factor": 0.4634703196347032, "max_daily_rainfall_contribution": 17.147070015220702, "max_3day_rainfall_contribution": 7.348744292237444, "low_elevation_contribution": 11.986301369863012, "low_slope_contribution": 12.994672754946729, "historical_contribution": 7.724505327245054, "risk_score": 57, "risk_class": "HIGH"}, "geometry": {"type": "Polygon", "coordinates": [[[79.09426327922279, 21.202387107585317], [79.09414736594596, 21.21141751261188], [79.10377764375423, 21.211525960262623], [79.10389297217868, 21.202495504718904], [79.09426327922279, 21.202387107585317]]]}}, {"type": "Feature", "properties": {"zone_id": "Z229", "rainfall_mm": 1175.3396952121, "max_daily_rainfall_mm": 50.390884, "max_3day_rainfall_mm": 100.781768, "elevation_m": 310.0, "slope_deg": 0.8036102593253973, "historical_event_count": 0, "historical_data_available": true, "max_daily_rainfall_factor": 0.8230593607305936, "max_3day_rainfall_factor": 0.3527397260273973, "low_elevation_factor": 0.3276255707762557, "low_slope_factor": 0.7796803652968036, "low_lying": false, "historical_factor": 0.4634703196347032, "max_daily_rainfall_contribution": 17.147070015220702, "max_3day_rainfall_contribution": 7.348744292237444, "low_elevation_contribution": 8.190639269406393, "low_slope_contribution": 12.994672754946729, "historical_contribution": 7.724505327245054, "risk_score": 53, "risk_class": "MODERATE"}, "geometry": {"type": "Polygon", "coordinates": [[[79.09414736594596, 21.21141751261188], [79.09403139148218, 21.220447907383708], [79.10366225445138, 21.22055640555754], [79.10377764375423, 21.211525960262623], [79.09414736594596, 21.21141751261188]]]}}, {"type": "Feature", "properties": {"zone_id": "Z230", "rainfall_mm": 1175.3396952121, "max_daily_rainfall_mm": 50.390884, "max_3day_rainfall_mm": 100.781768, "elevation_m": 307.0, "slope_deg": 2.894987945295464, "historical_event_count": 0, "historical_data_available": true, "max_daily_rainfall_factor": 0.8230593607305936, "max_3day_rainfall_factor": 0.3527397260273973, "low_elevation_factor": 0.3767123287671233, "low_slope_factor": 0.1324200913242009, "low_lying": false, "historical_factor": 0.4634703196347032, "max_daily_rainfall_contribution": 17.147070015220702, "max_3day_rainfall_contribution": 7.348744292237444, "low_elevation_contribution": 9.417808219178083, "low_slope_contribution": 2.207001522070015, "historical_contribution": 7.724505327245054, "risk_score": 44, "risk_class": "MODERATE"}, "geometry": {"type": "Polygon", "coordinates": [[[79.09403139148218, 21.220447907383708], [79.0939153558146, 21.229478291897134], [79.10354680425341, 21.22958684060001], [79.10366225445138, 21.22055640555754], [79.09403139148218, 21.220447907383708]]]}}, {"type": "Feature", "properties": {"zone_id": "Z231", "rainfall_mm": 1175.3396952121, "max_daily_rainfall_mm": 50.390884, "max_3day_rainfall_mm": 100.781768, "elevation_m": 310.0, "slope_deg": 0.8036102593253973, "historical_event_count": 0, "historical_data_available": true, "max_daily_rainfall_factor": 0.8230593607305936, "max_3day_rainfall_factor": 0.3527397260273973, "low_elevation_factor": 0.3276255707762557, "low_slope_factor": 0.7796803652968036, "low_lying": false, "historical_factor": 0.4634703196347032, "max_daily_rainfall_contribution": 17.147070015220702, "max_3day_rainfall_contribution": 7.348744292237444, "low_elevation_contribution": 8.190639269406393, "low_slope_contribution": 12.994672754946729, "historical_contribution": 7.724505327245054, "risk_score": 53, "risk_class": "MODERATE"}, "geometry": {"type": "Polygon", "coordinates": [[[79.10354680425341, 21.22958684060001], [79.0939153558146, 21.229478291897134], [79.09390827049067, 21.230029547037784], [79.10354114194278, 21.230029619854484], [79.10354680425341, 21.22958684060001]]]}}, {"type": "Feature", "properties": {"zone_id": "Z232", "rainfall_mm": 1147.199696116, "max_daily_rainfall_mm": 56.130226, "max_3day_rainfall_mm": 124.65368900000001, "elevation_m": 288.0, "slope_deg": 0.8035325853473997, "historical_event_count": 0, "historical_data_available": true, "max_daily_rainfall_factor": 0.8915525114155252, "max_3day_rainfall_factor": 0.9600456621004566, "low_elevation_factor": 0.7990867579908676, "low_slope_factor": 0.8710045662100456, "low_lying": true, "historical_factor": 0.4634703196347032, "max_daily_rainfall_contribution": 18.57401065449011, "max_3day_rainfall_contribution": 20.000951293759513, "low_elevation_contribution": 19.97716894977169, "low_slope_contribution": 14.516742770167427, "historical_contribution": 7.724505327245054, "risk_score": 81, "risk_class": "CRITICAL"}, "geometry": {"type": "Polygon", "coordinates": [[[79.10572996112488, 21.05800682517817], [79.11535039893498, 21.05811387052702], [79.11545221147644, 21.050028749988677], [79.10583093102402, 21.050029353154894], [79.10572996112488, 21.05800682517817]]]}}, {"type": "Feature", "properties": {"zone_id": "Z233", "rainfall_mm": 1147.199696116, "max_daily_rainfall_mm": 56.130226, "max_3day_rainfall_mm": 124.65368900000001, "elevation_m": 297.0, "slope_deg": 2.895095406089006, "historical_event_count": 0, "historical_data_available": true, "max_daily_rainfall_factor": 0.8915525114155252, "max_3day_rainfall_factor": 0.9600456621004566, "low_elevation_factor": 0.5787671232876712, "low_slope_factor": 0.1095890410958904, "low_lying": false, "historical_factor": 0.4634703196347032, "max_daily_rainfall_contribution": 18.57401065449011, "max_3day_rainfall_contribution": 20.000951293759513, "low_elevation_contribution": 14.46917808219178, "low_slope_contribution": 1.8264840182648403, "historical_contribution": 7.724505327245054, "risk_score": 63, "risk_class": "HIGH"}, "geometry": {"type": "Polygon", "coordinates": [[[79.10572996112488, 21.05800682517817], [79.10561560448723, 21.06703744420334], [79.1152366222406, 21.06714453971968], [79.11535039893498, 21.05811387052702], [79.10572996112488, 21.05800682517817]]]}}, {"type": "Feature", "properties": {"zone_id": "Z234", "rainfall_mm": 1147.199696116, "max_daily_rainfall_mm": 56.130226, "max_3day_rainfall_mm": 124.65368900000001, "elevation_m": 289.0, "slope_deg": 1.7964213810407137, "historical_event_count": 0, "historical_data_available": true, "max_daily_rainfall_factor": 0.8915525114155252, "max_3day_rainfall_factor": 0.9600456621004566, "low_elevation_factor": 0.771689497716895, "low_slope_factor": 0.3698630136986301, "low_lying": true, "historical_factor": 0.4634703196347032, "max_daily_rainfall_contribution": 18.57401065449011, "max_3day_rainfall_contribution": 20.000951293759513, "low_elevation_contribution": 19.292237442922374, "low_slope_contribution": 6.164383561643835, "historical_contribution": 7.724505327245054, "risk_score": 72, "risk_class": "HIGH"}, "geometry": {"type": "Polygon", "coordinates": [[[79.10561560448723, 21.06703744420334], [79.10550118723751, 21.076068053038487], [79.11512278524141, 21.076175198728173], [79.1152366222406, 21.06714453971968], [79.10561560448723, 21.06703744420334]]]}}, {"type": "Feature", "properties": {"zone_id": "Z235", "rainfall_mm": 1147.199696116, "max_daily_rainfall_mm": 56.130226, "max_3day_rainfall_mm": 124.65368900000001, "elevation_m": 286.0, "slope_deg": 1.6067492162846009, "historical_event_count": 0, "historical_data_available": true, "max_daily_rainfall_factor": 0.8915525114155252, "max_3day_rainfall_factor": 0.9600456621004566, "low_elevation_factor": 0.83675799086758, "low_slope_factor": 0.571917808219178, "low_lying": true, "historical_factor": 0.4634703196347032, "max_daily_rainfall_contribution": 18.57401065449011, "max_3day_rainfall_contribution": 20.000951293759513, "low_elevation_contribution": 20.918949771689498, "low_slope_contribution": 9.531963470319635, "historical_contribution": 7.724505327245054, "risk_score": 77, "risk_class": "CRITICAL"}, "geometry": {"type": "Polygon", "coordinates": [[[79.10550118723751, 21.076068053038487], [79.10538670935915, 21.085098651679925], [79.11500888792088, 21.08520584754882], [79.11512278524141, 21.076175198728173], [79.10550118723751, 21.076068053038487]]]}}, {"type": "Feature", "properties": {"zone_id": "Z236", "rainfall_mm": 1147.199696116, "max_daily_rainfall_mm": 56.130226, "max_3day_rainfall_mm": 124.65368900000001, "elevation_m": 290.0, "slope_deg": 3.3098816119282364, "historical_event_count": 0, "historical_data_available": true, "max_daily_rainfall_factor": 0.8915525114155252, "max_3day_rainfall_factor": 0.9600456621004566, "low_elevation_factor": 0.7442922374429224, "low_slope_factor": 0.07077625570776255, "low_lying": true, "historical_factor": 0.4634703196347032, "max_daily_rainfall_contribution": 18.57401065449011, "max_3day_rainfall_contribution": 20.000951293759513, "low_elevation_contribution": 18.60730593607306, "low_slope_contribution": 1.1796042617960427, "historical_contribution": 7.724505327245054, "risk_score": 66, "risk_class": "HIGH"}, "geometry": {"type": "Polygon", "coordinates": [[[79.10538670935915, 21.085098651679925], [79.10527217083558, 21.09412924012398], [79.11489493026252, 21.09423648617795], [79.11500888792088, 21.08520584754882], [79.10538670935915, 21.085098651679925]]]}}, {"type": "Feature", "properties": {"zone_id": "Z237", "rainfall_mm": 1147.199696116, "max_daily_rainfall_mm": 56.130226, "max_3day_rainfall_mm": 124.65368900000001, "elevation_m": 299.0, "slope_deg": 0.8035325853473997, "historical_event_count": 0, "historical_data_available": true, "max_daily_rainfall_factor": 0.8915525114155252, "max_3day_rainfall_factor": 0.9600456621004566, "low_elevation_factor": 0.5445205479452054, "low_slope_factor": 0.8710045662100456, "low_lying": false, "historical_factor": 0.4634703196347032, "max_daily_rainfall_contribution": 18.57401065449011, "max_3day_rainfall_contribution": 20.000951293759513, "low_elevation_contribution": 13.613013698630136, "low_slope_contribution": 14.516742770167427, "historical_contribution": 7.724505327245054, "risk_score": 74, "risk_class": "HIGH"}, "geometry": {"type": "Polygon", "coordinates": [[[79.10527217083558, 21.09412924012398], [79.1051575716502, 21.10315981836697], [79.11478091224987, 21.10326711461188], [79.11489493026252, 21.09423648617795], [79.10527217083558, 21.09412924012398]]]}}, {"type": "Feature", "properties": {"zone_id": "Z238", "rainfall_mm": 1155.523167019, "max_daily_rainfall_mm": 42.9932, "max_3day_rainfall_mm": 107.58183, "elevation_m": 301.0, "slope_deg": 2.894987945295464, "historical_event_count": 0, "historical_data_available": true, "max_daily_rainfall_factor": 0.2271689497716895, "max_3day_rainfall_factor": 0.6883561643835616, "low_elevation_factor": 0.5, "low_slope_factor": 0.1324200913242009, "low_lying": false, "historical_factor": 0.4634703196347032, "max_daily_rainfall_contribution": 4.732686453576865, "max_3day_rainfall_contribution": 14.340753424657535, "low_elevation_contribution": 12.5, "low_slope_contribution": 2.207001522070015, "historical_contribution": 7.724505327245054, "risk_score": 42, "risk_class": "MODERATE"}, "geometry": {"type": "Polygon", "coordinates": [[[79.1051575716502, 21.10315981836697], [79.10504291178644, 21.112190386405228], [79.11466683386641, 21.112297732846958], [79.11478091224987, 21.10326711461188], [79.1051575716502, 21.10315981836697]]]}}, {"type": "Feature", "properties": {"zone_id": "Z239", "rainfall_mm": 1155.523167019, "max_daily_rainfall_mm": 42.9932, "max_3day_rainfall_mm": 107.58183, "elevation_m": 309.0, "slope_deg": 2.894987945295464, "historical_event_count": 2, "historical_data_available": true, "max_daily_rainfall_factor": 0.2271689497716895, "max_3day_rainfall_factor": 0.6883561643835616, "low_elevation_factor": 0.3481735159817352, "low_slope_factor": 0.1324200913242009, "low_lying": false, "historical_factor": 0.9954337899543378, "max_daily_rainfall_contribution": 4.732686453576865, "max_3day_rainfall_contribution": 14.340753424657535, "low_elevation_contribution": 8.704337899543379, "low_slope_contribution": 2.207001522070015, "historical_contribution": 16.590563165905632, "risk_score": 47, "risk_class": "MODERATE"}, "geometry": {"type": "Polygon", "coordinates": [[[79.10504291178644, 21.112190386405228], [79.1049281912277, 21.12122094423507], [79.11455269509558, 21.121328340879487], [79.11466683386641, 21.112297732846958], [79.10504291178644, 21.112190386405228]]]}}, {"type": "Feature", "properties": {"zone_id": "Z240", "rainfall_mm": 1155.523167019, "max_daily_rainfall_mm": 42.9932, "max_3day_rainfall_mm": 107.58183, "elevation_m": 307.0, "slope_deg": 1.7964213810407137, "historical_event_count": 1, "historical_data_available": true, "max_daily_rainfall_factor": 0.2271689497716895, "max_3day_rainfall_factor": 0.6883561643835616, "low_elevation_factor": 0.3767123287671233, "low_slope_factor": 0.3698630136986301, "low_lying": false, "historical_factor": 0.958904109589041, "max_daily_rainfall_contribution": 4.732686453576865, "max_3day_rainfall_contribution": 14.340753424657535, "low_elevation_contribution": 9.417808219178083, "low_slope_contribution": 6.164383561643835, "historical_contribution": 15.981735159817353, "risk_score": 51, "risk_class": "MODERATE"}, "geometry": {"type": "Polygon", "coordinates": [[[79.1049281912277, 21.12122094423507], [79.10481340995732, 21.13025149185282], [79.1144384959209, 21.13035893870581], [79.11455269509558, 21.121328340879487], [79.1049281912277, 21.12122094423507]]]}}, {"type": "Feature", "properties": {"zone_id": "Z241", "rainfall_mm": 1155.523167019, "max_daily_rainfall_mm": 42.9932, "max_3day_rainfall_mm": 107.58183, "elevation_m": 304.0, "slope_deg": 1.136347105590608, "historical_event_count": 0, "historical_data_available": true, "max_daily_rainfall_factor": 0.2271689497716895, "max_3day_rainfall_factor": 0.6883561643835616, "low_elevation_factor": 0.430365296803653, "low_slope_factor": 0.6643835616438356, "low_lying": false, "historical_factor": 0.4634703196347032, "max_daily_rainfall_contribution": 4.732686453576865, "max_3day_rainfall_contribution": 14.340753424657535, "low_elevation_contribution": 10.759132420091325, "low_slope_contribution": 11.073059360730594, "historical_contribution": 7.724505327245054, "risk_score": 49, "risk_class": "MODERATE"}, "geometry": {"type": "Polygon", "coordinates": [[[79.10481340995732, 21.13025149185282], [79.10469856795872, 21.139282029254804], [79.11432423632577, 21.13938952632225], [79.1144384959209, 21.13035893870581], [79.10481340995732, 21.13025149185282]]]}}, {"type": "Feature", "properties": {"zone_id": "Z242", "rainfall_mm": 1155.523167019, "max_daily_rainfall_mm": 42.9932, "max_3day_rainfall_mm": 107.58183, "elevation_m": 306.0, "slope_deg": 1.7964213810407137, "historical_event_count": 0, "historical_data_available": true, "max_daily_rainfall_factor": 0.2271689497716895, "max_3day_rainfall_factor": 0.6883561643835616, "low_elevation_factor": 0.3972602739726027, "low_slope_factor": 0.3698630136986301, "low_lying": false, "historical_factor": 0.4634703196347032, "max_daily_rainfall_contribution": 4.732686453576865, "max_3day_rainfall_contribution": 14.340753424657535, "low_elevation_contribution": 9.931506849315069, "low_slope_contribution": 6.164383561643835, "historical_contribution": 7.724505327245054, "risk_score": 43, "risk_class": "MODERATE"}, "geometry": {"type": "Polygon", "coordinates": [[[79.10469856795872, 21.139282029254804], [79.10458366521523, 21.14831255643736], [79.11420991629369, 21.148420103725144], [79.11432423632577, 21.13938952632225], [79.10469856795872, 21.139282029254804]]]}}, {"type": "Feature", "properties": {"zone_id": "Z243", "rainfall_mm": 1172.7594244069, "max_daily_rainfall_mm": 45.67858, "max_3day_rainfall_mm": 106.38938999999999, "elevation_m": 309.0, "slope_deg": 0.8036102593253973, "historical_event_count": 1, "historical_data_available": true, "max_daily_rainfall_factor": 0.526255707762557, "max_3day_rainfall_factor": 0.5536529680365296, "low_elevation_factor": 0.3481735159817352, "low_slope_factor": 0.7796803652968036, "low_lying": false, "historical_factor": 0.958904109589041, "max_daily_rainfall_contribution": 10.963660578386607, "max_3day_rainfall_contribution": 11.534436834094368, "low_elevation_contribution": 8.704337899543379, "low_slope_contribution": 12.994672754946729, "historical_contribution": 15.981735159817353, "risk_score": 60, "risk_class": "HIGH"}, "geometry": {"type": "Polygon", "coordinates": [[[79.10458366521523, 21.14831255643736], [79.10446870171022, 21.157343073396806], [79.11409553580808, 21.157450670910812], [79.11420991629369, 21.148420103725144], [79.10458366521523, 21.14831255643736]]]}}, {"type": "Feature", "properties": {"zone_id": "Z244", "rainfall_mm": 1172.7594244069, "max_daily_rainfall_mm": 45.67858, "max_3day_rainfall_mm": 106.38938999999999, "elevation_m": 305.0, "slope_deg": 1.7964213810407137, "historical_event_count": 1, "historical_data_available": true, "max_daily_rainfall_factor": 0.526255707762557, "max_3day_rainfall_factor": 0.5536529680365296, "low_elevation_factor": 0.4155251141552511, "low_slope_factor": 0.3698630136986301, "low_lying": false, "historical_factor": 0.958904109589041, "max_daily_rainfall_contribution": 10.963660578386607, "max_3day_rainfall_contribution": 11.534436834094368, "low_elevation_contribution": 10.388127853881278, "low_slope_contribution": 6.164383561643835, "historical_contribution": 15.981735159817353, "risk_score": 55, "risk_class": "MODERATE"}, "geometry": {"type": "Polygon", "coordinates": [[[79.10446870171022, 21.157343073396806], [79.10435367742701, 21.166373580129466], [79.11398109485232, 21.166481227875604], [79.11409553580808, 21.157450670910812], [79.10446870171022, 21.157343073396806]]]}}, {"type": "Feature", "properties": {"zone_id": "Z245", "rainfall_mm": 1172.7594244069, "max_daily_rainfall_mm": 45.67858, "max_3day_rainfall_mm": 106.38938999999999, "elevation_m": 298.0, "slope_deg": 0.0, "historical_event_count": 2, "historical_data_available": true, "max_daily_rainfall_factor": 0.526255707762557, "max_3day_rainfall_factor": 0.5536529680365296, "low_elevation_factor": 0.5570776255707762, "low_slope_factor": 0.9600456621004566, "low_lying": false, "historical_factor": 0.9954337899543378, "max_daily_rainfall_contribution": 10.963660578386607, "max_3day_rainfall_contribution": 11.534436834094368, "low_elevation_contribution": 13.926940639269406, "low_slope_contribution": 16.00076103500761, "historical_contribution": 16.590563165905632, "risk_score": 69, "risk_class": "HIGH"}, "geometry": {"type": "Polygon", "coordinates": [[[79.10435367742701, 21.166373580129466], [79.10423859234895, 21.175404076631672], [79.11386659340988, 21.17551177461583], [79.11398109485232, 21.166481227875604], [79.10435367742701, 21.166373580129466]]]}}, {"type": "Feature", "properties": {"zone_id": "Z246", "rainfall_mm": 1172.7594244069, "max_daily_rainfall_mm": 45.67858, "max_3day_rainfall_mm": 106.38938999999999, "elevation_m": 299.0, "slope_deg": 0.0, "historical_event_count": 0, "historical_data_available": true, "max_daily_rainfall_factor": 0.526255707762557, "max_3day_rainfall_factor": 0.5536529680365296, "low_elevation_factor": 0.5445205479452054, "low_slope_factor": 0.9600456621004566, "low_lying": false, "historical_factor": 0.4634703196347032, "max_daily_rainfall_contribution": 10.963660578386607, "max_3day_rainfall_contribution": 11.534436834094368, "low_elevation_contribution": 13.613013698630136, "low_slope_contribution": 16.00076103500761, "historical_contribution": 7.724505327245054, "risk_score": 60, "risk_class": "HIGH"}, "geometry": {"type": "Polygon", "coordinates": [[[79.10423859234895, 21.175404076631672], [79.10412344645934, 21.18443456289976], [79.11375203146413, 21.184542311127842], [79.11386659340988, 21.17551177461583], [79.10423859234895, 21.175404076631672]]]}}, {"type": "Feature", "properties": {"zone_id": "Z247", "rainfall_mm": 1172.7594244069, "max_daily_rainfall_mm": 45.67858, "max_3day_rainfall_mm": 106.38938999999999, "elevation_m": 295.0, "slope_deg": 0.0, "historical_event_count": 0, "historical_data_available": true, "max_daily_rainfall_factor": 0.526255707762557, "max_3day_rainfall_factor": 0.5536529680365296, "low_elevation_factor": 0.6221461187214612, "low_slope_factor": 0.9600456621004566, "low_lying": false, "historical_factor": 0.4634703196347032, "max_daily_rainfall_contribution": 10.963660578386607, "max_3day_rainfall_contribution": 11.534436834094368, "low_elevation_contribution": 15.55365296803653, "low_slope_contribution": 16.00076103500761, "historical_contribution": 7.724505327245054, "risk_score": 62, "risk_class": "HIGH"}, "geometry": {"type": "Polygon", "coordinates": [[[79.10412344645934, 21.18443456289976], [79.10400823974149, 21.193465038930064], [79.11363740899846, 21.193572837407967], [79.11375203146413, 21.184542311127842], [79.10412344645934, 21.18443456289976]]]}}, {"type": "Feature", "properties": {"zone_id": "Z248", "rainfall_mm": 1172.7594244069, "max_daily_rainfall_mm": 45.67858, "max_3day_rainfall_mm": 106.38938999999999, "elevation_m": 293.0, "slope_deg": 2.539520020526714, "historical_event_count": 0, "historical_data_available": true, "max_daily_rainfall_factor": 0.526255707762557, "max_3day_rainfall_factor": 0.5536529680365296, "low_elevation_factor": 0.6723744292237442, "low_slope_factor": 0.2054794520547945, "low_lying": false, "historical_factor": 0.4634703196347032, "max_daily_rainfall_contribution": 10.963660578386607, "max_3day_rainfall_contribution": 11.534436834094368, "low_elevation_contribution": 16.809360730593607, "low_slope_contribution": 3.4246575342465753, "historical_contribution": 7.724505327245054, "risk_score": 50, "risk_class": "MODERATE"}, "geometry": {"type": "Polygon", "coordinates": [[[79.10400823974149, 21.193465038930064], [79.10389297217868, 21.202495504718904], [79.11352272599626, 21.20260335345254], [79.11363740899846, 21.193572837407967], [79.10400823974149, 21.193465038930064]]]}}, {"type": "Feature", "properties": {"zone_id": "Z249", "rainfall_mm": 1188.6490393040276, "max_daily_rainfall_mm": 49.975224, "max_3day_rainfall_mm": 99.950448, "elevation_m": 301.0, "slope_deg": 1.7964213810407137, "historical_event_count": 0, "historical_data_available": true, "max_daily_rainfall_factor": 0.7728310502283106, "max_3day_rainfall_factor": 0.3025114155251142, "low_elevation_factor": 0.5, "low_slope_factor": 0.3698630136986301, "low_lying": false, "historical_factor": 0.4634703196347032, "max_daily_rainfall_contribution": 16.10064687975647, "max_3day_rainfall_contribution": 6.302321156773213, "low_elevation_contribution": 12.5, "low_slope_contribution": 6.164383561643835, "historical_contribution": 7.724505327245054, "risk_score": 49, "risk_class": "MODERATE"}, "geometry": {"type": "Polygon", "coordinates": [[[79.10389297217868, 21.202495504718904], [79.10377764375423, 21.211525960262623], [79.1134079824409, 21.2116338592579], [79.11352272599626, 21.20260335345254], [79.10389297217868, 21.202495504718904]]]}}, {"type": "Feature", "properties": {"zone_id": "Z250", "rainfall_mm": 1188.6490393040276, "max_daily_rainfall_mm": 49.975224, "max_3day_rainfall_mm": 99.950448, "elevation_m": 311.0, "slope_deg": 0.8036102593253973, "historical_event_count": 0, "historical_data_available": true, "max_daily_rainfall_factor": 0.7728310502283106, "max_3day_rainfall_factor": 0.3025114155251142, "low_elevation_factor": 0.3093607305936073, "low_slope_factor": 0.7796803652968036, "low_lying": false, "historical_factor": 0.4634703196347032, "max_daily_rainfall_contribution": 16.10064687975647, "max_3day_rainfall_contribution": 6.302321156773213, "low_elevation_contribution": 7.7340182648401825, "low_slope_contribution": 12.994672754946729, "historical_contribution": 7.724505327245054, "risk_score": 51, "risk_class": "MODERATE"}, "geometry": {"type": "Polygon", "coordinates": [[[79.10377764375423, 21.211525960262623], [79.10366225445138, 21.22055640555754], [79.11329317831571, 21.220664354820382], [79.1134079824409, 21.2116338592579], [79.10377764375423, 21.211525960262623]]]}}, {"type": "Feature", "properties": {"zone_id": "Z251", "rainfall_mm": 1188.6490393040276, "max_daily_rainfall_mm": 49.975224, "max_3day_rainfall_mm": 99.950448, "elevation_m": 306.0, "slope_deg": 5.069101151811648, "historical_event_count": 0, "historical_data_available": true, "max_daily_rainfall_factor": 0.7728310502283106, "max_3day_rainfall_factor": 0.3025114155251142, "low_elevation_factor": 0.3972602739726027, "low_slope_factor": 0.02054794520547945, "low_lying": false, "historical_factor": 0.4634703196347032, "max_daily_rainfall_contribution": 16.10064687975647, "max_3day_rainfall_contribution": 6.302321156773213, "low_elevation_contribution": 9.931506849315069, "low_slope_contribution": 0.3424657534246575, "historical_contribution": 7.724505327245054, "risk_score": 40, "risk_class": "MODERATE"}, "geometry": {"type": "Polygon", "coordinates": [[[79.10366225445138, 21.22055640555754], [79.10354680425341, 21.22958684060001], [79.11317831360408, 21.229694840136325], [79.11329317831571, 21.220664354820382], [79.10366225445138, 21.22055640555754]]]}}, {"type": "Feature", "properties": {"zone_id": "Z252", "rainfall_mm": 1188.6490393040276, "max_daily_rainfall_mm": 49.975224, "max_3day_rainfall_mm": 99.950448, "elevation_m": 312.0, "slope_deg": 1.6069044726299722, "historical_event_count": 0, "historical_data_available": true, "max_daily_rainfall_factor": 0.7728310502283106, "max_3day_rainfall_factor": 0.3025114155251142, "low_elevation_factor": 0.2910958904109589, "low_slope_factor": 0.5273972602739726, "low_lying": false, "historical_factor": 0.4634703196347032, "max_daily_rainfall_contribution": 16.10064687975647, "max_3day_rainfall_contribution": 6.302321156773213, "low_elevation_contribution": 7.277397260273973, "low_slope_contribution": 8.789954337899545, "historical_contribution": 7.724505327245054, "risk_score": 46, "risk_class": "MODERATE"}, "geometry": {"type": "Polygon", "coordinates": [[[79.11317831360408, 21.229694840136325], [79.10354680425341, 21.22958684060001], [79.10354114194278, 21.230029619854484], [79.11317406022847, 21.230029142279633], [79.11317831360408, 21.229694840136325]]]}}, {"type": "Feature", "properties": {"zone_id": "Z253", "rainfall_mm": 1147.199696116, "max_daily_rainfall_mm": 56.130226, "max_3day_rainfall_mm": 124.65368900000001, "elevation_m": 288.0, "slope_deg": 1.136347105590608, "historical_event_count": 0, "historical_data_available": true, "max_daily_rainfall_factor": 0.8915525114155252, "max_3day_rainfall_factor": 0.9600456621004566, "low_elevation_factor": 0.7990867579908676, "low_slope_factor": 0.6643835616438356, "low_lying": true, "historical_factor": 0.4634703196347032, "max_daily_rainfall_contribution": 18.57401065449011, "max_3day_rainfall_contribution": 20.000951293759513, "low_elevation_contribution": 19.97716894977169, "low_slope_contribution": 11.073059360730594, "historical_contribution": 7.724505327245054, "risk_score": 77, "risk_class": "CRITICAL"}, "geometry": {"type": "Polygon", "coordinates": [[[79.11535039893498, 21.05811387052702], [79.12497089703345, 21.05822037154561], [79.12507353838345, 21.050027601526768], [79.11545221147644, 21.050028749988677], [79.11535039893498, 21.05811387052702]]]}}, {"type": "Feature", "properties": {"zone_id": "Z254", "rainfall_mm": 1147.199696116, "max_daily_rainfall_mm": 56.130226, "max_3day_rainfall_mm": 124.65368900000001, "elevation_m": 295.0, "slope_deg": 4.675381941358367, "historical_event_count": 0, "historical_data_available": true, "max_daily_rainfall_factor": 0.8915525114155252, "max_3day_rainfall_factor": 0.9600456621004566, "low_elevation_factor": 0.6221461187214612, "low_slope_factor": 0.0273972602739726, "low_lying": false, "historical_factor": 0.4634703196347032, "max_daily_rainfall_contribution": 18.57401065449011, "max_3day_rainfall_contribution": 20.000951293759513, "low_elevation_contribution": 15.55365296803653, "low_slope_contribution": 0.4566210045662101, "historical_contribution": 7.724505327245054, "risk_score": 62, "risk_class": "HIGH"}, "geometry": {"type": "Polygon", "coordinates": [[[79.11535039893498, 21.05811387052702], [79.1152366222406, 21.06714453971968], [79.12485770029883, 21.06725109065072], [79.12497089703345, 21.05822037154561], [79.11535039893498, 21.05811387052702]]]}}, {"type": "Feature", "properties": {"zone_id": "Z255", "rainfall_mm": 1147.199696116, "max_daily_rainfall_mm": 56.130226, "max_3day_rainfall_mm": 124.65368900000001, "elevation_m": 289.0, "slope_deg": 0.0, "historical_event_count": 0, "historical_data_available": true, "max_daily_rainfall_factor": 0.8915525114155252, "max_3day_rainfall_factor": 0.9600456621004566, "low_elevation_factor": 0.771689497716895, "low_slope_factor": 0.9600456621004566, "low_lying": true, "historical_factor": 0.4634703196347032, "max_daily_rainfall_contribution": 18.57401065449011, "max_3day_rainfall_contribution": 20.000951293759513, "low_elevation_contribution": 19.292237442922374, "low_slope_contribution": 16.00076103500761, "historical_contribution": 7.724505327245054, "risk_score": 82, "risk_class": "CRITICAL"}, "geometry": {"type": "Polygon", "coordinates": [[[79.1152366222406, 21.06714453971968], [79.11512278524141, 21.076175198728173], [79.12474444356663, 21.07628179957749], [79.12485770029883, 21.06725109065072], [79.1152366222406, 21.06714453971968]]]}}, {"type": "Feature", "properties": {"zone_id": "Z256", "rainfall_mm": 1147.199696116, "max_daily_rainfall_mm": 56.130226, "max_3day_rainfall_mm": 124.65368900000001, "elevation_m": 289.0, "slope_deg": 1.7964213810407137, "historical_event_count": 0, "historical_data_available": true, "max_daily_rainfall_factor": 0.8915525114155252, "max_3day_rainfall_factor": 0.9600456621004566, "low_elevation_factor": 0.771689497716895, "low_slope_factor": 0.3698630136986301, "low_lying": true, "historical_factor": 0.4634703196347032, "max_daily_rainfall_contribution": 18.57401065449011, "max_3day_rainfall_contribution": 20.000951293759513, "low_elevation_contribution": 19.292237442922374, "low_slope_contribution": 6.164383561643835, "historical_contribution": 7.724505327245054, "risk_score": 72, "risk_class": "HIGH"}, "geometry": {"type": "Polygon", "coordinates": [[[79.11512278524141, 21.076175198728173], [79.11500888792088, 21.08520584754882], [79.12463112682042, 21.085312498322256], [79.12474444356663, 21.07628179957749], [79.11512278524141, 21.076175198728173]]]}}, {"type": "Feature", "properties": {"zone_id": "Z257", "rainfall_mm": 1147.199696116, "max_daily_rainfall_mm": 56.130226, "max_3day_rainfall_mm": 124.65368900000001, "elevation_m": 287.0, "slope_deg": 2.539520020526714, "historical_event_count": 0, "historical_data_available": true, "max_daily_rainfall_factor": 0.8915525114155252, "max_3day_rainfall_factor": 0.9600456621004566, "low_elevation_factor": 0.821917808219178, "low_slope_factor": 0.2054794520547945, "low_lying": true, "historical_factor": 0.4634703196347032, "max_daily_rainfall_contribution": 18.57401065449011, "max_3day_rainfall_contribution": 20.000951293759513, "low_elevation_contribution": 20.54794520547945, "low_slope_contribution": 3.4246575342465753, "historical_contribution": 7.724505327245054, "risk_score": 70, "risk_class": "HIGH"}, "geometry": {"type": "Polygon", "coordinates": [[[79.11500888792088, 21.08520584754882], [79.11489493026252, 21.09423648617795], [79.1245177500438, 21.09434318688134], [79.12463112682042, 21.085312498322256], [79.11500888792088, 21.08520584754882]]]}}, {"type": "Feature", "properties": {"zone_id": "Z258", "rainfall_mm": 1147.199696116, "max_daily_rainfall_mm": 56.130226, "max_3day_rainfall_mm": 124.65368900000001, "elevation_m": 290.0, "slope_deg": 1.136347105590608, "historical_event_count": 0, "historical_data_available": true, "max_daily_rainfall_factor": 0.8915525114155252, "max_3day_rainfall_factor": 0.9600456621004566, "low_elevation_factor": 0.7442922374429224, "low_slope_factor": 0.6643835616438356, "low_lying": true, "historical_factor": 0.4634703196347032, "max_daily_rainfall_contribution": 18.57401065449011, "max_3day_rainfall_contribution": 20.000951293759513, "low_elevation_contribution": 18.60730593607306, "low_slope_contribution": 11.073059360730594, "historical_contribution": 7.724505327245054, "risk_score": 76, "risk_class": "CRITICAL"}, "geometry": {"type": "Polygon", "coordinates": [[[79.11489493026252, 21.09423648617795], [79.11478091224987, 21.10326711461188], [79.12440431322038, 21.103373865251058], [79.1245177500438, 21.09434318688134], [79.11489493026252, 21.09423648617795]]]}}, {"type": "Feature", "properties": {"zone_id": "Z259", "rainfall_mm": 1155.523167019, "max_daily_rainfall_mm": 42.9932, "max_3day_rainfall_mm": 107.58183, "elevation_m": 303.0, "slope_deg": 0.0, "historical_event_count": 1, "historical_data_available": true, "max_daily_rainfall_factor": 0.2271689497716895, "max_3day_rainfall_factor": 0.6883561643835616, "low_elevation_factor": 0.4531963470319635, "low_slope_factor": 0.9600456621004566, "low_lying": false, "historical_factor": 0.958904109589041, "max_daily_rainfall_contribution": 4.732686453576865, "max_3day_rainfall_contribution": 14.340753424657535, "low_elevation_contribution": 11.329908675799087, "low_slope_contribution": 16.00076103500761, "historical_contribution": 15.981735159817353, "risk_score": 62, "risk_class": "HIGH"}, "geometry": {"type": "Polygon", "coordinates": [[[79.11478091224987, 21.10326711461188], [79.11466683386641, 21.112297732846958], [79.1242908163337, 21.112404533427764], [79.12440431322038, 21.103373865251058], [79.11478091224987, 21.10326711461188]]]}}, {"type": "Feature", "properties": {"zone_id": "Z260", "rainfall_mm": 1155.523167019, "max_daily_rainfall_mm": 42.9932, "max_3day_rainfall_mm": 107.58183, "elevation_m": 306.0, "slope_deg": 0.8035325853473997, "historical_event_count": 0, "historical_data_available": true, "max_daily_rainfall_factor": 0.2271689497716895, "max_3day_rainfall_factor": 0.6883561643835616, "low_elevation_factor": 0.3972602739726027, "low_slope_factor": 0.8710045662100456, "low_lying": false, "historical_factor": 0.4634703196347032, "max_daily_rainfall_contribution": 4.732686453576865, "max_3day_rainfall_contribution": 14.340753424657535, "low_elevation_contribution": 9.931506849315069, "low_slope_contribution": 14.516742770167427, "historical_contribution": 7.724505327245054, "risk_score": 51, "risk_class": "MODERATE"}, "geometry": {"type": "Polygon", "coordinates": [[[79.11466683386641, 21.112297732846958], [79.11455269509558, 21.121328340879487], [79.12417725936736, 21.121435191407773], [79.1242908163337, 21.112404533427764], [79.11466683386641, 21.112297732846958]]]}}, {"type": "Feature", "properties": {"zone_id": "Z261", "rainfall_mm": 1155.523167019, "max_daily_rainfall_mm": 42.9932, "max_3day_rainfall_mm": 107.58183, "elevation_m": 303.0, "slope_deg": 0.0, "historical_event_count": 0, "historical_data_available": true, "max_daily_rainfall_factor": 0.2271689497716895, "max_3day_rainfall_factor": 0.6883561643835616, "low_elevation_factor": 0.4531963470319635, "low_slope_factor": 0.9600456621004566, "low_lying": false, "historical_factor": 0.4634703196347032, "max_daily_rainfall_contribution": 4.732686453576865, "max_3day_rainfall_contribution": 14.340753424657535, "low_elevation_contribution": 11.329908675799087, "low_slope_contribution": 16.00076103500761, "historical_contribution": 7.724505327245054, "risk_score": 54, "risk_class": "MODERATE"}, "geometry": {"type": "Polygon", "coordinates": [[[79.11455269509558, 21.121328340879487], [79.1144384959209, 21.13035893870581], [79.12406364230488, 21.130465839187423], [79.12417725936736, 21.121435191407773], [79.11455269509558, 21.121328340879487]]]}}, {"type": "Feature", "properties": {"zone_id": "Z262", "rainfall_mm": 1155.523167019, "max_daily_rainfall_mm": 42.9932, "max_3day_rainfall_mm": 107.58183, "elevation_m": 300.0, "slope_deg": 2.2718009544716, "historical_event_count": 0, "historical_data_available": true, "max_daily_rainfall_factor": 0.2271689497716895, "max_3day_rainfall_factor": 0.6883561643835616, "low_elevation_factor": 0.5251141552511416, "low_slope_factor": 0.2865296803652968, "low_lying": false, "historical_factor": 0.4634703196347032, "max_daily_rainfall_contribution": 4.732686453576865, "max_3day_rainfall_contribution": 14.340753424657535, "low_elevation_contribution": 13.12785388127854, "low_slope_contribution": 4.775494672754947, "historical_contribution": 7.724505327245054, "risk_score": 45, "risk_class": "MODERATE"}, "geometry": {"type": "Polygon", "coordinates": [[[79.1144384959209, 21.13035893870581], [79.11432423632577, 21.13938952632225], [79.12394996512981, 21.13949647676305], [79.12406364230488, 21.130465839187423], [79.1144384959209, 21.13035893870581]]]}}, {"type": "Feature", "properties": {"zone_id": "Z263", "rainfall_mm": 1155.523167019, "max_daily_rainfall_mm": 42.9932, "max_3day_rainfall_mm": 107.58183, "elevation_m": 297.0, "slope_deg": 0.8036102593253973, "historical_event_count": 0, "historical_data_available": true, "max_daily_rainfall_factor": 0.2271689497716895, "max_3day_rainfall_factor": 0.6883561643835616, "low_elevation_factor": 0.5787671232876712, "low_slope_factor": 0.7796803652968036, "low_lying": false, "historical_factor": 0.4634703196347032, "max_daily_rainfall_contribution": 4.732686453576865, "max_3day_rainfall_contribution": 14.340753424657535, "low_elevation_contribution": 14.46917808219178, "low_slope_contribution": 12.994672754946729, "historical_contribution": 7.724505327245054, "risk_score": 54, "risk_class": "MODERATE"}, "geometry": {"type": "Polygon", "coordinates": [[[79.11432423632577, 21.13938952632225], [79.11420991629369, 21.148420103725144], [79.12383622782569, 21.14852710413098], [79.12394996512981, 21.13949647676305], [79.11432423632577, 21.13938952632225]]]}}, {"type": "Feature", "properties": {"zone_id": "Z264", "rainfall_mm": 1172.7594244069, "max_daily_rainfall_mm": 45.67858, "max_3day_rainfall_mm": 106.38938999999999, "elevation_m": 309.0, "slope_deg": 1.136347105590608, "historical_event_count": 0, "historical_data_available": true, "max_daily_rainfall_factor": 0.526255707762557, "max_3day_rainfall_factor": 0.5536529680365296, "low_elevation_factor": 0.3481735159817352, "low_slope_factor": 0.6643835616438356, "low_lying": false, "historical_factor": 0.4634703196347032, "max_daily_rainfall_contribution": 10.963660578386607, "max_3day_rainfall_contribution": 11.534436834094368, "low_elevation_contribution": 8.704337899543379, "low_slope_contribution": 11.073059360730594, "historical_contribution": 7.724505327245054, "risk_score": 50, "risk_class": "MODERATE"}, "geometry": {"type": "Polygon", "coordinates": [[[79.11420991629369, 21.148420103725144], [79.11409553580808, 21.157450670910812], [79.12372243037603, 21.15755772128755], [79.12383622782569, 21.14852710413098], [79.11420991629369, 21.148420103725144]]]}}, {"type": "Feature", "properties": {"zone_id": "Z265", "rainfall_mm": 1172.7594244069, "max_daily_rainfall_mm": 45.67858, "max_3day_rainfall_mm": 106.38938999999999, "elevation_m": 303.0, "slope_deg": 0.8036102593253973, "historical_event_count": 0, "historical_data_available": true, "max_daily_rainfall_factor": 0.526255707762557, "max_3day_rainfall_factor": 0.5536529680365296, "low_elevation_factor": 0.4531963470319635, "low_slope_factor": 0.7796803652968036, "low_lying": false, "historical_factor": 0.4634703196347032, "max_daily_rainfall_contribution": 10.963660578386607, "max_3day_rainfall_contribution": 11.534436834094368, "low_elevation_contribution": 11.329908675799087, "low_slope_contribution": 12.994672754946729, "historical_contribution": 7.724505327245054, "risk_score": 55, "risk_class": "MODERATE"}, "geometry": {"type": "Polygon", "coordinates": [[[79.11409553580808, 21.157450670910812], [79.11398109485232, 21.166481227875604], [79.12360857276434, 21.166588328229096], [79.12372243037603, 21.15755772128755], [79.11409553580808, 21.157450670910812]]]}}, {"type": "Feature", "properties": {"zone_id": "Z266", "rainfall_mm": 1172.7594244069, "max_daily_rainfall_mm": 45.67858, "max_3day_rainfall_mm": 106.38938999999999, "elevation_m": 294.0, "slope_deg": 1.7963172523867896, "historical_event_count": 0, "historical_data_available": true, "max_daily_rainfall_factor": 0.526255707762557, "max_3day_rainfall_factor": 0.5536529680365296, "low_elevation_factor": 0.6472602739726028, "low_slope_factor": 0.4668949771689498, "low_lying": false, "historical_factor": 0.4634703196347032, "max_daily_rainfall_contribution": 10.963660578386607, "max_3day_rainfall_contribution": 11.534436834094368, "low_elevation_contribution": 16.18150684931507, "low_slope_contribution": 7.78158295281583, "historical_contribution": 7.724505327245054, "risk_score": 54, "risk_class": "MODERATE"}, "geometry": {"type": "Polygon", "coordinates": [[[79.11398109485232, 21.166481227875604], [79.11386659340988, 21.17551177461583], [79.12349465497411, 21.175618924951955], [79.12360857276434, 21.166588328229096], [79.11398109485232, 21.166481227875604]]]}}, {"type": "Feature", "properties": {"zone_id": "Z267", "rainfall_mm": 1172.7594244069, "max_daily_rainfall_mm": 45.67858, "max_3day_rainfall_mm": 106.38938999999999, "elevation_m": 294.0, "slope_deg": 0.0, "historical_event_count": 0, "historical_data_available": true, "max_daily_rainfall_factor": 0.526255707762557, "max_3day_rainfall_factor": 0.5536529680365296, "low_elevation_factor": 0.6472602739726028, "low_slope_factor": 0.9600456621004566, "low_lying": false, "historical_factor": 0.4634703196347032, "max_daily_rainfall_contribution": 10.963660578386607, "max_3day_rainfall_contribution": 11.534436834094368, "low_elevation_contribution": 16.18150684931507, "low_slope_contribution": 16.00076103500761, "historical_contribution": 7.724505327245054, "risk_score": 62, "risk_class": "HIGH"}, "geometry": {"type": "Polygon", "coordinates": [[[79.11386659340988, 21.17551177461583], [79.11375203146413, 21.184542311127842], [79.12338067698883, 21.184649511452463], [79.12349465497411, 21.175618924951955], [79.11386659340988, 21.17551177461583]]]}}, {"type": "Feature", "properties": {"zone_id": "Z268", "rainfall_mm": 1172.7594244069, "max_daily_rainfall_mm": 45.67858, "max_3day_rainfall_mm": 106.38938999999999, "elevation_m": 295.0, "slope_deg": 2.5397161746466046, "historical_event_count": 0, "historical_data_available": true, "max_daily_rainfall_factor": 0.526255707762557, "max_3day_rainfall_factor": 0.5536529680365296, "low_elevation_factor": 0.6221461187214612, "low_slope_factor": 0.1632420091324201, "low_lying": false, "historical_factor": 0.4634703196347032, "max_daily_rainfall_contribution": 10.963660578386607, "max_3day_rainfall_contribution": 11.534436834094368, "low_elevation_contribution": 15.55365296803653, "low_slope_contribution": 2.720700152207002, "historical_contribution": 7.724505327245054, "risk_score": 48, "risk_class": "MODERATE"}, "geometry": {"type": "Polygon", "coordinates": [[[79.11375203146413, 21.184542311127842], [79.11363740899846, 21.193572837407967], [79.12326663879197, 21.193680087726968], [79.12338067698883, 21.184649511452463], [79.11375203146413, 21.184542311127842]]]}}, {"type": "Feature", "properties": {"zone_id": "Z269", "rainfall_mm": 1172.7594244069, "max_daily_rainfall_mm": 45.67858, "max_3day_rainfall_mm": 106.38938999999999, "elevation_m": 297.0, "slope_deg": 1.6069044726299722, "historical_event_count": 0, "historical_data_available": true, "max_daily_rainfall_factor": 0.526255707762557, "max_3day_rainfall_factor": 0.5536529680365296, "low_elevation_factor": 0.5787671232876712, "low_slope_factor": 0.5273972602739726, "low_lying": false, "historical_factor": 0.4634703196347032, "max_daily_rainfall_contribution": 10.963660578386607, "max_3day_rainfall_contribution": 11.534436834094368, "low_elevation_contribution": 14.46917808219178, "low_slope_contribution": 8.789954337899545, "historical_contribution": 7.724505327245054, "risk_score": 53, "risk_class": "MODERATE"}, "geometry": {"type": "Polygon", "coordinates": [[[79.11363740899846, 21.193572837407967], [79.11352272599626, 21.20260335345254], [79.123152540367, 21.202710653771796], [79.12326663879197, 21.193680087726968], [79.11363740899846, 21.193572837407967]]]}}, {"type": "Feature", "properties": {"zone_id": "Z270", "rainfall_mm": 1188.6490393040276, "max_daily_rainfall_mm": 49.975224, "max_3day_rainfall_mm": 99.950448, "elevation_m": 300.0, "slope_deg": 1.7964213810407137, "historical_event_count": 0, "historical_data_available": true, "max_daily_rainfall_factor": 0.7728310502283106, "max_3day_rainfall_factor": 0.3025114155251142, "low_elevation_factor": 0.5251141552511416, "low_slope_factor": 0.3698630136986301, "low_lying": false, "historical_factor": 0.4634703196347032, "max_daily_rainfall_contribution": 16.10064687975647, "max_3day_rainfall_contribution": 6.302321156773213, "low_elevation_contribution": 13.12785388127854, "low_slope_contribution": 6.164383561643835, "historical_contribution": 7.724505327245054, "risk_score": 49, "risk_class": "MODERATE"}, "geometry": {"type": "Polygon", "coordinates": [[[79.11352272599626, 21.20260335345254], [79.1134079824409, 21.2116338592579], [79.12303838169738, 21.211741209583288], [79.123152540367, 21.202710653771796], [79.11352272599626, 21.20260335345254]]]}}, {"type": "Feature", "properties": {"zone_id": "Z271", "rainfall_mm": 1188.6490393040276, "max_daily_rainfall_mm": 49.975224, "max_3day_rainfall_mm": 99.950448, "elevation_m": 302.0, "slope_deg": 2.539520020526714, "historical_event_count": 0, "historical_data_available": true, "max_daily_rainfall_factor": 0.7728310502283106, "max_3day_rainfall_factor": 0.3025114155251142, "low_elevation_factor": 0.4794520547945205, "low_slope_factor": 0.2054794520547945, "low_lying": false, "historical_factor": 0.4634703196347032, "max_daily_rainfall_contribution": 16.10064687975647, "max_3day_rainfall_contribution": 6.302321156773213, "low_elevation_contribution": 11.986301369863012, "low_slope_contribution": 3.4246575342465753, "historical_contribution": 7.724505327245054, "risk_score": 46, "risk_class": "MODERATE"}, "geometry": {"type": "Polygon", "coordinates": [[[79.1134079824409, 21.2116338592579], [79.11329317831571, 21.220664354820382], [79.12292416276652, 21.220771755157784], [79.12303838169738, 21.211741209583288], [79.1134079824409, 21.2116338592579]]]}}, {"type": "Feature", "properties": {"zone_id": "Z272", "rainfall_mm": 1188.6490393040276, "max_daily_rainfall_mm": 49.975224, "max_3day_rainfall_mm": 99.950448, "elevation_m": 300.0, "slope_deg": 3.2112850435331786, "historical_event_count": 0, "historical_data_available": true, "max_daily_rainfall_factor": 0.7728310502283106, "max_3day_rainfall_factor": 0.3025114155251142, "low_elevation_factor": 0.5251141552511416, "low_slope_factor": 0.09246575342465753, "low_lying": false, "historical_factor": 0.4634703196347032, "max_daily_rainfall_contribution": 16.10064687975647, "max_3day_rainfall_contribution": 6.302321156773213, "low_elevation_contribution": 13.12785388127854, "low_slope_contribution": 1.5410958904109588, "historical_contribution": 7.724505327245054, "risk_score": 45, "risk_class": "MODERATE"}, "geometry": {"type": "Polygon", "coordinates": [[[79.11329317831571, 21.220664354820382], [79.11317831360408, 21.229694840136325], [79.12280988355788, 21.229802290491634], [79.12292416276652, 21.220771755157784], [79.11329317831571, 21.220664354820382]]]}}, {"type": "Feature", "properties": {"zone_id": "Z273", "rainfall_mm": 1188.6490393040276, "max_daily_rainfall_mm": 49.975224, "max_3day_rainfall_mm": 99.950448, "elevation_m": 306.0, "slope_deg": 1.136347105590608, "historical_event_count": 0, "historical_data_available": true, "max_daily_rainfall_factor": 0.7728310502283106, "max_3day_rainfall_factor": 0.3025114155251142, "low_elevation_factor": 0.3972602739726027, "low_slope_factor": 0.6643835616438356, "low_lying": false, "historical_factor": 0.4634703196347032, "max_daily_rainfall_contribution": 16.10064687975647, "max_3day_rainfall_contribution": 6.302321156773213, "low_elevation_contribution": 9.931506849315069, "low_slope_contribution": 11.073059360730594, "historical_contribution": 7.724505327245054, "risk_score": 51, "risk_class": "MODERATE"}, "geometry": {"type": "Polygon", "coordinates": [[[79.12280988355788, 21.229802290491634], [79.11317831360408, 21.229694840136325], [79.11317406022847, 21.230029142279633], [79.12280702503857, 21.230028114308], [79.12280988355788, 21.229802290491634]]]}}, {"type": "Feature", "properties": {"zone_id": "Z274", "rainfall_mm": 1147.199696116, "max_daily_rainfall_mm": 56.130226, "max_3day_rainfall_mm": 124.65368900000001, "elevation_m": 282.0, "slope_deg": 0.8035325853473997, "historical_event_count": 0, "historical_data_available": true, "max_daily_rainfall_factor": 0.8915525114155252, "max_3day_rainfall_factor": 0.9600456621004566, "low_elevation_factor": 0.9200913242009132, "low_slope_factor": 0.8710045662100456, "low_lying": true, "historical_factor": 0.4634703196347032, "max_daily_rainfall_contribution": 18.57401065449011, "max_3day_rainfall_contribution": 20.000951293759513, "low_elevation_contribution": 23.00228310502283, "low_slope_contribution": 14.516742770167427, "historical_contribution": 7.724505327245054, "risk_score": 84, "risk_class": "CRITICAL"}, "geometry": {"type": "Polygon", "coordinates": [[[79.12497089703345, 21.05822037154561], [79.13459145511314, 21.058326328219696], [79.1346949114375, 21.050025907764045], [79.12507353838345, 21.050027601526768], [79.12497089703345, 21.05822037154561]]]}}, {"type": "Feature", "properties": {"zone_id": "Z275", "rainfall_mm": 1147.199696116, "max_daily_rainfall_mm": 56.130226, "max_3day_rainfall_mm": 124.65368900000001, "elevation_m": 290.0, "slope_deg": 1.7964213810407137, "historical_event_count": 0, "historical_data_available": true, "max_daily_rainfall_factor": 0.8915525114155252, "max_3day_rainfall_factor": 0.9600456621004566, "low_elevation_factor": 0.7442922374429224, "low_slope_factor": 0.3698630136986301, "low_lying": true, "historical_factor": 0.4634703196347032, "max_daily_rainfall_contribution": 18.57401065449011, "max_3day_rainfall_contribution": 20.000951293759513, "low_elevation_contribution": 18.60730593607306, "low_slope_contribution": 6.164383561643835, "historical_contribution": 7.724505327245054, "risk_score": 71, "risk_class": "HIGH"}, "geometry": {"type": "Polygon", "coordinates": [[[79.12497089703345, 21.05822037154561], [79.12485770029883, 21.06725109065072], [79.13447883835465, 21.067357096982224], [79.13459145511314, 21.058326328219696], [79.12497089703345, 21.05822037154561]]]}}, {"type": "Feature", "properties": {"zone_id": "Z276", "rainfall_mm": 1147.199696116, "max_daily_rainfall_mm": 56.130226, "max_3day_rainfall_mm": 124.65368900000001, "elevation_m": 288.0, "slope_deg": 0.8035325853473997, "historical_event_count": 0, "historical_data_available": true, "max_daily_rainfall_factor": 0.8915525114155252, "max_3day_rainfall_factor": 0.9600456621004566, "low_elevation_factor": 0.7990867579908676, "low_slope_factor": 0.8710045662100456, "low_lying": true, "historical_factor": 0.4634703196347032, "max_daily_rainfall_contribution": 18.57401065449011, "max_3day_rainfall_contribution": 20.000951293759513, "low_elevation_contribution": 19.97716894977169, "low_slope_contribution": 14.516742770167427, "historical_contribution": 7.724505327245054, "risk_score": 81, "risk_class": "CRITICAL"}, "geometry": {"type": "Polygon", "coordinates": [[[79.12485770029883, 21.06725109065072], [79.12474444356663, 21.07628179957749], [79.13436616190583, 21.076387855572207], [79.13447883835465, 21.067357096982224], [79.12485770029883, 21.06725109065072]]]}}, {"type": "Feature", "properties": {"zone_id": "Z277", "rainfall_mm": 1147.199696116, "max_daily_rainfall_mm": 56.130226, "max_3day_rainfall_mm": 124.65368900000001, "elevation_m": 285.0, "slope_deg": 1.7963172523867896, "historical_event_count": 0, "historical_data_available": true, "max_daily_rainfall_factor": 0.8915525114155252, "max_3day_rainfall_factor": 0.9600456621004566, "low_elevation_factor": 0.8573059360730594, "low_slope_factor": 0.4668949771689498, "low_lying": true, "historical_factor": 0.4634703196347032, "max_daily_rainfall_contribution": 18.57401065449011, "max_3day_rainfall_contribution": 20.000951293759513, "low_elevation_contribution": 21.432648401826484, "low_slope_contribution": 7.78158295281583, "historical_contribution": 7.724505327245054, "risk_score": 76, "risk_class": "CRITICAL"}, "geometry": {"type": "Polygon", "coordinates": [[[79.12474444356663, 21.07628179957749], [79.12463112682042, 21.085312498322256], [79.13425342575034, 21.085418603985985], [79.13436616190583, 21.076387855572207], [79.12474444356663, 21.07628179957749]]]}}, {"type": "Feature", "properties": {"zone_id": "Z278", "rainfall_mm": 1147.199696116, "max_daily_rainfall_mm": 56.130226, "max_3day_rainfall_mm": 124.65368900000001, "elevation_m": 285.0, "slope_deg": 0.8035325853473997, "historical_event_count": 0, "historical_data_available": true, "max_daily_rainfall_factor": 0.8915525114155252, "max_3day_rainfall_factor": 0.9600456621004566, "low_elevation_factor": 0.8573059360730594, "low_slope_factor": 0.8710045662100456, "low_lying": true, "historical_factor": 0.4634703196347032, "max_daily_rainfall_contribution": 18.57401065449011, "max_3day_rainfall_contribution": 20.000951293759513, "low_elevation_contribution": 21.432648401826484, "low_slope_contribution": 14.516742770167427, "historical_contribution": 7.724505327245054, "risk_score": 82, "risk_class": "CRITICAL"}, "geometry": {"type": "Polygon", "coordinates": [[[79.12463112682042, 21.085312498322256], [79.1245177500438, 21.09434318688134], [79.13414062987188, 21.09444934221988], [79.13425342575034, 21.085418603985985], [79.12463112682042, 21.085312498322256]]]}}, {"type": "Feature", "properties": {"zone_id": "Z279", "rainfall_mm": 1147.199696116, "max_daily_rainfall_mm": 56.130226, "max_3day_rainfall_mm": 124.65368900000001, "elevation_m": 296.0, "slope_deg": 0.8036102593253973, "historical_event_count": 1, "historical_data_available": true, "max_daily_rainfall_factor": 0.8915525114155252, "max_3day_rainfall_factor": 0.9600456621004566, "low_elevation_factor": 0.6004566210045662, "low_slope_factor": 0.7796803652968036, "low_lying": false, "historical_factor": 0.958904109589041, "max_daily_rainfall_contribution": 18.57401065449011, "max_3day_rainfall_contribution": 20.000951293759513, "low_elevation_contribution": 15.011415525114154, "low_slope_contribution": 12.994672754946729, "historical_contribution": 15.981735159817353, "risk_score": 83, "risk_class": "CRITICAL"}, "geometry": {"type": "Polygon", "coordinates": [[[79.1245177500438, 21.09434318688134], [79.12440431322038, 21.103373865251058], [79.13402777425411, 21.103480070270237], [79.13414062987188, 21.09444934221988], [79.1245177500438, 21.09434318688134]]]}}, {"type": "Feature", "properties": {"zone_id": "Z280", "rainfall_mm": 1155.523167019, "max_daily_rainfall_mm": 42.9932, "max_3day_rainfall_mm": 107.58183, "elevation_m": 288.0, "slope_deg": 1.7963172523867896, "historical_event_count": 1, "historical_data_available": true, "max_daily_rainfall_factor": 0.2271689497716895, "max_3day_rainfall_factor": 0.6883561643835616, "low_elevation_factor": 0.7990867579908676, "low_slope_factor": 0.4668949771689498, "low_lying": true, "historical_factor": 0.958904109589041, "max_daily_rainfall_contribution": 4.732686453576865, "max_3day_rainfall_contribution": 14.340753424657535, "low_elevation_contribution": 19.97716894977169, "low_slope_contribution": 7.78158295281583, "historical_contribution": 15.981735159817353, "risk_score": 63, "risk_class": "HIGH"}, "geometry": {"type": "Polygon", "coordinates": [[[79.12440431322038, 21.103373865251058], [79.1242908163337, 21.112404533427764], [79.13391485888069, 21.11251078813338], [79.13402777425411, 21.103480070270237], [79.12440431322038, 21.103373865251058]]]}}, {"type": "Feature", "properties": {"zone_id": "Z281", "rainfall_mm": 1155.523167019, "max_daily_rainfall_mm": 42.9932, "max_3day_rainfall_mm": 107.58183, "elevation_m": 300.0, "slope_deg": 1.136347105590608, "historical_event_count": 0, "historical_data_available": true, "max_daily_rainfall_factor": 0.2271689497716895, "max_3day_rainfall_factor": 0.6883561643835616, "low_elevation_factor": 0.5251141552511416, "low_slope_factor": 0.6643835616438356, "low_lying": false, "historical_factor": 0.4634703196347032, "max_daily_rainfall_contribution": 4.732686453576865, "max_3day_rainfall_contribution": 14.340753424657535, "low_elevation_contribution": 13.12785388127854, "low_slope_contribution": 11.073059360730594, "historical_contribution": 7.724505327245054, "risk_score": 51, "risk_class": "MODERATE"}, "geometry": {"type": "Polygon", "coordinates": [[[79.1242908163337, 21.112404533427764], [79.12417725936736, 21.121435191407773], [79.13380188373526, 21.121541495805648], [79.13391485888069, 21.11251078813338], [79.1242908163337, 21.112404533427764]]]}}, {"type": "Feature", "properties": {"zone_id": "Z282", "rainfall_mm": 1155.523167019, "max_daily_rainfall_mm": 42.9932, "max_3day_rainfall_mm": 107.58183, "elevation_m": 300.0, "slope_deg": 1.7963172523867896, "historical_event_count": 0, "historical_data_available": true, "max_daily_rainfall_factor": 0.2271689497716895, "max_3day_rainfall_factor": 0.6883561643835616, "low_elevation_factor": 0.5251141552511416, "low_slope_factor": 0.4668949771689498, "low_lying": false, "historical_factor": 0.4634703196347032, "max_daily_rainfall_contribution": 4.732686453576865, "max_3day_rainfall_contribution": 14.340753424657535, "low_elevation_contribution": 13.12785388127854, "low_slope_contribution": 7.78158295281583, "historical_contribution": 7.724505327245054, "risk_score": 48, "risk_class": "MODERATE"}, "geometry": {"type": "Polygon", "coordinates": [[[79.12417725936736, 21.121435191407773], [79.12406364230488, 21.130465839187423], [79.13368884880146, 21.130572193283378], [79.13380188373526, 21.121541495805648], [79.12417725936736, 21.121435191407773]]]}}, {"type": "Feature", "properties": {"zone_id": "Z283", "rainfall_mm": 1155.523167019, "max_daily_rainfall_mm": 42.9932, "max_3day_rainfall_mm": 107.58183, "elevation_m": 297.0, "slope_deg": 2.895095406089006, "historical_event_count": 1, "historical_data_available": true, "max_daily_rainfall_factor": 0.2271689497716895, "max_3day_rainfall_factor": 0.6883561643835616, "low_elevation_factor": 0.5787671232876712, "low_slope_factor": 0.1095890410958904, "low_lying": false, "historical_factor": 0.958904109589041, "max_daily_rainfall_contribution": 4.732686453576865, "max_3day_rainfall_contribution": 14.340753424657535, "low_elevation_contribution": 14.46917808219178, "low_slope_contribution": 1.8264840182648403, "historical_contribution": 15.981735159817353, "risk_score": 51, "risk_class": "MODERATE"}, "geometry": {"type": "Polygon", "coordinates": [[[79.12406364230488, 21.130465839187423], [79.12394996512981, 21.13949647676305], [79.1335757540629, 21.139602880562904], [79.13368884880146, 21.130572193283378], [79.12406364230488, 21.130465839187423]]]}}, {"type": "Feature", "properties": {"zone_id": "Z284", "rainfall_mm": 1155.523167019, "max_daily_rainfall_mm": 42.9932, "max_3day_rainfall_mm": 107.58183, "elevation_m": 296.0, "slope_deg": 0.0, "historical_event_count": 0, "historical_data_available": true, "max_daily_rainfall_factor": 0.2271689497716895, "max_3day_rainfall_factor": 0.6883561643835616, "low_elevation_factor": 0.6004566210045662, "low_slope_factor": 0.9600456621004566, "low_lying": false, "historical_factor": 0.4634703196347032, "max_daily_rainfall_contribution": 4.732686453576865, "max_3day_rainfall_contribution": 14.340753424657535, "low_elevation_contribution": 15.011415525114154, "low_slope_contribution": 16.00076103500761, "historical_contribution": 7.724505327245054, "risk_score": 58, "risk_class": "HIGH"}, "geometry": {"type": "Polygon", "coordinates": [[[79.12394996512981, 21.13949647676305], [79.12383622782569, 21.14852710413098], [79.13346259950323, 21.148633557640565], [79.1335757540629, 21.139602880562904], [79.12394996512981, 21.13949647676305]]]}}, {"type": "Feature", "properties": {"zone_id": "Z285", "rainfall_mm": 1172.7594244069, "max_daily_rainfall_mm": 45.67858, "max_3day_rainfall_mm": 106.38938999999999, "elevation_m": 302.0, "slope_deg": 2.5397161746466046, "historical_event_count": 0, "historical_data_available": true, "max_daily_rainfall_factor": 0.526255707762557, "max_3day_rainfall_factor": 0.5536529680365296, "low_elevation_factor": 0.4794520547945205, "low_slope_factor": 0.1632420091324201, "low_lying": false, "historical_factor": 0.4634703196347032, "max_daily_rainfall_contribution": 10.963660578386607, "max_3day_rainfall_contribution": 11.534436834094368, "low_elevation_contribution": 11.986301369863012, "low_slope_contribution": 2.720700152207002, "historical_contribution": 7.724505327245054, "risk_score": 45, "risk_class": "MODERATE"}, "geometry": {"type": "Polygon", "coordinates": [[[79.12383622782569, 21.14852710413098], [79.12372243037603, 21.15755772128755], [79.13334938510603, 21.15766422451269], [79.13346259950323, 21.148633557640565], [79.12383622782569, 21.14852710413098]]]}}, {"type": "Feature", "properties": {"zone_id": "Z286", "rainfall_mm": 1172.7594244069, "max_daily_rainfall_mm": 45.67858, "max_3day_rainfall_mm": 106.38938999999999, "elevation_m": 296.0, "slope_deg": 1.7963172523867896, "historical_event_count": 0, "historical_data_available": true, "max_daily_rainfall_factor": 0.526255707762557, "max_3day_rainfall_factor": 0.5536529680365296, "low_elevation_factor": 0.6004566210045662, "low_slope_factor": 0.4668949771689498, "low_lying": false, "historical_factor": 0.4634703196347032, "max_daily_rainfall_contribution": 10.963660578386607, "max_3day_rainfall_contribution": 11.534436834094368, "low_elevation_contribution": 15.011415525114154, "low_slope_contribution": 7.78158295281583, "historical_contribution": 7.724505327245054, "risk_score": 53, "risk_class": "MODERATE"}, "geometry": {"type": "Polygon", "coordinates": [[[79.12372243037603, 21.15755772128755], [79.12360857276434, 21.166588328229096], [79.13323611085488, 21.166694881175633], [79.13334938510603, 21.15766422451269], [79.12372243037603, 21.15755772128755]]]}}, {"type": "Feature", "properties": {"zone_id": "Z287", "rainfall_mm": 1172.7594244069, "max_daily_rainfall_mm": 45.67858, "max_3day_rainfall_mm": 106.38938999999999, "elevation_m": 295.0, "slope_deg": 0.8035325853473997, "historical_event_count": 0, "historical_data_available": true, "max_daily_rainfall_factor": 0.526255707762557, "max_3day_rainfall_factor": 0.5536529680365296, "low_elevation_factor": 0.6221461187214612, "low_slope_factor": 0.8710045662100456, "low_lying": false, "historical_factor": 0.4634703196347032, "max_daily_rainfall_contribution": 10.963660578386607, "max_3day_rainfall_contribution": 11.534436834094368, "low_elevation_contribution": 15.55365296803653, "low_slope_contribution": 14.516742770167427, "historical_contribution": 7.724505327245054, "risk_score": 60, "risk_class": "HIGH"}, "geometry": {"type": "Polygon", "coordinates": [[[79.12360857276434, 21.166588328229096], [79.12349465497411, 21.175618924951955], [79.13312277673339, 21.175725527625723], [79.13323611085488, 21.166694881175633], [79.12360857276434, 21.166588328229096]]]}}, {"type": "Feature", "properties": {"zone_id": "Z288", "rainfall_mm": 1172.7594244069, "max_daily_rainfall_mm": 45.67858, "max_3day_rainfall_mm": 106.38938999999999, "elevation_m": 291.0, "slope_deg": 0.0, "historical_event_count": 0, "historical_data_available": true, "max_daily_rainfall_factor": 0.526255707762557, "max_3day_rainfall_factor": 0.5536529680365296, "low_elevation_factor": 0.7203196347031964, "low_slope_factor": 0.9600456621004566, "low_lying": false, "historical_factor": 0.4634703196347032, "max_daily_rainfall_contribution": 10.963660578386607, "max_3day_rainfall_contribution": 11.534436834094368, "low_elevation_contribution": 18.00799086757991, "low_slope_contribution": 16.00076103500761, "historical_contribution": 7.724505327245054, "risk_score": 64, "risk_class": "HIGH"}, "geometry": {"type": "Polygon", "coordinates": [[[79.12349465497411, 21.175618924951955], [79.12338067698883, 21.184649511452463], [79.1330093827251, 21.1847561638593], [79.13312277673339, 21.175725527625723], [79.12349465497411, 21.175618924951955]]]}}, {"type": "Feature", "properties": {"zone_id": "Z289", "rainfall_mm": 1172.7594244069, "max_daily_rainfall_mm": 45.67858, "max_3day_rainfall_mm": 106.38938999999999, "elevation_m": 293.0, "slope_deg": 3.589317782023876, "historical_event_count": 0, "historical_data_available": true, "max_daily_rainfall_factor": 0.526255707762557, "max_3day_rainfall_factor": 0.5536529680365296, "low_elevation_factor": 0.6723744292237442, "low_slope_factor": 0.0502283105022831, "low_lying": false, "historical_factor": 0.4634703196347032, "max_daily_rainfall_contribution": 10.963660578386607, "max_3day_rainfall_contribution": 11.534436834094368, "low_elevation_contribution": 16.809360730593607, "low_slope_contribution": 0.8371385083713851, "historical_contribution": 7.724505327245054, "risk_score": 48, "risk_class": "MODERATE"}, "geometry": {"type": "Polygon", "coordinates": [[[79.12338067698883, 21.184649511452463], [79.12326663879197, 21.193680087726968], [79.1328959288136, 21.193786789872714], [79.1330093827251, 21.1847561638593], [79.12338067698883, 21.184649511452463]]]}}, {"type": "Feature", "properties": {"zone_id": "Z290", "rainfall_mm": 1172.7594244069, "max_daily_rainfall_mm": 45.67858, "max_3day_rainfall_mm": 106.38938999999999, "elevation_m": 297.0, "slope_deg": 0.0, "historical_event_count": 0, "historical_data_available": true, "max_daily_rainfall_factor": 0.526255707762557, "max_3day_rainfall_factor": 0.5536529680365296, "low_elevation_factor": 0.5787671232876712, "low_slope_factor": 0.9600456621004566, "low_lying": false, "historical_factor": 0.4634703196347032, "max_daily_rainfall_contribution": 10.963660578386607, "max_3day_rainfall_contribution": 11.534436834094368, "low_elevation_contribution": 14.46917808219178, "low_slope_contribution": 16.00076103500761, "historical_contribution": 7.724505327245054, "risk_score": 61, "risk_class": "HIGH"}, "geometry": {"type": "Polygon", "coordinates": [[[79.12326663879197, 21.193680087726968], [79.123152540367, 21.202710653771796], [79.13278241498242, 21.202817405662305], [79.1328959288136, 21.193786789872714], [79.12326663879197, 21.193680087726968]]]}}, {"type": "Feature", "properties": {"zone_id": "Z291", "rainfall_mm": 1188.6490393040276, "max_daily_rainfall_mm": 49.975224, "max_3day_rainfall_mm": 99.950448, "elevation_m": 304.0, "slope_deg": 0.0, "historical_event_count": 0, "historical_data_available": true, "max_daily_rainfall_factor": 0.7728310502283106, "max_3day_rainfall_factor": 0.3025114155251142, "low_elevation_factor": 0.430365296803653, "low_slope_factor": 0.9600456621004566, "low_lying": false, "historical_factor": 0.4634703196347032, "max_daily_rainfall_contribution": 16.10064687975647, "max_3day_rainfall_contribution": 6.302321156773213, "low_elevation_contribution": 10.759132420091325, "low_slope_contribution": 16.00076103500761, "historical_contribution": 7.724505327245054, "risk_score": 57, "risk_class": "HIGH"}, "geometry": {"type": "Polygon", "coordinates": [[[79.123152540367, 21.202710653771796], [79.12303838169738, 21.211741209583288], [79.13266884121506, 21.21184801122441], [79.13278241498242, 21.202817405662305], [79.123152540367, 21.202710653771796]]]}}, {"type": "Feature", "properties": {"zone_id": "Z292", "rainfall_mm": 1188.6490393040276, "max_daily_rainfall_mm": 49.975224, "max_3day_rainfall_mm": 99.950448, "elevation_m": 295.0, "slope_deg": 1.7963172523867896, "historical_event_count": 0, "historical_data_available": true, "max_daily_rainfall_factor": 0.7728310502283106, "max_3day_rainfall_factor": 0.3025114155251142, "low_elevation_factor": 0.6221461187214612, "low_slope_factor": 0.4668949771689498, "low_lying": false, "historical_factor": 0.4634703196347032, "max_daily_rainfall_contribution": 16.10064687975647, "max_3day_rainfall_contribution": 6.302321156773213, "low_elevation_contribution": 15.55365296803653, "low_slope_contribution": 7.78158295281583, "historical_contribution": 7.724505327245054, "risk_score": 53, "risk_class": "MODERATE"}, "geometry": {"type": "Polygon", "coordinates": [[[79.12303838169738, 21.211741209583288], [79.12292416276652, 21.220771755157784], [79.13255520749512, 21.220878606555374], [79.13266884121506, 21.21184801122441], [79.12303838169738, 21.211741209583288]]]}}, {"type": "Feature", "properties": {"zone_id": "Z293", "rainfall_mm": 1188.6490393040276, "max_daily_rainfall_mm": 49.975224, "max_3day_rainfall_mm": 99.950448, "elevation_m": 303.0, "slope_deg": 0.8035325853473997, "historical_event_count": 0, "historical_data_available": true, "max_daily_rainfall_factor": 0.7728310502283106, "max_3day_rainfall_factor": 0.3025114155251142, "low_elevation_factor": 0.4531963470319635, "low_slope_factor": 0.8710045662100456, "low_lying": false, "historical_factor": 0.4634703196347032, "max_daily_rainfall_contribution": 16.10064687975647, "max_3day_rainfall_contribution": 6.302321156773213, "low_elevation_contribution": 11.329908675799087, "low_slope_contribution": 14.516742770167427, "historical_contribution": 7.724505327245054, "risk_score": 56, "risk_class": "HIGH"}, "geometry": {"type": "Polygon", "coordinates": [[[79.12292416276652, 21.220771755157784], [79.12280988355788, 21.229802290491634], [79.13244151380604, 21.229909191651558], [79.13255520749512, 21.220878606555374], [79.12292416276652, 21.220771755157784]]]}}, {"type": "Feature", "properties": {"zone_id": "Z294", "rainfall_mm": 1188.6490393040276, "max_daily_rainfall_mm": 49.975224, "max_3day_rainfall_mm": 99.950448, "elevation_m": 300.0, "slope_deg": 1.7963172523867896, "historical_event_count": 0, "historical_data_available": true, "max_daily_rainfall_factor": 0.7728310502283106, "max_3day_rainfall_factor": 0.3025114155251142, "low_elevation_factor": 0.5251141552511416, "low_slope_factor": 0.4668949771689498, "low_lying": false, "historical_factor": 0.4634703196347032, "max_daily_rainfall_contribution": 16.10064687975647, "max_3day_rainfall_contribution": 6.302321156773213, "low_elevation_contribution": 13.12785388127854, "low_slope_contribution": 7.78158295281583, "historical_contribution": 7.724505327245054, "risk_score": 51, "risk_class": "MODERATE"}, "geometry": {"type": "Polygon", "coordinates": [[[79.13244151380604, 21.229909191651558], [79.12280988355788, 21.229802290491634], [79.12280702503857, 21.230028114308], [79.13244003606381, 21.23002653593441], [79.13244151380604, 21.229909191651558]]]}}, {"type": "Feature", "properties": {"zone_id": "Z295", "rainfall_mm": 1147.199696116, "max_daily_rainfall_mm": 56.130226, "max_3day_rainfall_mm": 124.65368900000001, "elevation_m": 280.0, "slope_deg": 1.7963172523867896, "historical_event_count": 0, "historical_data_available": true, "max_daily_rainfall_factor": 0.8915525114155252, "max_3day_rainfall_factor": 0.9600456621004566, "low_elevation_factor": 0.9509132420091324, "low_slope_factor": 0.4668949771689498, "low_lying": true, "historical_factor": 0.4634703196347032, "max_daily_rainfall_contribution": 18.57401065449011, "max_3day_rainfall_contribution": 20.000951293759513, "low_elevation_contribution": 23.77283105022831, "low_slope_contribution": 7.78158295281583, "historical_contribution": 7.724505327245054, "risk_score": 78, "risk_class": "CRITICAL"}, "geometry": {"type": "Polygon", "coordinates": [[[79.13459145511314, 21.058326328219696], [79.14421207286688, 21.058431740535134], [79.1443163303311, 21.05002366869548], [79.1346949114375, 21.050025907764045], [79.13459145511314, 21.058326328219696]]]}}, {"type": "Feature", "properties": {"zone_id": "Z296", "rainfall_mm": 1147.199696116, "max_daily_rainfall_mm": 56.130226, "max_3day_rainfall_mm": 124.65368900000001, "elevation_m": 282.0, "slope_deg": 1.6067492162846009, "historical_event_count": 0, "historical_data_available": true, "max_daily_rainfall_factor": 0.8915525114155252, "max_3day_rainfall_factor": 0.9600456621004566, "low_elevation_factor": 0.9200913242009132, "low_slope_factor": 0.571917808219178, "low_lying": true, "historical_factor": 0.4634703196347032, "max_daily_rainfall_contribution": 18.57401065449011, "max_3day_rainfall_contribution": 20.000951293759513, "low_elevation_contribution": 23.00228310502283, "low_slope_contribution": 9.531963470319635, "historical_contribution": 7.724505327245054, "risk_score": 79, "risk_class": "CRITICAL"}, "geometry": {"type": "Polygon", "coordinates": [[[79.13459145511314, 21.058326328219696], [79.13447883835465, 21.067357096982224], [79.14410003610082, 21.067462558700026], [79.14421207286688, 21.058431740535134], [79.13459145511314, 21.058326328219696]]]}}, {"type": "Feature", "properties": {"zone_id": "Z297", "rainfall_mm": 1147.199696116, "max_daily_rainfall_mm": 56.130226, "max_3day_rainfall_mm": 124.65368900000001, "elevation_m": 291.0, "slope_deg": 1.6067492162846009, "historical_event_count": 0, "historical_data_available": true, "max_daily_rainfall_factor": 0.8915525114155252, "max_3day_rainfall_factor": 0.9600456621004566, "low_elevation_factor": 0.7203196347031964, "low_slope_factor": 0.571917808219178, "low_lying": false, "historical_factor": 0.4634703196347032, "max_daily_rainfall_contribution": 18.57401065449011, "max_3day_rainfall_contribution": 20.000951293759513, "low_elevation_contribution": 18.00799086757991, "low_slope_contribution": 9.531963470319635, "historical_contribution": 7.724505327245054, "risk_score": 74, "risk_class": "HIGH"}, "geometry": {"type": "Polygon", "coordinates": [[[79.13447883835465, 21.067357096982224], [79.13436616190583, 21.076387855572207], [79.1439879399517, 21.07649336669814], [79.14410003610082, 21.067462558700026], [79.13447883835465, 21.067357096982224]]]}}, {"type": "Feature", "properties": {"zone_id": "Z298", "rainfall_mm": 1147.199696116, "max_daily_rainfall_mm": 56.130226, "max_3day_rainfall_mm": 124.65368900000001, "elevation_m": 284.0, "slope_deg": 1.136347105590608, "historical_event_count": 0, "historical_data_available": true, "max_daily_rainfall_factor": 0.8915525114155252, "max_3day_rainfall_factor": 0.9600456621004566, "low_elevation_factor": 0.8881278538812786, "low_slope_factor": 0.6643835616438356, "low_lying": true, "historical_factor": 0.4634703196347032, "max_daily_rainfall_contribution": 18.57401065449011, "max_3day_rainfall_contribution": 20.000951293759513, "low_elevation_contribution": 22.203196347031966, "low_slope_contribution": 11.073059360730594, "historical_contribution": 7.724505327245054, "risk_score": 80, "risk_class": "CRITICAL"}, "geometry": {"type": "Polygon", "coordinates": [[[79.13436616190583, 21.076387855572207], [79.13425342575034, 21.085418603985985], [79.14387578440325, 21.08552416452582], [79.1439879399517, 21.07649336669814], [79.13436616190583, 21.076387855572207]]]}}, {"type": "Feature", "properties": {"zone_id": "Z299", "rainfall_mm": 1147.199696116, "max_daily_rainfall_mm": 56.130226, "max_3day_rainfall_mm": 124.65368900000001, "elevation_m": 285.0, "slope_deg": 0.8035325853473997, "historical_event_count": 0, "historical_data_available": true, "max_daily_rainfall_factor": 0.8915525114155252, "max_3day_rainfall_factor": 0.9600456621004566, "low_elevation_factor": 0.8573059360730594, "low_slope_factor": 0.8710045662100456, "low_lying": true, "historical_factor": 0.4634703196347032, "max_daily_rainfall_contribution": 18.57401065449011, "max_3day_rainfall_contribution": 20.000951293759513, "low_elevation_contribution": 21.432648401826484, "low_slope_contribution": 14.516742770167427, "historical_contribution": 7.724505327245054, "risk_score": 82, "risk_class": "CRITICAL"}, "geometry": {"type": "Polygon", "coordinates": [[[79.13425342575034, 21.085418603985985], [79.13414062987188, 21.09444934221988], [79.14376356943927, 21.0945549521794], [79.14387578440325, 21.08552416452582], [79.13425342575034, 21.085418603985985]]]}}, {"type": "Feature", "properties": {"zone_id": "Z300", "rainfall_mm": 1147.199696116, "max_daily_rainfall_mm": 56.130226, "max_3day_rainfall_mm": 124.65368900000001, "elevation_m": 287.0, "slope_deg": 1.7963172523867896, "historical_event_count": 0, "historical_data_available": true, "max_daily_rainfall_factor": 0.8915525114155252, "max_3day_rainfall_factor": 0.9600456621004566, "low_elevation_factor": 0.821917808219178, "low_slope_factor": 0.4668949771689498, "low_lying": true, "historical_factor": 0.4634703196347032, "max_daily_rainfall_contribution": 18.57401065449011, "max_3day_rainfall_contribution": 20.000951293759513, "low_elevation_contribution": 20.54794520547945, "low_slope_contribution": 7.78158295281583, "historical_contribution": 7.724505327245054, "risk_score": 75, "risk_class": "HIGH"}, "geometry": {"type": "Polygon", "coordinates": [[[79.13414062987188, 21.09444934221988], [79.13402777425411, 21.103480070270237], [79.1436512950435, 21.10358572965521], [79.14376356943927, 21.0945549521794], [79.13414062987188, 21.09444934221988]]]}}, {"type": "Feature", "properties": {"zone_id": "Z301", "rainfall_mm": 1155.523167019, "max_daily_rainfall_mm": 42.9932, "max_3day_rainfall_mm": 107.58183, "elevation_m": 289.0, "slope_deg": 2.2718009544716, "historical_event_count": 0, "historical_data_available": true, "max_daily_rainfall_factor": 0.2271689497716895, "max_3day_rainfall_factor": 0.6883561643835616, "low_elevation_factor": 0.771689497716895, "low_slope_factor": 0.2865296803652968, "low_lying": true, "historical_factor": 0.4634703196347032, "max_daily_rainfall_contribution": 4.732686453576865, "max_3day_rainfall_contribution": 14.340753424657535, "low_elevation_contribution": 19.292237442922374, "low_slope_contribution": 4.775494672754947, "historical_contribution": 7.724505327245054, "risk_score": 51, "risk_class": "MODERATE"}, "geometry": {"type": "Polygon", "coordinates": [[[79.13402777425411, 21.103480070270237], [79.13391485888069, 21.11251078813338], [79.14353896119967, 21.112616496949602], [79.1436512950435, 21.10358572965521], [79.13402777425411, 21.103480070270237]]]}}, {"type": "Feature", "properties": {"zone_id": "Z302", "rainfall_mm": 1155.523167019, "max_daily_rainfall_mm": 42.9932, "max_3day_rainfall_mm": 107.58183, "elevation_m": 292.0, "slope_deg": 3.4054724957844504, "historical_event_count": 0, "historical_data_available": true, "max_daily_rainfall_factor": 0.2271689497716895, "max_3day_rainfall_factor": 0.6883561643835616, "low_elevation_factor": 0.6974885844748858, "low_slope_factor": 0.06278538812785388, "low_lying": false, "historical_factor": 0.4634703196347032, "max_daily_rainfall_contribution": 4.732686453576865, "max_3day_rainfall_contribution": 14.340753424657535, "low_elevation_contribution": 17.437214611872147, "low_slope_contribution": 1.0464231354642313, "historical_contribution": 7.724505327245054, "risk_score": 45, "risk_class": "MODERATE"}, "geometry": {"type": "Polygon", "coordinates": [[[79.13391485888069, 21.11251078813338], [79.13380188373526, 21.121541495805648], [79.14342656789151, 21.1216472540589], [79.14353896119967, 21.112616496949602], [79.13391485888069, 21.11251078813338]]]}}, {"type": "Feature", "properties": {"zone_id": "Z303", "rainfall_mm": 1155.523167019, "max_daily_rainfall_mm": 42.9932, "max_3day_rainfall_mm": 107.58183, "elevation_m": 302.0, "slope_deg": 3.5891101368504224, "historical_event_count": 0, "historical_data_available": true, "max_daily_rainfall_factor": 0.2271689497716895, "max_3day_rainfall_factor": 0.6883561643835616, "low_elevation_factor": 0.4794520547945205, "low_slope_factor": 0.05593607305936073, "low_lying": false, "historical_factor": 0.4634703196347032, "max_daily_rainfall_contribution": 4.732686453576865, "max_3day_rainfall_contribution": 14.340753424657535, "low_elevation_contribution": 11.986301369863012, "low_slope_contribution": 0.9322678843226788, "historical_contribution": 7.724505327245054, "risk_score": 40, "risk_class": "MODERATE"}, "geometry": {"type": "Polygon", "coordinates": [[[79.13380188373526, 21.121541495805648], [79.13368884880146, 21.130572193283378], [79.14331411510275, 21.130678000979444], [79.14342656789151, 21.1216472540589], [79.13380188373526, 21.121541495805648]]]}}, {"type": "Feature", "properties": {"zone_id": "Z304", "rainfall_mm": 1155.523167019, "max_daily_rainfall_mm": 42.9932, "max_3day_rainfall_mm": 107.58183, "elevation_m": 293.0, "slope_deg": 0.8036102593253973, "historical_event_count": 0, "historical_data_available": true, "max_daily_rainfall_factor": 0.2271689497716895, "max_3day_rainfall_factor": 0.6883561643835616, "low_elevation_factor": 0.6723744292237442, "low_slope_factor": 0.7796803652968036, "low_lying": false, "historical_factor": 0.4634703196347032, "max_daily_rainfall_contribution": 4.732686453576865, "max_3day_rainfall_contribution": 14.340753424657535, "low_elevation_contribution": 16.809360730593607, "low_slope_contribution": 12.994672754946729, "historical_contribution": 7.724505327245054, "risk_score": 57, "risk_class": "HIGH"}, "geometry": {"type": "Polygon", "coordinates": [[[79.13368884880146, 21.130572193283378], [79.1335757540629, 21.139602880562904], [79.14320160281713, 21.139708737707586], [79.14331411510275, 21.130678000979444], [79.13368884880146, 21.130572193283378]]]}}, {"type": "Feature", "properties": {"zone_id": "Z305", "rainfall_mm": 1155.523167019, "max_daily_rainfall_mm": 42.9932, "max_3day_rainfall_mm": 107.58183, "elevation_m": 291.0, "slope_deg": 0.8035325853473997, "historical_event_count": 0, "historical_data_available": true, "max_daily_rainfall_factor": 0.2271689497716895, "max_3day_rainfall_factor": 0.6883561643835616, "low_elevation_factor": 0.7203196347031964, "low_slope_factor": 0.8710045662100456, "low_lying": false, "historical_factor": 0.4634703196347032, "max_daily_rainfall_contribution": 4.732686453576865, "max_3day_rainfall_contribution": 14.340753424657535, "low_elevation_contribution": 18.00799086757991, "low_slope_contribution": 14.516742770167427, "historical_contribution": 7.724505327245054, "risk_score": 59, "risk_class": "HIGH"}, "geometry": {"type": "Polygon", "coordinates": [[[79.1335757540629, 21.139602880562904], [79.13346259950323, 21.148633557640565], [79.14308903101829, 21.148739464239657], [79.14320160281713, 21.139708737707586], [79.1335757540629, 21.139602880562904]]]}}, {"type": "Feature", "properties": {"zone_id": "Z306", "rainfall_mm": 1172.7594244069, "max_daily_rainfall_mm": 45.67858, "max_3day_rainfall_mm": 106.38938999999999, "elevation_m": 298.0, "slope_deg": 0.8035325853473997, "historical_event_count": 0, "historical_data_available": true, "max_daily_rainfall_factor": 0.526255707762557, "max_3day_rainfall_factor": 0.5536529680365296, "low_elevation_factor": 0.5570776255707762, "low_slope_factor": 0.8710045662100456, "low_lying": false, "historical_factor": 0.4634703196347032, "max_daily_rainfall_contribution": 10.963660578386607, "max_3day_rainfall_contribution": 11.534436834094368, "low_elevation_contribution": 13.926940639269406, "low_slope_contribution": 14.516742770167427, "historical_contribution": 7.724505327245054, "risk_score": 59, "risk_class": "HIGH"}, "geometry": {"type": "Polygon", "coordinates": [[[79.13346259950323, 21.148633557640565], [79.13334938510603, 21.15766422451269], [79.14297639968996, 21.157770180571998], [79.14308903101829, 21.148739464239657], [79.13346259950323, 21.148633557640565]]]}}, {"type": "Feature", "properties": {"zone_id": "Z307", "rainfall_mm": 1172.7594244069, "max_daily_rainfall_mm": 45.67858, "max_3day_rainfall_mm": 106.38938999999999, "elevation_m": 292.0, "slope_deg": 1.136347105590608, "historical_event_count": 0, "historical_data_available": true, "max_daily_rainfall_factor": 0.526255707762557, "max_3day_rainfall_factor": 0.5536529680365296, "low_elevation_factor": 0.6974885844748858, "low_slope_factor": 0.6643835616438356, "low_lying": false, "historical_factor": 0.4634703196347032, "max_daily_rainfall_contribution": 10.963660578386607, "max_3day_rainfall_contribution": 11.534436834094368, "low_elevation_contribution": 17.437214611872147, "low_slope_contribution": 11.073059360730594, "historical_contribution": 7.724505327245054, "risk_score": 59, "risk_class": "HIGH"}, "geometry": {"type": "Polygon", "coordinates": [[[79.13334938510603, 21.15766422451269], [79.13323611085488, 21.166694881175633], [79.1428637088158, 21.16680088670095], [79.14297639968996, 21.157770180571998], [79.13334938510603, 21.15766422451269]]]}}, {"type": "Feature", "properties": {"zone_id": "Z308", "rainfall_mm": 1172.7594244069, "max_daily_rainfall_mm": 45.67858, "max_3day_rainfall_mm": 106.38938999999999, "elevation_m": 293.0, "slope_deg": 1.6067492162846009, "historical_event_count": 1, "historical_data_available": true, "max_daily_rainfall_factor": 0.526255707762557, "max_3day_rainfall_factor": 0.5536529680365296, "low_elevation_factor": 0.6723744292237442, "low_slope_factor": 0.571917808219178, "low_lying": false, "historical_factor": 0.958904109589041, "max_daily_rainfall_contribution": 10.963660578386607, "max_3day_rainfall_contribution": 11.534436834094368, "low_elevation_contribution": 16.809360730593607, "low_slope_contribution": 9.531963470319635, "historical_contribution": 15.981735159817353, "risk_score": 65, "risk_class": "HIGH"}, "geometry": {"type": "Polygon", "coordinates": [[[79.13323611085488, 21.166694881175633], [79.13312277673339, 21.175725527625723], [79.14275095837945, 21.175831582622866], [79.1428637088158, 21.16680088670095], [79.13323611085488, 21.166694881175633]]]}}, {"type": "Feature", "properties": {"zone_id": "Z309", "rainfall_mm": 1172.7594244069, "max_daily_rainfall_mm": 45.67858, "max_3day_rainfall_mm": 106.38938999999999, "elevation_m": 286.0, "slope_deg": 0.8035325853473997, "historical_event_count": 0, "historical_data_available": true, "max_daily_rainfall_factor": 0.526255707762557, "max_3day_rainfall_factor": 0.5536529680365296, "low_elevation_factor": 0.83675799086758, "low_slope_factor": 0.8710045662100456, "low_lying": true, "historical_factor": 0.4634703196347032, "max_daily_rainfall_contribution": 10.963660578386607, "max_3day_rainfall_contribution": 11.534436834094368, "low_elevation_contribution": 20.918949771689498, "low_slope_contribution": 14.516742770167427, "historical_contribution": 7.724505327245054, "risk_score": 66, "risk_class": "HIGH"}, "geometry": {"type": "Polygon", "coordinates": [[[79.13312277673339, 21.175725527625723], [79.1330093827251, 21.1847561638593], [79.14263814836461, 21.18486226833408], [79.14275095837945, 21.175831582622866], [79.13312277673339, 21.175725527625723]]]}}, {"type": "Feature", "properties": {"zone_id": "Z310", "rainfall_mm": 1172.7594244069, "max_daily_rainfall_mm": 45.67858, "max_3day_rainfall_mm": 106.38938999999999, "elevation_m": 290.0, "slope_deg": 2.895095406089006, "historical_event_count": 0, "historical_data_available": true, "max_daily_rainfall_factor": 0.526255707762557, "max_3day_rainfall_factor": 0.5536529680365296, "low_elevation_factor": 0.7442922374429224, "low_slope_factor": 0.1095890410958904, "low_lying": true, "historical_factor": 0.4634703196347032, "max_daily_rainfall_contribution": 10.963660578386607, "max_3day_rainfall_contribution": 11.534436834094368, "low_elevation_contribution": 18.60730593607306, "low_slope_contribution": 1.8264840182648403, "historical_contribution": 7.724505327245054, "risk_score": 51, "risk_class": "MODERATE"}, "geometry": {"type": "Polygon", "coordinates": [[[79.1330093827251, 21.1847561638593], [79.1328959288136, 21.193786789872714], [79.1425252787549, 21.193892943830942], [79.14263814836461, 21.18486226833408], [79.1330093827251, 21.1847561638593]]]}}, {"type": "Feature", "properties": {"zone_id": "Z311", "rainfall_mm": 1172.7594244069, "max_daily_rainfall_mm": 45.67858, "max_3day_rainfall_mm": 106.38938999999999, "elevation_m": 292.0, "slope_deg": 1.136347105590608, "historical_event_count": 0, "historical_data_available": true, "max_daily_rainfall_factor": 0.526255707762557, "max_3day_rainfall_factor": 0.5536529680365296, "low_elevation_factor": 0.6974885844748858, "low_slope_factor": 0.6643835616438356, "low_lying": false, "historical_factor": 0.4634703196347032, "max_daily_rainfall_contribution": 10.963660578386607, "max_3day_rainfall_contribution": 11.534436834094368, "low_elevation_contribution": 17.437214611872147, "low_slope_contribution": 11.073059360730594, "historical_contribution": 7.724505327245054, "risk_score": 59, "risk_class": "HIGH"}, "geometry": {"type": "Polygon", "coordinates": [[[79.1328959288136, 21.193786789872714], [79.13278241498242, 21.202817405662305], [79.14241234953394, 21.202923609109796], [79.1425252787549, 21.193892943830942], [79.1328959288136, 21.193786789872714]]]}}, {"type": "Feature", "properties": {"zone_id": "Z312", "rainfall_mm": 1188.6490393040276, "max_daily_rainfall_mm": 49.975224, "max_3day_rainfall_mm": 99.950448, "elevation_m": 300.0, "slope_deg": 2.2718009544716, "historical_event_count": 0, "historical_data_available": true, "max_daily_rainfall_factor": 0.7728310502283106, "max_3day_rainfall_factor": 0.3025114155251142, "low_elevation_factor": 0.5251141552511416, "low_slope_factor": 0.2865296803652968, "low_lying": false, "historical_factor": 0.4634703196347032, "max_daily_rainfall_contribution": 16.10064687975647, "max_3day_rainfall_contribution": 6.302321156773213, "low_elevation_contribution": 13.12785388127854, "low_slope_contribution": 4.775494672754947, "historical_contribution": 7.724505327245054, "risk_score": 48, "risk_class": "MODERATE"}, "geometry": {"type": "Polygon", "coordinates": [[[79.13278241498242, 21.202817405662305], [79.13266884121506, 21.21184801122441], [79.14229936068539, 21.21195426416699], [79.14241234953394, 21.202923609109796], [79.13278241498242, 21.202817405662305]]]}}, {"type": "Feature", "properties": {"zone_id": "Z313", "rainfall_mm": 1188.6490393040276, "max_daily_rainfall_mm": 49.975224, "max_3day_rainfall_mm": 99.950448, "elevation_m": 291.0, "slope_deg": 1.7963172523867896, "historical_event_count": 0, "historical_data_available": true, "max_daily_rainfall_factor": 0.7728310502283106, "max_3day_rainfall_factor": 0.3025114155251142, "low_elevation_factor": 0.7203196347031964, "low_slope_factor": 0.4668949771689498, "low_lying": false, "historical_factor": 0.4634703196347032, "max_daily_rainfall_contribution": 16.10064687975647, "max_3day_rainfall_contribution": 6.302321156773213, "low_elevation_contribution": 18.00799086757991, "low_slope_contribution": 7.78158295281583, "historical_contribution": 7.724505327245054, "risk_score": 56, "risk_class": "HIGH"}, "geometry": {"type": "Polygon", "coordinates": [[[79.13266884121506, 21.21184801122441], [79.13255520749512, 21.220878606555374], [79.1421863121928, 21.220984908998865], [79.14229936068539, 21.21195426416699], [79.13266884121506, 21.21184801122441]]]}}, {"type": "Feature", "properties": {"zone_id": "Z314", "rainfall_mm": 1188.6490393040276, "max_daily_rainfall_mm": 49.975224, "max_3day_rainfall_mm": 99.950448, "elevation_m": 297.0, "slope_deg": 0.8035325853473997, "historical_event_count": 0, "historical_data_available": true, "max_daily_rainfall_factor": 0.7728310502283106, "max_3day_rainfall_factor": 0.3025114155251142, "low_elevation_factor": 0.5787671232876712, "low_slope_factor": 0.8710045662100456, "low_lying": false, "historical_factor": 0.4634703196347032, "max_daily_rainfall_contribution": 16.10064687975647, "max_3day_rainfall_contribution": 6.302321156773213, "low_elevation_contribution": 14.46917808219178, "low_slope_contribution": 14.516742770167427, "historical_contribution": 7.724505327245054, "risk_score": 59, "risk_class": "HIGH"}, "geometry": {"type": "Polygon", "coordinates": [[[79.13255520749512, 21.220878606555374], [79.13244151380604, 21.229909191651558], [79.14207320403983, 21.230015543601784], [79.1421863121928, 21.220984908998865], [79.13255520749512, 21.220878606555374]]]}}, {"type": "Feature", "properties": {"zone_id": "Z315", "rainfall_mm": 1188.6490393040276, "max_daily_rainfall_mm": 49.975224, "max_3day_rainfall_mm": 99.950448, "elevation_m": 297.0, "slope_deg": 1.136347105590608, "historical_event_count": 0, "historical_data_available": true, "max_daily_rainfall_factor": 0.7728310502283106, "max_3day_rainfall_factor": 0.3025114155251142, "low_elevation_factor": 0.5787671232876712, "low_slope_factor": 0.6643835616438356, "low_lying": false, "historical_factor": 0.4634703196347032, "max_daily_rainfall_contribution": 16.10064687975647, "max_3day_rainfall_contribution": 6.302321156773213, "low_elevation_contribution": 14.46917808219178, "low_slope_contribution": 11.073059360730594, "historical_contribution": 7.724505327245054, "risk_score": 56, "risk_class": "HIGH"}, "geometry": {"type": "Polygon", "coordinates": [[[79.14207320403983, 21.230015543601784], [79.13244151380604, 21.229909191651558], [79.13244003606381, 21.23002653593441], [79.14207309299499, 21.230024407153774], [79.14207320403983, 21.230015543601784]]]}}, {"type": "Feature", "properties": {"zone_id": "Z316", "rainfall_mm": 1147.199696116, "max_daily_rainfall_mm": 56.130226, "max_3day_rainfall_mm": 124.65368900000001, "elevation_m": 282.0, "slope_deg": 1.7963172523867896, "historical_event_count": 0, "historical_data_available": true, "max_daily_rainfall_factor": 0.8915525114155252, "max_3day_rainfall_factor": 0.9600456621004566, "low_elevation_factor": 0.9200913242009132, "low_slope_factor": 0.4668949771689498, "low_lying": true, "historical_factor": 0.4634703196347032, "max_daily_rainfall_contribution": 18.57401065449011, "max_3day_rainfall_contribution": 20.000951293759513, "low_elevation_contribution": 23.00228310502283, "low_slope_contribution": 7.78158295281583, "historical_contribution": 7.724505327245054, "risk_score": 77, "risk_class": "CRITICAL"}, "geometry": {"type": "Polygon", "coordinates": [[[79.14421207286688, 21.058431740535134], [79.15383274998749, 21.058536608477837], [79.1539377947566, 21.050020884316112], [79.1443163303311, 21.05002366869548], [79.14421207286688, 21.058431740535134]]]}}, {"type": "Feature", "properties": {"zone_id": "Z317", "rainfall_mm": 1147.199696116, "max_daily_rainfall_mm": 56.130226, "max_3day_rainfall_mm": 124.65368900000001, "elevation_m": 278.0, "slope_deg": 1.136347105590608, "historical_event_count": 0, "historical_data_available": true, "max_daily_rainfall_factor": 0.8915525114155252, "max_3day_rainfall_factor": 0.9600456621004566, "low_elevation_factor": 0.9646118721461188, "low_slope_factor": 0.6643835616438356, "low_lying": true, "historical_factor": 0.4634703196347032, "max_daily_rainfall_contribution": 18.57401065449011, "max_3day_rainfall_contribution": 20.000951293759513, "low_elevation_contribution": 24.11529680365297, "low_slope_contribution": 11.073059360730594, "historical_contribution": 7.724505327245054, "risk_score": 81, "risk_class": "CRITICAL"}, "geometry": {"type": "Polygon", "coordinates": [[[79.14421207286688, 21.058431740535134], [79.14410003610082, 21.067462558700026], [79.15372129323008, 21.06756747579003], [79.15383274998749, 21.058536608477837], [79.14421207286688, 21.058431740535134]]]}}, {"type": "Feature", "properties": {"zone_id": "Z318", "rainfall_mm": 1147.199696116, "max_daily_rainfall_mm": 56.130226, "max_3day_rainfall_mm": 124.65368900000001, "elevation_m": 286.0, "slope_deg": 0.8036102593253973, "historical_event_count": 0, "historical_data_available": true, "max_daily_rainfall_factor": 0.8915525114155252, "max_3day_rainfall_factor": 0.9600456621004566, "low_elevation_factor": 0.83675799086758, "low_slope_factor": 0.7796803652968036, "low_lying": true, "historical_factor": 0.4634703196347032, "max_daily_rainfall_contribution": 18.57401065449011, "max_3day_rainfall_contribution": 20.000951293759513, "low_elevation_contribution": 20.918949771689498, "low_slope_contribution": 12.994672754946729, "historical_contribution": 7.724505327245054, "risk_score": 80, "risk_class": "CRITICAL"}, "geometry": {"type": "Polygon", "coordinates": [[[79.14410003610082, 21.067462558700026], [79.1439879399517, 21.07649336669814], [79.15360977739685, 21.076598332941195], [79.15372129323008, 21.06756747579003], [79.14410003610082, 21.067462558700026]]]}}, {"type": "Feature", "properties": {"zone_id": "Z319", "rainfall_mm": 1147.199696116, "max_daily_rainfall_mm": 56.130226, "max_3day_rainfall_mm": 124.65368900000001, "elevation_m": 283.0, "slope_deg": 1.7964213810407137, "historical_event_count": 0, "historical_data_available": true, "max_daily_rainfall_factor": 0.8915525114155252, "max_3day_rainfall_factor": 0.9600456621004566, "low_elevation_factor": 0.908675799086758, "low_slope_factor": 0.3698630136986301, "low_lying": true, "historical_factor": 0.4634703196347032, "max_daily_rainfall_contribution": 18.57401065449011, "max_3day_rainfall_contribution": 20.000951293759513, "low_elevation_contribution": 22.71689497716895, "low_slope_contribution": 6.164383561643835, "historical_contribution": 7.724505327245054, "risk_score": 75, "risk_class": "HIGH"}, "geometry": {"type": "Polygon", "coordinates": [[[79.1439879399517, 21.07649336669814], [79.14387578440325, 21.08552416452582], [79.1534982024717, 21.08562917992766], [79.15360977739685, 21.076598332941195], [79.1439879399517, 21.07649336669814]]]}}, {"type": "Feature", "properties": {"zone_id": "Z320", "rainfall_mm": 1147.199696116, "max_daily_rainfall_mm": 56.130226, "max_3day_rainfall_mm": 124.65368900000001, "elevation_m": 281.0, "slope_deg": 1.7964213810407137, "historical_event_count": 0, "historical_data_available": true, "max_daily_rainfall_factor": 0.8915525114155252, "max_3day_rainfall_factor": 0.9600456621004566, "low_elevation_factor": 0.934931506849315, "low_slope_factor": 0.3698630136986301, "low_lying": true, "historical_factor": 0.4634703196347032, "max_daily_rainfall_contribution": 18.57401065449011, "max_3day_rainfall_contribution": 20.000951293759513, "low_elevation_contribution": 23.373287671232877, "low_slope_contribution": 6.164383561643835, "historical_contribution": 7.724505327245054, "risk_score": 76, "risk_class": "CRITICAL"}, "geometry": {"type": "Polygon", "coordinates": [[[79.14387578440325, 21.08552416452582], [79.14376356943927, 21.0945549521794], [79.15338656843844, 21.09466001674577], [79.1534982024717, 21.08562917992766], [79.14387578440325, 21.08552416452582]]]}}, {"type": "Feature", "properties": {"zone_id": "Z321", "rainfall_mm": 1147.199696116, "max_daily_rainfall_mm": 56.130226, "max_3day_rainfall_mm": 124.65368900000001, "elevation_m": 284.0, "slope_deg": 2.539520020526714, "historical_event_count": 0, "historical_data_available": true, "max_daily_rainfall_factor": 0.8915525114155252, "max_3day_rainfall_factor": 0.9600456621004566, "low_elevation_factor": 0.8881278538812786, "low_slope_factor": 0.2054794520547945, "low_lying": true, "historical_factor": 0.4634703196347032, "max_daily_rainfall_contribution": 18.57401065449011, "max_3day_rainfall_contribution": 20.000951293759513, "low_elevation_contribution": 22.203196347031966, "low_slope_contribution": 3.4246575342465753, "historical_contribution": 7.724505327245054, "risk_score": 72, "risk_class": "HIGH"}, "geometry": {"type": "Polygon", "coordinates": [[[79.14376356943927, 21.0945549521794], [79.1436512950435, 21.10358572965521], [79.15327487528091, 21.103690843391863], [79.15338656843844, 21.09466001674577], [79.14376356943927, 21.0945549521794]]]}}, {"type": "Feature", "properties": {"zone_id": "Z322", "rainfall_mm": 1155.523167019, "max_daily_rainfall_mm": 42.9932, "max_3day_rainfall_mm": 107.58183, "elevation_m": 293.0, "slope_deg": 2.5397161746466046, "historical_event_count": 0, "historical_data_available": true, "max_daily_rainfall_factor": 0.2271689497716895, "max_3day_rainfall_factor": 0.6883561643835616, "low_elevation_factor": 0.6723744292237442, "low_slope_factor": 0.1632420091324201, "low_lying": false, "historical_factor": 0.4634703196347032, "max_daily_rainfall_contribution": 4.732686453576865, "max_3day_rainfall_contribution": 14.340753424657535, "low_elevation_contribution": 16.809360730593607, "low_slope_contribution": 2.720700152207002, "historical_contribution": 7.724505327245054, "risk_score": 46, "risk_class": "MODERATE"}, "geometry": {"type": "Polygon", "coordinates": [[[79.1436512950435, 21.10358572965521], [79.14353896119967, 21.112616496949602], [79.15316312298296, 21.11272165986229], [79.15327487528091, 21.103690843391863], [79.1436512950435, 21.10358572965521]]]}}, {"type": "Feature", "properties": {"zone_id": "Z323", "rainfall_mm": 1155.523167019, "max_daily_rainfall_mm": 42.9932, "max_3day_rainfall_mm": 107.58183, "elevation_m": 295.0, "slope_deg": 1.7963172523867896, "historical_event_count": 0, "historical_data_available": true, "max_daily_rainfall_factor": 0.2271689497716895, "max_3day_rainfall_factor": 0.6883561643835616, "low_elevation_factor": 0.6221461187214612, "low_slope_factor": 0.4668949771689498, "low_lying": false, "historical_factor": 0.4634703196347032, "max_daily_rainfall_contribution": 4.732686453576865, "max_3day_rainfall_contribution": 14.340753424657535, "low_elevation_contribution": 15.55365296803653, "low_slope_contribution": 7.78158295281583, "historical_contribution": 7.724505327245054, "risk_score": 50, "risk_class": "MODERATE"}, "geometry": {"type": "Polygon", "coordinates": [[[79.14353896119967, 21.112616496949602], [79.14342656789151, 21.1216472540589], [79.15305131152837, 21.121752466153385], [79.15316312298296, 21.11272165986229], [79.14353896119967, 21.112616496949602]]]}}, {"type": "Feature", "properties": {"zone_id": "Z324", "rainfall_mm": 1155.523167019, "max_daily_rainfall_mm": 42.9932, "max_3day_rainfall_mm": 107.58183, "elevation_m": 306.0, "slope_deg": 1.7964213810407137, "historical_event_count": 0, "historical_data_available": true, "max_daily_rainfall_factor": 0.2271689497716895, "max_3day_rainfall_factor": 0.6883561643835616, "low_elevation_factor": 0.3972602739726027, "low_slope_factor": 0.3698630136986301, "low_lying": false, "historical_factor": 0.4634703196347032, "max_daily_rainfall_contribution": 4.732686453576865, "max_3day_rainfall_contribution": 14.340753424657535, "low_elevation_contribution": 9.931506849315069, "low_slope_contribution": 6.164383561643835, "historical_contribution": 7.724505327245054, "risk_score": 43, "risk_class": "MODERATE"}, "geometry": {"type": "Polygon", "coordinates": [[[79.14342656789151, 21.1216472540589], [79.14331411510275, 21.130678000979444], [79.15293944090097, 21.130783262261485], [79.15305131152837, 21.121752466153385], [79.14342656789151, 21.1216472540589]]]}}, {"type": "Feature", "properties": {"zone_id": "Z325", "rainfall_mm": 1155.523167019, "max_daily_rainfall_mm": 42.9932, "max_3day_rainfall_mm": 107.58183, "elevation_m": 291.0, "slope_deg": 2.409567339030629, "historical_event_count": 0, "historical_data_available": true, "max_daily_rainfall_factor": 0.2271689497716895, "max_3day_rainfall_factor": 0.6883561643835616, "low_elevation_factor": 0.7203196347031964, "low_slope_factor": 0.2363013698630137, "low_lying": false, "historical_factor": 0.4634703196347032, "max_daily_rainfall_contribution": 4.732686453576865, "max_3day_rainfall_contribution": 14.340753424657535, "low_elevation_contribution": 18.00799086757991, "low_slope_contribution": 3.938356164383562, "historical_contribution": 7.724505327245054, "risk_score": 49, "risk_class": "MODERATE"}, "geometry": {"type": "Polygon", "coordinates": [[[79.14331411510275, 21.130678000979444], [79.14320160281713, 21.139708737707586], [79.15282751108454, 21.139814048182945], [79.15293944090097, 21.130783262261485], [79.14331411510275, 21.130678000979444]]]}}, {"type": "Feature", "properties": {"zone_id": "Z326", "rainfall_mm": 1155.523167019, "max_daily_rainfall_mm": 42.9932, "max_3day_rainfall_mm": 107.58183, "elevation_m": 288.0, "slope_deg": 1.136347105590608, "historical_event_count": 0, "historical_data_available": true, "max_daily_rainfall_factor": 0.2271689497716895, "max_3day_rainfall_factor": 0.6883561643835616, "low_elevation_factor": 0.7990867579908676, "low_slope_factor": 0.6643835616438356, "low_lying": true, "historical_factor": 0.4634703196347032, "max_daily_rainfall_contribution": 4.732686453576865, "max_3day_rainfall_contribution": 14.340753424657535, "low_elevation_contribution": 19.97716894977169, "low_slope_contribution": 11.073059360730594, "historical_contribution": 7.724505327245054, "risk_score": 58, "risk_class": "HIGH"}, "geometry": {"type": "Polygon", "coordinates": [[[79.14320160281713, 21.139708737707586], [79.14308903101829, 21.148739464239657], [79.15271552206288, 21.148844823914104], [79.15282751108454, 21.139814048182945], [79.14320160281713, 21.139708737707586]]]}}, {"type": "Feature", "properties": {"zone_id": "Z327", "rainfall_mm": 1172.7594244069, "max_daily_rainfall_mm": 45.67858, "max_3day_rainfall_mm": 106.38938999999999, "elevation_m": 291.0, "slope_deg": 1.6069044726299722, "historical_event_count": 0, "historical_data_available": true, "max_daily_rainfall_factor": 0.526255707762557, "max_3day_rainfall_factor": 0.5536529680365296, "low_elevation_factor": 0.7203196347031964, "low_slope_factor": 0.5273972602739726, "low_lying": false, "historical_factor": 0.4634703196347032, "max_daily_rainfall_contribution": 10.963660578386607, "max_3day_rainfall_contribution": 11.534436834094368, "low_elevation_contribution": 18.00799086757991, "low_slope_contribution": 8.789954337899545, "historical_contribution": 7.724505327245054, "risk_score": 57, "risk_class": "HIGH"}, "geometry": {"type": "Polygon", "coordinates": [[[79.14308903101829, 21.148739464239657], [79.14297639968996, 21.157770180571998], [79.15260347381972, 21.157875589451297], [79.15271552206288, 21.148844823914104], [79.14308903101829, 21.148739464239657]]]}}, {"type": "Feature", "properties": {"zone_id": "Z328", "rainfall_mm": 1172.7594244069, "max_daily_rainfall_mm": 45.67858, "max_3day_rainfall_mm": 106.38938999999999, "elevation_m": 290.0, "slope_deg": 2.5397161746466046, "historical_event_count": 1, "historical_data_available": true, "max_daily_rainfall_factor": 0.526255707762557, "max_3day_rainfall_factor": 0.5536529680365296, "low_elevation_factor": 0.7442922374429224, "low_slope_factor": 0.1632420091324201, "low_lying": true, "historical_factor": 0.958904109589041, "max_daily_rainfall_contribution": 10.963660578386607, "max_3day_rainfall_contribution": 11.534436834094368, "low_elevation_contribution": 18.60730593607306, "low_slope_contribution": 2.720700152207002, "historical_contribution": 15.981735159817353, "risk_score": 60, "risk_class": "HIGH"}, "geometry": {"type": "Polygon", "coordinates": [[[79.14297639968996, 21.157770180571998], [79.1428637088158, 21.16680088670095], [79.15249136633886, 21.166906344790885], [79.15260347381972, 21.157875589451297], [79.14297639968996, 21.157770180571998]]]}}, {"type": "Feature", "properties": {"zone_id": "Z329", "rainfall_mm": 1172.7594244069, "max_daily_rainfall_mm": 45.67858, "max_3day_rainfall_mm": 106.38938999999999, "elevation_m": 292.0, "slope_deg": 1.136347105590608, "historical_event_count": 0, "historical_data_available": true, "max_daily_rainfall_factor": 0.526255707762557, "max_3day_rainfall_factor": 0.5536529680365296, "low_elevation_factor": 0.6974885844748858, "low_slope_factor": 0.6643835616438356, "low_lying": false, "historical_factor": 0.4634703196347032, "max_daily_rainfall_contribution": 10.963660578386607, "max_3day_rainfall_contribution": 11.534436834094368, "low_elevation_contribution": 17.437214611872147, "low_slope_contribution": 11.073059360730594, "historical_contribution": 7.724505327245054, "risk_score": 59, "risk_class": "HIGH"}, "geometry": {"type": "Polygon", "coordinates": [[[79.1428637088158, 21.16680088670095], [79.14275095837945, 21.175831582622866], [79.15237919960403, 21.175937089929203], [79.15249136633886, 21.166906344790885], [79.1428637088158, 21.16680088670095]]]}}, {"type": "Feature", "properties": {"zone_id": "Z330", "rainfall_mm": 1172.7594244069, "max_daily_rainfall_mm": 45.67858, "max_3day_rainfall_mm": 106.38938999999999, "elevation_m": 286.0, "slope_deg": 0.8036102593253973, "historical_event_count": 0, "historical_data_available": true, "max_daily_rainfall_factor": 0.526255707762557, "max_3day_rainfall_factor": 0.5536529680365296, "low_elevation_factor": 0.83675799086758, "low_slope_factor": 0.7796803652968036, "low_lying": true, "historical_factor": 0.4634703196347032, "max_daily_rainfall_contribution": 10.963660578386607, "max_3day_rainfall_contribution": 11.534436834094368, "low_elevation_contribution": 20.918949771689498, "low_slope_contribution": 12.994672754946729, "historical_contribution": 7.724505327245054, "risk_score": 64, "risk_class": "HIGH"}, "geometry": {"type": "Polygon", "coordinates": [[[79.14275095837945, 21.175831582622866], [79.14263814836461, 21.18486226833408], [79.15226697359898, 21.184967824862607], [79.15237919960403, 21.175937089929203], [79.14275095837945, 21.175831582622866]]]}}, {"type": "Feature", "properties": {"zone_id": "Z331", "rainfall_mm": 1172.7594244069, "max_daily_rainfall_mm": 45.67858, "max_3day_rainfall_mm": 106.38938999999999, "elevation_m": 289.0, "slope_deg": 0.8035325853473997, "historical_event_count": 0, "historical_data_available": true, "max_daily_rainfall_factor": 0.526255707762557, "max_3day_rainfall_factor": 0.5536529680365296, "low_elevation_factor": 0.771689497716895, "low_slope_factor": 0.8710045662100456, "low_lying": true, "historical_factor": 0.4634703196347032, "max_daily_rainfall_contribution": 10.963660578386607, "max_3day_rainfall_contribution": 11.534436834094368, "low_elevation_contribution": 19.292237442922374, "low_slope_contribution": 14.516742770167427, "historical_contribution": 7.724505327245054, "risk_score": 64, "risk_class": "HIGH"}, "geometry": {"type": "Polygon", "coordinates": [[[79.14263814836461, 21.18486226833408], [79.1425252787549, 21.193892943830942], [79.15215468830743, 21.19399854958744], [79.15226697359898, 21.184967824862607], [79.14263814836461, 21.18486226833408]]]}}, {"type": "Feature", "properties": {"zone_id": "Z332", "rainfall_mm": 1172.7594244069, "max_daily_rainfall_mm": 45.67858, "max_3day_rainfall_mm": 106.38938999999999, "elevation_m": 296.0, "slope_deg": 0.8035325853473997, "historical_event_count": 0, "historical_data_available": true, "max_daily_rainfall_factor": 0.526255707762557, "max_3day_rainfall_factor": 0.5536529680365296, "low_elevation_factor": 0.6004566210045662, "low_slope_factor": 0.8710045662100456, "low_lying": false, "historical_factor": 0.4634703196347032, "max_daily_rainfall_contribution": 10.963660578386607, "max_3day_rainfall_contribution": 11.534436834094368, "low_elevation_contribution": 15.011415525114154, "low_slope_contribution": 14.516742770167427, "historical_contribution": 7.724505327245054, "risk_score": 60, "risk_class": "HIGH"}, "geometry": {"type": "Polygon", "coordinates": [[[79.1425252787549, 21.193892943830942], [79.14241234953394, 21.202923609109796], [79.1520423437131, 21.203029264100064], [79.15215468830743, 21.19399854958744], [79.1425252787549, 21.193892943830942]]]}}, {"type": "Feature", "properties": {"zone_id": "Z333", "rainfall_mm": 1188.6490393040276, "max_daily_rainfall_mm": 49.975224, "max_3day_rainfall_mm": 99.950448, "elevation_m": 295.0, "slope_deg": 1.7964213810407137, "historical_event_count": 0, "historical_data_available": true, "max_daily_rainfall_factor": 0.7728310502283106, "max_3day_rainfall_factor": 0.3025114155251142, "low_elevation_factor": 0.6221461187214612, "low_slope_factor": 0.3698630136986301, "low_lying": false, "historical_factor": 0.4634703196347032, "max_daily_rainfall_contribution": 16.10064687975647, "max_3day_rainfall_contribution": 6.302321156773213, "low_elevation_contribution": 15.55365296803653, "low_slope_contribution": 6.164383561643835, "historical_contribution": 7.724505327245054, "risk_score": 52, "risk_class": "MODERATE"}, "geometry": {"type": "Polygon", "coordinates": [[[79.14241234953394, 21.202923609109796], [79.14229936068539, 21.21195426416699], [79.1519299397997, 21.212059968396805], [79.1520423437131, 21.203029264100064], [79.14241234953394, 21.202923609109796]]]}}, {"type": "Feature", "properties": {"zone_id": "Z334", "rainfall_mm": 1188.6490393040276, "max_daily_rainfall_mm": 49.975224, "max_3day_rainfall_mm": 99.950448, "elevation_m": 292.0, "slope_deg": 2.895095406089006, "historical_event_count": 0, "historical_data_available": true, "max_daily_rainfall_factor": 0.7728310502283106, "max_3day_rainfall_factor": 0.3025114155251142, "low_elevation_factor": 0.6974885844748858, "low_slope_factor": 0.1095890410958904, "low_lying": false, "historical_factor": 0.4634703196347032, "max_daily_rainfall_contribution": 16.10064687975647, "max_3day_rainfall_contribution": 6.302321156773213, "low_elevation_contribution": 17.437214611872147, "low_slope_contribution": 1.8264840182648403, "historical_contribution": 7.724505327245054, "risk_score": 49, "risk_class": "MODERATE"}, "geometry": {"type": "Polygon", "coordinates": [[[79.14229936068539, 21.21195426416699], [79.1421863121928, 21.220984908998865], [79.1518174765509, 21.22109066247403], [79.1519299397997, 21.212059968396805], [79.14229936068539, 21.21195426416699]]]}}, {"type": "Feature", "properties": {"zone_id": "Z335", "rainfall_mm": 1188.6490393040276, "max_daily_rainfall_mm": 49.975224, "max_3day_rainfall_mm": 99.950448, "elevation_m": 292.0, "slope_deg": 2.2718009544716, "historical_event_count": 0, "historical_data_available": true, "max_daily_rainfall_factor": 0.7728310502283106, "max_3day_rainfall_factor": 0.3025114155251142, "low_elevation_factor": 0.6974885844748858, "low_slope_factor": 0.2865296803652968, "low_lying": false, "historical_factor": 0.4634703196347032, "max_daily_rainfall_contribution": 16.10064687975647, "max_3day_rainfall_contribution": 6.302321156773213, "low_elevation_contribution": 17.437214611872147, "low_slope_contribution": 4.775494672754947, "historical_contribution": 7.724505327245054, "risk_score": 52, "risk_class": "MODERATE"}, "geometry": {"type": "Polygon", "coordinates": [[[79.1518174765509, 21.22109066247403], [79.1421863121928, 21.220984908998865], [79.14207320403983, 21.230015543601784], [79.14286017114573, 21.230024208897085], [79.15170619552286, 21.230021727961088], [79.1518174765509, 21.22109066247403]]]}}, {"type": "Feature", "properties": {"zone_id": "Z336", "rainfall_mm": 1188.6490393040276, "max_daily_rainfall_mm": 49.975224, "max_3day_rainfall_mm": 99.950448, "elevation_m": 295.0, "slope_deg": 1.7964213810407137, "historical_event_count": 0, "historical_data_available": true, "max_daily_rainfall_factor": 0.7728310502283106, "max_3day_rainfall_factor": 0.3025114155251142, "low_elevation_factor": 0.6221461187214612, "low_slope_factor": 0.3698630136986301, "low_lying": false, "historical_factor": 0.4634703196347032, "max_daily_rainfall_contribution": 16.10064687975647, "max_3day_rainfall_contribution": 6.302321156773213, "low_elevation_contribution": 15.55365296803653, "low_slope_contribution": 6.164383561643835, "historical_contribution": 7.724505327245054, "risk_score": 52, "risk_class": "MODERATE"}, "geometry": {"type": "Polygon", "coordinates": [[[79.14207320403983, 21.230015543601784], [79.14207309299499, 21.230024407153774], [79.14286017114573, 21.230024208897085], [79.14207320403983, 21.230015543601784]]]}}, {"type": "Feature", "properties": {"zone_id": "Z337", "rainfall_mm": 1148.143908243, "max_daily_rainfall_mm": 56.800682, "max_3day_rainfall_mm": 123.306512, "elevation_m": 280.0, "slope_deg": 1.7963172523867896, "historical_event_count": 0, "historical_data_available": true, "max_daily_rainfall_factor": 0.9668949771689498, "max_3day_rainfall_factor": 0.884703196347032, "low_elevation_factor": 0.9509132420091324, "low_slope_factor": 0.4668949771689498, "low_lying": true, "historical_factor": 0.4634703196347032, "max_daily_rainfall_contribution": 20.143645357686456, "max_3day_rainfall_contribution": 18.431316590563167, "low_elevation_contribution": 23.77283105022831, "low_slope_contribution": 7.78158295281583, "historical_contribution": 7.724505327245054, "risk_score": 78, "risk_class": "CRITICAL"}, "geometry": {"type": "Polygon", "coordinates": [[[79.15383274998749, 21.058536608477837], [79.16345348616775, 21.05864093203379], [79.16355930440652, 21.05001755462106], [79.1539377947566, 21.050020884316112], [79.15383274998749, 21.058536608477837]]]}}, {"type": "Feature", "properties": {"zone_id": "Z338", "rainfall_mm": 1148.143908243, "max_daily_rainfall_mm": 56.800682, "max_3day_rainfall_mm": 123.306512, "elevation_m": 280.0, "slope_deg": 0.8035325853473997, "historical_event_count": 0, "historical_data_available": true, "max_daily_rainfall_factor": 0.9668949771689498, "max_3day_rainfall_factor": 0.884703196347032, "low_elevation_factor": 0.9509132420091324, "low_slope_factor": 0.8710045662100456, "low_lying": true, "historical_factor": 0.4634703196347032, "max_daily_rainfall_contribution": 20.143645357686456, "max_3day_rainfall_contribution": 18.431316590563167, "low_elevation_contribution": 23.77283105022831, "low_slope_contribution": 14.516742770167427, "historical_contribution": 7.724505327245054, "risk_score": 85, "risk_class": "CRITICAL"}, "geometry": {"type": "Polygon", "coordinates": [[[79.15383274998749, 21.058536608477837], [79.15372129323008, 21.06756747579003], [79.16334260943512, 21.06767184823822], [79.16345348616775, 21.05864093203379], [79.15383274998749, 21.058536608477837]]]}}, {"type": "Feature", "properties": {"zone_id": "Z339", "rainfall_mm": 1148.143908243, "max_daily_rainfall_mm": 56.800682, "max_3day_rainfall_mm": 123.306512, "elevation_m": 281.0, "slope_deg": 0.0, "historical_event_count": 0, "historical_data_available": true, "max_daily_rainfall_factor": 0.9668949771689498, "max_3day_rainfall_factor": 0.884703196347032, "low_elevation_factor": 0.934931506849315, "low_slope_factor": 0.9600456621004566, "low_lying": true, "historical_factor": 0.4634703196347032, "max_daily_rainfall_contribution": 20.143645357686456, "max_3day_rainfall_contribution": 18.431316590563167, "low_elevation_contribution": 23.373287671232877, "low_slope_contribution": 16.00076103500761, "historical_contribution": 7.724505327245054, "risk_score": 86, "risk_class": "CRITICAL"}, "geometry": {"type": "Polygon", "coordinates": [[[79.15372129323008, 21.06756747579003], [79.15360977739685, 21.076598332941195], [79.16323167393396, 21.07670275428733], [79.16334260943512, 21.06767184823822], [79.15372129323008, 21.06756747579003]]]}}, {"type": "Feature", "properties": {"zone_id": "Z340", "rainfall_mm": 1148.143908243, "max_daily_rainfall_mm": 56.800682, "max_3day_rainfall_mm": 123.306512, "elevation_m": 285.0, "slope_deg": 1.6069044726299722, "historical_event_count": 0, "historical_data_available": true, "max_daily_rainfall_factor": 0.9668949771689498, "max_3day_rainfall_factor": 0.884703196347032, "low_elevation_factor": 0.8573059360730594, "low_slope_factor": 0.5273972602739726, "low_lying": true, "historical_factor": 0.4634703196347032, "max_daily_rainfall_contribution": 20.143645357686456, "max_3day_rainfall_contribution": 18.431316590563167, "low_elevation_contribution": 21.432648401826484, "low_slope_contribution": 8.789954337899545, "historical_contribution": 7.724505327245054, "risk_score": 77, "risk_class": "CRITICAL"}, "geometry": {"type": "Polygon", "coordinates": [[[79.15360977739685, 21.076598332941195], [79.1534982024717, 21.08562917992766], [79.16312067964824, 21.085733650177463], [79.16323167393396, 21.07670275428733], [79.15360977739685, 21.076598332941195]]]}}, {"type": "Feature", "properties": {"zone_id": "Z341", "rainfall_mm": 1148.143908243, "max_daily_rainfall_mm": 56.800682, "max_3day_rainfall_mm": 123.306512, "elevation_m": 277.0, "slope_deg": 1.7964213810407137, "historical_event_count": 0, "historical_data_available": true, "max_daily_rainfall_factor": 0.9668949771689498, "max_3day_rainfall_factor": 0.884703196347032, "low_elevation_factor": 0.9748858447488584, "low_slope_factor": 0.3698630136986301, "low_lying": true, "historical_factor": 0.4634703196347032, "max_daily_rainfall_contribution": 20.143645357686456, "max_3day_rainfall_contribution": 18.431316590563167, "low_elevation_contribution": 24.37214611872146, "low_slope_contribution": 6.164383561643835, "historical_contribution": 7.724505327245054, "risk_score": 77, "risk_class": "CRITICAL"}, "geometry": {"type": "Polygon", "coordinates": [[[79.1534982024717, 21.08562917992766], [79.15338656843844, 21.09466001674577], [79.16300962656187, 21.09476453590495], [79.16312067964824, 21.085733650177463], [79.1534982024717, 21.08562917992766]]]}}, {"type": "Feature", "properties": {"zone_id": "Z342", "rainfall_mm": 1148.143908243, "max_daily_rainfall_mm": 56.800682, "max_3day_rainfall_mm": 123.306512, "elevation_m": 282.0, "slope_deg": 2.539520020526714, "historical_event_count": 0, "historical_data_available": true, "max_daily_rainfall_factor": 0.9668949771689498, "max_3day_rainfall_factor": 0.884703196347032, "low_elevation_factor": 0.9200913242009132, "low_slope_factor": 0.2054794520547945, "low_lying": true, "historical_factor": 0.4634703196347032, "max_daily_rainfall_contribution": 20.143645357686456, "max_3day_rainfall_contribution": 18.431316590563167, "low_elevation_contribution": 23.00228310502283, "low_slope_contribution": 3.4246575342465753, "historical_contribution": 7.724505327245054, "risk_score": 73, "risk_class": "HIGH"}, "geometry": {"type": "Polygon", "coordinates": [[[79.15338656843844, 21.09466001674577], [79.15327487528091, 21.103690843391863], [79.16289851465878, 21.103795411466145], [79.16300962656187, 21.09476453590495], [79.15338656843844, 21.09466001674577]]]}}, {"type": "Feature", "properties": {"zone_id": "Z343", "rainfall_mm": 1173.59860242, "max_daily_rainfall_mm": 41.97435, "max_3day_rainfall_mm": 105.59338799999999, "elevation_m": 284.0, "slope_deg": 1.7963172523867896, "historical_event_count": 0, "historical_data_available": true, "max_daily_rainfall_factor": 0.09817351598173515, "max_3day_rainfall_factor": 0.4908675799086758, "low_elevation_factor": 0.8881278538812786, "low_slope_factor": 0.4668949771689498, "low_lying": true, "historical_factor": 0.4634703196347032, "max_daily_rainfall_contribution": 2.045281582952816, "max_3day_rainfall_contribution": 10.22640791476408, "low_elevation_contribution": 22.203196347031966, "low_slope_contribution": 7.78158295281583, "historical_contribution": 7.724505327245054, "risk_score": 50, "risk_class": "MODERATE"}, "geometry": {"type": "Polygon", "coordinates": [[[79.15327487528091, 21.103690843391863], [79.15316312298296, 21.11272165986229], [79.16278734392287, 21.112826276857398], [79.16289851465878, 21.103795411466145], [79.15327487528091, 21.103690843391863]]]}}, {"type": "Feature", "properties": {"zone_id": "Z344", "rainfall_mm": 1173.59860242, "max_daily_rainfall_mm": 41.97435, "max_3day_rainfall_mm": 105.59338799999999, "elevation_m": 294.0, "slope_deg": 1.7964213810407137, "historical_event_count": 0, "historical_data_available": true, "max_daily_rainfall_factor": 0.09817351598173515, "max_3day_rainfall_factor": 0.4908675799086758, "low_elevation_factor": 0.6472602739726028, "low_slope_factor": 0.3698630136986301, "low_lying": false, "historical_factor": 0.4634703196347032, "max_daily_rainfall_contribution": 2.045281582952816, "max_3day_rainfall_contribution": 10.22640791476408, "low_elevation_contribution": 16.18150684931507, "low_slope_contribution": 6.164383561643835, "historical_contribution": 7.724505327245054, "risk_score": 42, "risk_class": "MODERATE"}, "geometry": {"type": "Polygon", "coordinates": [[[79.15316312298296, 21.11272165986229], [79.15305131152837, 21.121752466153385], [79.16267611433805, 21.121857132075043], [79.16278734392287, 21.112826276857398], [79.15316312298296, 21.11272165986229]]]}}, {"type": "Feature", "properties": {"zone_id": "Z345", "rainfall_mm": 1173.59860242, "max_daily_rainfall_mm": 41.97435, "max_3day_rainfall_mm": 105.59338799999999, "elevation_m": 298.0, "slope_deg": 2.894987945295464, "historical_event_count": 0, "historical_data_available": true, "max_daily_rainfall_factor": 0.09817351598173515, "max_3day_rainfall_factor": 0.4908675799086758, "low_elevation_factor": 0.5570776255707762, "low_slope_factor": 0.1324200913242009, "low_lying": false, "historical_factor": 0.4634703196347032, "max_daily_rainfall_contribution": 2.045281582952816, "max_3day_rainfall_contribution": 10.22640791476408, "low_elevation_contribution": 13.926940639269406, "low_slope_contribution": 2.207001522070015, "historical_contribution": 7.724505327245054, "risk_score": 36, "risk_class": "MODERATE"}, "geometry": {"type": "Polygon", "coordinates": [[[79.15305131152837, 21.121752466153385], [79.15293944090097, 21.130783262261485], [79.1625648258882, 21.130887977115425], [79.16267611433805, 21.121857132075043], [79.15305131152837, 21.121752466153385]]]}}, {"type": "Feature", "properties": {"zone_id": "Z346", "rainfall_mm": 1173.59860242, "max_daily_rainfall_mm": 41.97435, "max_3day_rainfall_mm": 105.59338799999999, "elevation_m": 303.0, "slope_deg": 1.6069044726299722, "historical_event_count": 0, "historical_data_available": true, "max_daily_rainfall_factor": 0.09817351598173515, "max_3day_rainfall_factor": 0.4908675799086758, "low_elevation_factor": 0.4531963470319635, "low_slope_factor": 0.5273972602739726, "low_lying": false, "historical_factor": 0.4634703196347032, "max_daily_rainfall_contribution": 2.045281582952816, "max_3day_rainfall_contribution": 10.22640791476408, "low_elevation_contribution": 11.329908675799087, "low_slope_contribution": 8.789954337899545, "historical_contribution": 7.724505327245054, "risk_score": 40, "risk_class": "MODERATE"}, "geometry": {"type": "Polygon", "coordinates": [[[79.15293944090097, 21.130783262261485], [79.15282751108454, 21.139814048182945], [79.1624534785572, 21.139918811974898], [79.1625648258882, 21.130887977115425], [79.15293944090097, 21.130783262261485]]]}}, {"type": "Feature", "properties": {"zone_id": "Z347", "rainfall_mm": 1173.59860242, "max_daily_rainfall_mm": 41.97435, "max_3day_rainfall_mm": 105.59338799999999, "elevation_m": 295.0, "slope_deg": 0.0, "historical_event_count": 0, "historical_data_available": true, "max_daily_rainfall_factor": 0.09817351598173515, "max_3day_rainfall_factor": 0.4908675799086758, "low_elevation_factor": 0.6221461187214612, "low_slope_factor": 0.9600456621004566, "low_lying": false, "historical_factor": 0.4634703196347032, "max_daily_rainfall_contribution": 2.045281582952816, "max_3day_rainfall_contribution": 10.22640791476408, "low_elevation_contribution": 15.55365296803653, "low_slope_contribution": 16.00076103500761, "historical_contribution": 7.724505327245054, "risk_score": 52, "risk_class": "MODERATE"}, "geometry": {"type": "Polygon", "coordinates": [[[79.15282751108454, 21.139814048182945], [79.15271552206288, 21.148844823914104], [79.1623420723289, 21.148949636649803], [79.1624534785572, 21.139918811974898], [79.15282751108454, 21.139814048182945]]]}}, {"type": "Feature", "properties": {"zone_id": "Z348", "rainfall_mm": 1194.099920523283, "max_daily_rainfall_mm": 44.55817, "max_3day_rainfall_mm": 106.68683999999999, "elevation_m": 285.0, "slope_deg": 0.8035325853473997, "historical_event_count": 0, "historical_data_available": true, "max_daily_rainfall_factor": 0.4006849315068493, "max_3day_rainfall_factor": 0.6221461187214612, "low_elevation_factor": 0.8573059360730594, "low_slope_factor": 0.8710045662100456, "low_lying": true, "historical_factor": 0.4634703196347032, "max_daily_rainfall_contribution": 8.347602739726028, "max_3day_rainfall_contribution": 12.961377473363777, "low_elevation_contribution": 21.432648401826484, "low_slope_contribution": 14.516742770167427, "historical_contribution": 7.724505327245054, "risk_score": 65, "risk_class": "HIGH"}, "geometry": {"type": "Polygon", "coordinates": [[[79.15271552206288, 21.148844823914104], [79.15260347381972, 21.157875589451297], [79.16223060718718, 21.157980451136503], [79.1623420723289, 21.148949636649803], [79.15271552206288, 21.148844823914104]]]}}, {"type": "Feature", "properties": {"zone_id": "Z349", "rainfall_mm": 1194.099920523283, "max_daily_rainfall_mm": 44.55817, "max_3day_rainfall_mm": 106.68683999999999, "elevation_m": 287.0, "slope_deg": 2.5397161746466046, "historical_event_count": 0, "historical_data_available": true, "max_daily_rainfall_factor": 0.4006849315068493, "max_3day_rainfall_factor": 0.6221461187214612, "low_elevation_factor": 0.821917808219178, "low_slope_factor": 0.1632420091324201, "low_lying": true, "historical_factor": 0.4634703196347032, "max_daily_rainfall_contribution": 8.347602739726028, "max_3day_rainfall_contribution": 12.961377473363777, "low_elevation_contribution": 20.54794520547945, "low_slope_contribution": 2.720700152207002, "historical_contribution": 7.724505327245054, "risk_score": 52, "risk_class": "MODERATE"}, "geometry": {"type": "Polygon", "coordinates": [[[79.15260347381972, 21.157875589451297], [79.15249136633886, 21.166906344790885], [79.1621190831159, 21.167011255431323], [79.16223060718718, 21.157980451136503], [79.15260347381972, 21.157875589451297]]]}}, {"type": "Feature", "properties": {"zone_id": "Z350", "rainfall_mm": 1194.099920523283, "max_daily_rainfall_mm": 44.55817, "max_3day_rainfall_mm": 106.68683999999999, "elevation_m": 289.0, "slope_deg": 1.7964213810407137, "historical_event_count": 0, "historical_data_available": true, "max_daily_rainfall_factor": 0.4006849315068493, "max_3day_rainfall_factor": 0.6221461187214612, "low_elevation_factor": 0.771689497716895, "low_slope_factor": 0.3698630136986301, "low_lying": true, "historical_factor": 0.4634703196347032, "max_daily_rainfall_contribution": 8.347602739726028, "max_3day_rainfall_contribution": 12.961377473363777, "low_elevation_contribution": 19.292237442922374, "low_slope_contribution": 6.164383561643835, "historical_contribution": 7.724505327245054, "risk_score": 54, "risk_class": "MODERATE"}, "geometry": {"type": "Polygon", "coordinates": [[[79.15249136633886, 21.166906344790885], [79.15237919960403, 21.175937089929203], [79.16200750009884, 21.17604204953063], [79.1621190831159, 21.167011255431323], [79.15249136633886, 21.166906344790885]]]}}, {"type": "Feature", "properties": {"zone_id": "Z351", "rainfall_mm": 1194.099920523283, "max_daily_rainfall_mm": 44.55817, "max_3day_rainfall_mm": 106.68683999999999, "elevation_m": 284.0, "slope_deg": 2.2718009544716, "historical_event_count": 0, "historical_data_available": true, "max_daily_rainfall_factor": 0.4006849315068493, "max_3day_rainfall_factor": 0.6221461187214612, "low_elevation_factor": 0.8881278538812786, "low_slope_factor": 0.2865296803652968, "low_lying": true, "historical_factor": 0.4634703196347032, "max_daily_rainfall_contribution": 8.347602739726028, "max_3day_rainfall_contribution": 12.961377473363777, "low_elevation_contribution": 22.203196347031966, "low_slope_contribution": 4.775494672754947, "historical_contribution": 7.724505327245054, "risk_score": 56, "risk_class": "HIGH"}, "geometry": {"type": "Polygon", "coordinates": [[[79.15237919960403, 21.175937089929203], [79.15226697359898, 21.184967824862607], [79.16189585811985, 21.185072833430766], [79.16200750009884, 21.17604204953063], [79.15237919960403, 21.175937089929203]]]}}, {"type": "Feature", "properties": {"zone_id": "Z352", "rainfall_mm": 1194.099920523283, "max_daily_rainfall_mm": 44.55817, "max_3day_rainfall_mm": 106.68683999999999, "elevation_m": 293.0, "slope_deg": 0.0, "historical_event_count": 0, "historical_data_available": true, "max_daily_rainfall_factor": 0.4006849315068493, "max_3day_rainfall_factor": 0.6221461187214612, "low_elevation_factor": 0.6723744292237442, "low_slope_factor": 0.9600456621004566, "low_lying": false, "historical_factor": 0.4634703196347032, "max_daily_rainfall_contribution": 8.347602739726028, "max_3day_rainfall_contribution": 12.961377473363777, "low_elevation_contribution": 16.809360730593607, "low_slope_contribution": 16.00076103500761, "historical_contribution": 7.724505327245054, "risk_score": 62, "risk_class": "HIGH"}, "geometry": {"type": "Polygon", "coordinates": [[[79.15226697359898, 21.184967824862607], [79.15215468830743, 21.19399854958744], [79.16178415716276, 21.194103607128095], [79.16189585811985, 21.185072833430766], [79.15226697359898, 21.184967824862607]]]}}, {"type": "Feature", "properties": {"zone_id": "Z353", "rainfall_mm": 1194.099920523283, "max_daily_rainfall_mm": 44.55817, "max_3day_rainfall_mm": 106.68683999999999, "elevation_m": 297.0, "slope_deg": 0.8036102593253973, "historical_event_count": 0, "historical_data_available": true, "max_daily_rainfall_factor": 0.4006849315068493, "max_3day_rainfall_factor": 0.6221461187214612, "low_elevation_factor": 0.5787671232876712, "low_slope_factor": 0.7796803652968036, "low_lying": false, "historical_factor": 0.4634703196347032, "max_daily_rainfall_contribution": 8.347602739726028, "max_3day_rainfall_contribution": 12.961377473363777, "low_elevation_contribution": 14.46917808219178, "low_slope_contribution": 12.994672754946729, "historical_contribution": 7.724505327245054, "risk_score": 56, "risk_class": "HIGH"}, "geometry": {"type": "Polygon", "coordinates": [[[79.15215468830743, 21.19399854958744], [79.1520423437131, 21.203029264100064], [79.16167239721133, 21.20313437061896], [79.16178415716276, 21.194103607128095], [79.15215468830743, 21.19399854958744]]]}}, {"type": "Feature", "properties": {"zone_id": "Z354", "rainfall_mm": 1195.6191144235, "max_daily_rainfall_mm": 48.440636, "max_3day_rainfall_mm": 96.881272, "elevation_m": 293.0, "slope_deg": 0.8036102593253973, "historical_event_count": 0, "historical_data_available": true, "max_daily_rainfall_factor": 0.730593607305936, "max_3day_rainfall_factor": 0.02054794520547945, "low_elevation_factor": 0.6723744292237442, "low_slope_factor": 0.7796803652968036, "low_lying": false, "historical_factor": 0.4634703196347032, "max_daily_rainfall_contribution": 15.220700152207002, "max_3day_rainfall_contribution": 0.42808219178082196, "low_elevation_contribution": 16.809360730593607, "low_slope_contribution": 12.994672754946729, "historical_contribution": 7.724505327245054, "risk_score": 53, "risk_class": "MODERATE"}, "geometry": {"type": "Polygon", "coordinates": [[[79.1520423437131, 21.203029264100064], [79.1519299397997, 21.212059968396805], [79.1615605782494, 21.21216512389971], [79.16167239721133, 21.20313437061896], [79.1520423437131, 21.203029264100064]]]}}, {"type": "Feature", "properties": {"zone_id": "Z355", "rainfall_mm": 1195.6191144235, "max_daily_rainfall_mm": 48.440636, "max_3day_rainfall_mm": 96.881272, "elevation_m": 288.0, "slope_deg": 1.6069044726299722, "historical_event_count": 0, "historical_data_available": true, "max_daily_rainfall_factor": 0.730593607305936, "max_3day_rainfall_factor": 0.02054794520547945, "low_elevation_factor": 0.7990867579908676, "low_slope_factor": 0.5273972602739726, "low_lying": true, "historical_factor": 0.4634703196347032, "max_daily_rainfall_contribution": 15.220700152207002, "max_3day_rainfall_contribution": 0.42808219178082196, "low_elevation_contribution": 19.97716894977169, "low_slope_contribution": 8.789954337899545, "historical_contribution": 7.724505327245054, "risk_score": 52, "risk_class": "MODERATE"}, "geometry": {"type": "Polygon", "coordinates": [[[79.1519299397997, 21.212059968396805], [79.1518174765509, 21.22109066247403], [79.1614487002607, 21.22119586696671], [79.1615605782494, 21.21216512389971], [79.1519299397997, 21.212059968396805]]]}}, {"type": "Feature", "properties": {"zone_id": "Z356", "rainfall_mm": 1195.6191144235, "max_daily_rainfall_mm": 48.440636, "max_3day_rainfall_mm": 96.881272, "elevation_m": 294.0, "slope_deg": 0.8035325853473997, "historical_event_count": 0, "historical_data_available": true, "max_daily_rainfall_factor": 0.730593607305936, "max_3day_rainfall_factor": 0.02054794520547945, "low_elevation_factor": 0.6472602739726028, "low_slope_factor": 0.8710045662100456, "low_lying": false, "historical_factor": 0.4634703196347032, "max_daily_rainfall_contribution": 15.220700152207002, "max_3day_rainfall_contribution": 0.42808219178082196, "low_elevation_contribution": 16.18150684931507, "low_slope_contribution": 14.516742770167427, "historical_contribution": 7.724505327245054, "risk_score": 54, "risk_class": "MODERATE"}, "geometry": {"type": "Polygon", "coordinates": [[[79.1614487002607, 21.22119586696671], [79.1518174765509, 21.22109066247403], [79.15170619552286, 21.230021727961088], [79.16133934333814, 21.2300184983514], [79.1614487002607, 21.22119586696671]]]}}, {"type": "Feature", "properties": {"zone_id": "Z358", "rainfall_mm": 1148.143908243, "max_daily_rainfall_mm": 56.800682, "max_3day_rainfall_mm": 123.306512, "elevation_m": 281.0, "slope_deg": 2.894987945295464, "historical_event_count": 0, "historical_data_available": true, "max_daily_rainfall_factor": 0.9668949771689498, "max_3day_rainfall_factor": 0.884703196347032, "low_elevation_factor": 0.934931506849315, "low_slope_factor": 0.1324200913242009, "low_lying": true, "historical_factor": 0.4634703196347032, "max_daily_rainfall_contribution": 20.143645357686456, "max_3day_rainfall_contribution": 18.431316590563167, "low_elevation_contribution": 23.373287671232877, "low_slope_contribution": 2.207001522070015, "historical_contribution": 7.724505327245054, "risk_score": 72, "risk_class": "HIGH"}, "geometry": {"type": "Polygon", "coordinates": [[[79.16345348616775, 21.05864093203379], [79.17307428110051, 21.058744711189046], [79.17318085897324, 21.050013679605506], [79.16355930440652, 21.05001755462106], [79.16345348616775, 21.05864093203379]]]}}, {"type": "Feature", "properties": {"zone_id": "Z359", "rainfall_mm": 1148.143908243, "max_daily_rainfall_mm": 56.800682, "max_3day_rainfall_mm": 123.306512, "elevation_m": 278.0, "slope_deg": 2.5397161746466046, "historical_event_count": 0, "historical_data_available": true, "max_daily_rainfall_factor": 0.9668949771689498, "max_3day_rainfall_factor": 0.884703196347032, "low_elevation_factor": 0.9646118721461188, "low_slope_factor": 0.1632420091324201, "low_lying": true, "historical_factor": 0.4634703196347032, "max_daily_rainfall_contribution": 20.143645357686456, "max_3day_rainfall_contribution": 18.431316590563167, "low_elevation_contribution": 24.11529680365297, "low_slope_contribution": 2.720700152207002, "historical_contribution": 7.724505327245054, "risk_score": 73, "risk_class": "HIGH"}, "geometry": {"type": "Polygon", "coordinates": [[[79.16345348616775, 21.05864093203379], [79.16334260943512, 21.06767184823822], [79.17296398440868, 21.067775676030642], [79.17307428110051, 21.058744711189046], [79.16345348616775, 21.05864093203379]]]}}, {"type": "Feature", "properties": {"zone_id": "Z360", "rainfall_mm": 1148.143908243, "max_daily_rainfall_mm": 56.800682, "max_3day_rainfall_mm": 123.306512, "elevation_m": 277.0, "slope_deg": 0.8036102593253973, "historical_event_count": 0, "historical_data_available": true, "max_daily_rainfall_factor": 0.9668949771689498, "max_3day_rainfall_factor": 0.884703196347032, "low_elevation_factor": 0.9748858447488584, "low_slope_factor": 0.7796803652968036, "low_lying": true, "historical_factor": 0.4634703196347032, "max_daily_rainfall_contribution": 20.143645357686456, "max_3day_rainfall_contribution": 18.431316590563167, "low_elevation_contribution": 24.37214611872146, "low_slope_contribution": 12.994672754946729, "historical_contribution": 7.724505327245054, "risk_score": 84, "risk_class": "CRITICAL"}, "geometry": {"type": "Polygon", "coordinates": [[[79.16334260943512, 21.06767184823822], [79.16323167393396, 21.07670275428733], [79.17285362925566, 21.0768066307226], [79.17296398440868, 21.067775676030642], [79.16334260943512, 21.06767184823822]]]}}, {"type": "Feature", "properties": {"zone_id": "Z361", "rainfall_mm": 1148.143908243, "max_daily_rainfall_mm": 56.800682, "max_3day_rainfall_mm": 123.306512, "elevation_m": 283.0, "slope_deg": 0.0, "historical_event_count": 0, "historical_data_available": true, "max_daily_rainfall_factor": 0.9668949771689498, "max_3day_rainfall_factor": 0.884703196347032, "low_elevation_factor": 0.908675799086758, "low_slope_factor": 0.9600456621004566, "low_lying": true, "historical_factor": 0.4634703196347032, "max_daily_rainfall_contribution": 20.143645357686456, "max_3day_rainfall_contribution": 18.431316590563167, "low_elevation_contribution": 22.71689497716895, "low_slope_contribution": 16.00076103500761, "historical_contribution": 7.724505327245054, "risk_score": 85, "risk_class": "CRITICAL"}, "geometry": {"type": "Polygon", "coordinates": [[[79.16323167393396, 21.07670275428733], [79.16312067964824, 21.085733650177463], [79.17274321562543, 21.085837575261266], [79.17285362925566, 21.0768066307226], [79.16323167393396, 21.07670275428733]]]}}, {"type": "Feature", "properties": {"zone_id": "Z362", "rainfall_mm": 1148.143908243, "max_daily_rainfall_mm": 56.800682, "max_3day_rainfall_mm": 123.306512, "elevation_m": 279.0, "slope_deg": 2.2718009544716, "historical_event_count": 0, "historical_data_available": true, "max_daily_rainfall_factor": 0.9668949771689498, "max_3day_rainfall_factor": 0.884703196347032, "low_elevation_factor": 0.9600456621004566, "low_slope_factor": 0.2865296803652968, "low_lying": true, "historical_factor": 0.4634703196347032, "max_daily_rainfall_contribution": 20.143645357686456, "max_3day_rainfall_contribution": 18.431316590563167, "low_elevation_contribution": 24.001141552511417, "low_slope_contribution": 4.775494672754947, "historical_contribution": 7.724505327245054, "risk_score": 75, "risk_class": "HIGH"}, "geometry": {"type": "Polygon", "coordinates": [[[79.16312067964824, 21.085733650177463], [79.16300962656187, 21.09476453590495], [79.17263274350204, 21.094868509642975], [79.17274321562543, 21.085837575261266], [79.16312067964824, 21.085733650177463]]]}}, {"type": "Feature", "properties": {"zone_id": "Z363", "rainfall_mm": 1148.143908243, "max_daily_rainfall_mm": 56.800682, "max_3day_rainfall_mm": 123.306512, "elevation_m": 280.0, "slope_deg": 2.2718009544716, "historical_event_count": 0, "historical_data_available": true, "max_daily_rainfall_factor": 0.9668949771689498, "max_3day_rainfall_factor": 0.884703196347032, "low_elevation_factor": 0.9509132420091324, "low_slope_factor": 0.2865296803652968, "low_lying": true, "historical_factor": 0.4634703196347032, "max_daily_rainfall_contribution": 20.143645357686456, "max_3day_rainfall_contribution": 18.431316590563167, "low_elevation_contribution": 23.77283105022831, "low_slope_contribution": 4.775494672754947, "historical_contribution": 7.724505327245054, "risk_score": 75, "risk_class": "HIGH"}, "geometry": {"type": "Polygon", "coordinates": [[[79.16300962656187, 21.09476453590495], [79.16289851465878, 21.103795411466145], [79.17252221286945, 21.103899433864076], [79.17263274350204, 21.094868509642975], [79.16300962656187, 21.09476453590495]]]}}, {"type": "Feature", "properties": {"zone_id": "Z364", "rainfall_mm": 1173.59860242, "max_daily_rainfall_mm": 41.97435, "max_3day_rainfall_mm": 105.59338799999999, "elevation_m": 284.0, "slope_deg": 2.5397161746466046, "historical_event_count": 0, "historical_data_available": true, "max_daily_rainfall_factor": 0.09817351598173515, "max_3day_rainfall_factor": 0.4908675799086758, "low_elevation_factor": 0.8881278538812786, "low_slope_factor": 0.1632420091324201, "low_lying": true, "historical_factor": 0.4634703196347032, "max_daily_rainfall_contribution": 2.045281582952816, "max_3day_rainfall_contribution": 10.22640791476408, "low_elevation_contribution": 22.203196347031966, "low_slope_contribution": 2.720700152207002, "historical_contribution": 7.724505327245054, "risk_score": 45, "risk_class": "MODERATE"}, "geometry": {"type": "Polygon", "coordinates": [[[79.16289851465878, 21.103795411466145], [79.16278734392287, 21.112826276857398], [79.1724116237117, 21.11293034792093], [79.17252221286945, 21.103899433864076], [79.16289851465878, 21.103795411466145]]]}}, {"type": "Feature", "properties": {"zone_id": "Z365", "rainfall_mm": 1173.59860242, "max_daily_rainfall_mm": 41.97435, "max_3day_rainfall_mm": 105.59338799999999, "elevation_m": 285.0, "slope_deg": 0.0, "historical_event_count": 0, "historical_data_available": true, "max_daily_rainfall_factor": 0.09817351598173515, "max_3day_rainfall_factor": 0.4908675799086758, "low_elevation_factor": 0.8573059360730594, "low_slope_factor": 0.9600456621004566, "low_lying": true, "historical_factor": 0.4634703196347032, "max_daily_rainfall_contribution": 2.045281582952816, "max_3day_rainfall_contribution": 10.22640791476408, "low_elevation_contribution": 21.432648401826484, "low_slope_contribution": 16.00076103500761, "historical_contribution": 7.724505327245054, "risk_score": 57, "risk_class": "HIGH"}, "geometry": {"type": "Polygon", "coordinates": [[[79.16278734392287, 21.112826276857398], [79.16267611433805, 21.121857132075043], [79.17230097601275, 21.12196125180987], [79.1724116237117, 21.11293034792093], [79.16278734392287, 21.112826276857398]]]}}, {"type": "Feature", "properties": {"zone_id": "Z366", "rainfall_mm": 1173.59860242, "max_daily_rainfall_mm": 41.97435, "max_3day_rainfall_mm": 105.59338799999999, "elevation_m": 293.0, "slope_deg": 2.539520020526714, "historical_event_count": 0, "historical_data_available": true, "max_daily_rainfall_factor": 0.09817351598173515, "max_3day_rainfall_factor": 0.4908675799086758, "low_elevation_factor": 0.6723744292237442, "low_slope_factor": 0.2054794520547945, "low_lying": false, "historical_factor": 0.4634703196347032, "max_daily_rainfall_contribution": 2.045281582952816, "max_3day_rainfall_contribution": 10.22640791476408, "low_elevation_contribution": 16.809360730593607, "low_slope_contribution": 3.4246575342465753, "historical_contribution": 7.724505327245054, "risk_score": 40, "risk_class": "MODERATE"}, "geometry": {"type": "Polygon", "coordinates": [[[79.16267611433805, 21.121857132075043], [79.1625648258882, 21.130887977115425], [79.17219026975658, 21.13099214552726], [79.17230097601275, 21.12196125180987], [79.16267611433805, 21.121857132075043]]]}}, {"type": "Feature", "properties": {"zone_id": "Z367", "rainfall_mm": 1173.59860242, "max_daily_rainfall_mm": 41.97435, "max_3day_rainfall_mm": 105.59338799999999, "elevation_m": 298.0, "slope_deg": 1.136347105590608, "historical_event_count": 0, "historical_data_available": true, "max_daily_rainfall_factor": 0.09817351598173515, "max_3day_rainfall_factor": 0.4908675799086758, "low_elevation_factor": 0.5570776255707762, "low_slope_factor": 0.6643835616438356, "low_lying": false, "historical_factor": 0.4634703196347032, "max_daily_rainfall_contribution": 2.045281582952816, "max_3day_rainfall_contribution": 10.22640791476408, "low_elevation_contribution": 13.926940639269406, "low_slope_contribution": 11.073059360730594, "historical_contribution": 7.724505327245054, "risk_score": 45, "risk_class": "MODERATE"}, "geometry": {"type": "Polygon", "coordinates": [[[79.1625648258882, 21.130887977115425], [79.1624534785572, 21.139918811974898], [79.17207950492714, 21.140023029069436], [79.17219026975658, 21.13099214552726], [79.1625648258882, 21.130887977115425]]]}}, {"type": "Feature", "properties": {"zone_id": "Z368", "rainfall_mm": 1173.59860242, "max_daily_rainfall_mm": 41.97435, "max_3day_rainfall_mm": 105.59338799999999, "elevation_m": 296.0, "slope_deg": 1.7964213810407137, "historical_event_count": 0, "historical_data_available": true, "max_daily_rainfall_factor": 0.09817351598173515, "max_3day_rainfall_factor": 0.4908675799086758, "low_elevation_factor": 0.6004566210045662, "low_slope_factor": 0.3698630136986301, "low_lying": false, "historical_factor": 0.4634703196347032, "max_daily_rainfall_contribution": 2.045281582952816, "max_3day_rainfall_contribution": 10.22640791476408, "low_elevation_contribution": 15.011415525114154, "low_slope_contribution": 6.164383561643835, "historical_contribution": 7.724505327245054, "risk_score": 41, "risk_class": "MODERATE"}, "geometry": {"type": "Polygon", "coordinates": [[[79.1624534785572, 21.139918811974898], [79.1623420723289, 21.148949636649803], [79.17196868150837, 21.149053902432758], [79.17207950492714, 21.140023029069436], [79.1624534785572, 21.139918811974898]]]}}, {"type": "Feature", "properties": {"zone_id": "Z369", "rainfall_mm": 1194.099920523283, "max_daily_rainfall_mm": 44.55817, "max_3day_rainfall_mm": 106.68683999999999, "elevation_m": 289.0, "slope_deg": 0.0, "historical_event_count": 0, "historical_data_available": true, "max_daily_rainfall_factor": 0.4006849315068493, "max_3day_rainfall_factor": 0.6221461187214612, "low_elevation_factor": 0.771689497716895, "low_slope_factor": 0.9600456621004566, "low_lying": true, "historical_factor": 0.4634703196347032, "max_daily_rainfall_contribution": 8.347602739726028, "max_3day_rainfall_contribution": 12.961377473363777, "low_elevation_contribution": 19.292237442922374, "low_slope_contribution": 16.00076103500761, "historical_contribution": 7.724505327245054, "risk_score": 64, "risk_class": "HIGH"}, "geometry": {"type": "Polygon", "coordinates": [[[79.1623420723289, 21.148949636649803], [79.16223060718718, 21.157980451136503], [79.17185779948424, 21.158084765613573], [79.17196868150837, 21.149053902432758], [79.1623420723289, 21.148949636649803]]]}}, {"type": "Feature", "properties": {"zone_id": "Z370", "rainfall_mm": 1194.099920523283, "max_daily_rainfall_mm": 44.55817, "max_3day_rainfall_mm": 106.68683999999999, "elevation_m": 285.0, "slope_deg": 0.0, "historical_event_count": 0, "historical_data_available": true, "max_daily_rainfall_factor": 0.4006849315068493, "max_3day_rainfall_factor": 0.6221461187214612, "low_elevation_factor": 0.8573059360730594, "low_slope_factor": 0.9600456621004566, "low_lying": true, "historical_factor": 0.4634703196347032, "max_daily_rainfall_contribution": 8.347602739726028, "max_3day_rainfall_contribution": 12.961377473363777, "low_elevation_contribution": 21.432648401826484, "low_slope_contribution": 16.00076103500761, "historical_contribution": 7.724505327245054, "risk_score": 66, "risk_class": "HIGH"}, "geometry": {"type": "Polygon", "coordinates": [[[79.16223060718718, 21.157980451136503], [79.1621190831159, 21.167011255431323], [79.17174685883867, 21.167115618608232], [79.17185779948424, 21.158084765613573], [79.16223060718718, 21.157980451136503]]]}}, {"type": "Feature", "properties": {"zone_id": "Z371", "rainfall_mm": 1194.099920523283, "max_daily_rainfall_mm": 44.55817, "max_3day_rainfall_mm": 106.68683999999999, "elevation_m": 285.0, "slope_deg": 0.8036102593253973, "historical_event_count": 0, "historical_data_available": true, "max_daily_rainfall_factor": 0.4006849315068493, "max_3day_rainfall_factor": 0.6221461187214612, "low_elevation_factor": 0.8573059360730594, "low_slope_factor": 0.7796803652968036, "low_lying": true, "historical_factor": 0.4634703196347032, "max_daily_rainfall_contribution": 8.347602739726028, "max_3day_rainfall_contribution": 12.961377473363777, "low_elevation_contribution": 21.432648401826484, "low_slope_contribution": 12.994672754946729, "historical_contribution": 7.724505327245054, "risk_score": 63, "risk_class": "HIGH"}, "geometry": {"type": "Polygon", "coordinates": [[[79.1621190831159, 21.167011255431323], [79.16200750009884, 21.17604204953063], [79.17163585955556, 21.176146461413094], [79.17174685883867, 21.167115618608232], [79.1621190831159, 21.167011255431323]]]}}, {"type": "Feature", "properties": {"zone_id": "Z372", "rainfall_mm": 1194.099920523283, "max_daily_rainfall_mm": 44.55817, "max_3day_rainfall_mm": 106.68683999999999, "elevation_m": 285.0, "slope_deg": 4.011498604471368, "historical_event_count": 0, "historical_data_available": true, "max_daily_rainfall_factor": 0.4006849315068493, "max_3day_rainfall_factor": 0.6221461187214612, "low_elevation_factor": 0.8573059360730594, "low_slope_factor": 0.0410958904109589, "low_lying": true, "historical_factor": 0.4634703196347032, "max_daily_rainfall_contribution": 8.347602739726028, "max_3day_rainfall_contribution": 12.961377473363777, "low_elevation_contribution": 21.432648401826484, "low_slope_contribution": 0.684931506849315, "historical_contribution": 7.724505327245054, "risk_score": 51, "risk_class": "MODERATE"}, "geometry": {"type": "Polygon", "coordinates": [[[79.16200750009884, 21.17604204953063], [79.16189585811985, 21.185072833430766], [79.17152480161883, 21.185177294024513], [79.17163585955556, 21.176146461413094], [79.16200750009884, 21.17604204953063]]]}}, {"type": "Feature", "properties": {"zone_id": "Z373", "rainfall_mm": 1194.099920523283, "max_daily_rainfall_mm": 44.55817, "max_3day_rainfall_mm": 106.68683999999999, "elevation_m": 292.0, "slope_deg": 1.7963172523867896, "historical_event_count": 0, "historical_data_available": true, "max_daily_rainfall_factor": 0.4006849315068493, "max_3day_rainfall_factor": 0.6221461187214612, "low_elevation_factor": 0.6974885844748858, "low_slope_factor": 0.4668949771689498, "low_lying": false, "historical_factor": 0.4634703196347032, "max_daily_rainfall_contribution": 8.347602739726028, "max_3day_rainfall_contribution": 12.961377473363777, "low_elevation_contribution": 17.437214611872147, "low_slope_contribution": 7.78158295281583, "historical_contribution": 7.724505327245054, "risk_score": 54, "risk_class": "MODERATE"}, "geometry": {"type": "Polygon", "coordinates": [[[79.16189585811985, 21.185072833430766], [79.16178415716276, 21.194103607128095], [79.17141368501238, 21.194208116438837], [79.17152480161883, 21.185177294024513], [79.16189585811985, 21.185072833430766]]]}}, {"type": "Feature", "properties": {"zone_id": "Z374", "rainfall_mm": 1194.099920523283, "max_daily_rainfall_mm": 44.55817, "max_3day_rainfall_mm": 106.68683999999999, "elevation_m": 292.0, "slope_deg": 0.8036102593253973, "historical_event_count": 0, "historical_data_available": true, "max_daily_rainfall_factor": 0.4006849315068493, "max_3day_rainfall_factor": 0.6221461187214612, "low_elevation_factor": 0.6974885844748858, "low_slope_factor": 0.7796803652968036, "low_lying": false, "historical_factor": 0.4634703196347032, "max_daily_rainfall_contribution": 8.347602739726028, "max_3day_rainfall_contribution": 12.961377473363777, "low_elevation_contribution": 17.437214611872147, "low_slope_contribution": 12.994672754946729, "historical_contribution": 7.724505327245054, "risk_score": 59, "risk_class": "HIGH"}, "geometry": {"type": "Polygon", "coordinates": [[[79.16178415716276, 21.194103607128095], [79.16167239721133, 21.20313437061896], [79.17130250972009, 21.20323892865243], [79.17141368501238, 21.194208116438837], [79.16178415716276, 21.194103607128095]]]}}, {"type": "Feature", "properties": {"zone_id": "Z375", "rainfall_mm": 1195.6191144235, "max_daily_rainfall_mm": 48.440636, "max_3day_rainfall_mm": 96.881272, "elevation_m": 287.0, "slope_deg": 1.7964213810407137, "historical_event_count": 0, "historical_data_available": true, "max_daily_rainfall_factor": 0.730593607305936, "max_3day_rainfall_factor": 0.02054794520547945, "low_elevation_factor": 0.821917808219178, "low_slope_factor": 0.3698630136986301, "low_lying": true, "historical_factor": 0.4634703196347032, "max_daily_rainfall_contribution": 15.220700152207002, "max_3day_rainfall_contribution": 0.42808219178082196, "low_elevation_contribution": 20.54794520547945, "low_slope_contribution": 6.164383561643835, "historical_contribution": 7.724505327245054, "risk_score": 50, "risk_class": "MODERATE"}, "geometry": {"type": "Polygon", "coordinates": [[[79.16167239721133, 21.20313437061896], [79.1615605782494, 21.21216512389971], [79.17119127572582, 21.21226973066165], [79.17130250972009, 21.20323892865243], [79.16167239721133, 21.20313437061896]]]}}, {"type": "Feature", "properties": {"zone_id": "Z376", "rainfall_mm": 1195.6191144235, "max_daily_rainfall_mm": 48.440636, "max_3day_rainfall_mm": 96.881272, "elevation_m": 283.0, "slope_deg": 1.6067492162846009, "historical_event_count": 0, "historical_data_available": true, "max_daily_rainfall_factor": 0.730593607305936, "max_3day_rainfall_factor": 0.02054794520547945, "low_elevation_factor": 0.908675799086758, "low_slope_factor": 0.571917808219178, "low_lying": true, "historical_factor": 0.4634703196347032, "max_daily_rainfall_contribution": 15.220700152207002, "max_3day_rainfall_contribution": 0.42808219178082196, "low_elevation_contribution": 22.71689497716895, "low_slope_contribution": 9.531963470319635, "historical_contribution": 7.724505327245054, "risk_score": 56, "risk_class": "HIGH"}, "geometry": {"type": "Polygon", "coordinates": [[[79.1615605782494, 21.21216512389971], [79.1614487002607, 21.22119586696671], [79.17107998301347, 21.22130052246284], [79.17119127572582, 21.21226973066165], [79.1615605782494, 21.21216512389971]]]}}, {"type": "Feature", "properties": {"zone_id": "Z377", "rainfall_mm": 1195.6191144235, "max_daily_rainfall_mm": 48.440636, "max_3day_rainfall_mm": 96.881272, "elevation_m": 293.0, "slope_deg": 2.2718009544716, "historical_event_count": 0, "historical_data_available": true, "max_daily_rainfall_factor": 0.730593607305936, "max_3day_rainfall_factor": 0.02054794520547945, "low_elevation_factor": 0.6723744292237442, "low_slope_factor": 0.2865296803652968, "low_lying": false, "historical_factor": 0.4634703196347032, "max_daily_rainfall_contribution": 15.220700152207002, "max_3day_rainfall_contribution": 0.42808219178082196, "low_elevation_contribution": 16.809360730593607, "low_slope_contribution": 4.775494672754947, "historical_contribution": 7.724505327245054, "risk_score": 45, "risk_class": "MODERATE"}, "geometry": {"type": "Polygon", "coordinates": [[[79.17107998301347, 21.22130052246284], [79.1614487002607, 21.22119586696671], [79.16133934333814, 21.2300184983514], [79.17097253613161, 21.23001471831983], [79.17107998301347, 21.22130052246284]]]}}, {"type": "Feature", "properties": {"zone_id": "Z379", "rainfall_mm": 1148.143908243, "max_daily_rainfall_mm": 56.800682, "max_3day_rainfall_mm": 123.306512, "elevation_m": 281.0, "slope_deg": 0.8035325853473997, "historical_event_count": 0, "historical_data_available": true, "max_daily_rainfall_factor": 0.9668949771689498, "max_3day_rainfall_factor": 0.884703196347032, "low_elevation_factor": 0.934931506849315, "low_slope_factor": 0.8710045662100456, "low_lying": true, "historical_factor": 0.4634703196347032, "max_daily_rainfall_contribution": 20.143645357686456, "max_3day_rainfall_contribution": 18.431316590563167, "low_elevation_contribution": 23.373287671232877, "low_slope_contribution": 14.516742770167427, "historical_contribution": 7.724505327245054, "risk_score": 84, "risk_class": "CRITICAL"}, "geometry": {"type": "Polygon", "coordinates": [[[79.17307428110051, 21.058744711189046], [79.1826951344785, 21.05884794592974], [79.1828024581492, 21.0500092592647], [79.17318085897324, 21.050013679605506], [79.17307428110051, 21.058744711189046]]]}}, {"type": "Feature", "properties": {"zone_id": "Z380", "rainfall_mm": 1148.143908243, "max_daily_rainfall_mm": 56.800682, "max_3day_rainfall_mm": 123.306512, "elevation_m": 275.0, "slope_deg": 1.136347105590608, "historical_event_count": 0, "historical_data_available": true, "max_daily_rainfall_factor": 0.9668949771689498, "max_3day_rainfall_factor": 0.884703196347032, "low_elevation_factor": 0.9920091324200914, "low_slope_factor": 0.6643835616438356, "low_lying": true, "historical_factor": 0.4634703196347032, "max_daily_rainfall_contribution": 20.143645357686456, "max_3day_rainfall_contribution": 18.431316590563167, "low_elevation_contribution": 24.800228310502284, "low_slope_contribution": 11.073059360730594, "historical_contribution": 7.724505327245054, "risk_score": 82, "risk_class": "CRITICAL"}, "geometry": {"type": "Polygon", "coordinates": [[[79.17307428110051, 21.058744711189046], [79.17296398440868, 21.067775676030642], [79.18258541784347, 21.06787895915343], [79.1826951344785, 21.05884794592974], [79.17307428110051, 21.058744711189046]]]}}, {"type": "Feature", "properties": {"zone_id": "Z381", "rainfall_mm": 1148.143908243, "max_daily_rainfall_mm": 56.800682, "max_3day_rainfall_mm": 123.306512, "elevation_m": 279.0, "slope_deg": 1.136347105590608, "historical_event_count": 0, "historical_data_available": true, "max_daily_rainfall_factor": 0.9668949771689498, "max_3day_rainfall_factor": 0.884703196347032, "low_elevation_factor": 0.9600456621004566, "low_slope_factor": 0.6643835616438356, "low_lying": true, "historical_factor": 0.4634703196347032, "max_daily_rainfall_contribution": 20.143645357686456, "max_3day_rainfall_contribution": 18.431316590563167, "low_elevation_contribution": 24.001141552511417, "low_slope_contribution": 11.073059360730594, "historical_contribution": 7.724505327245054, "risk_score": 81, "risk_class": "CRITICAL"}, "geometry": {"type": "Polygon", "coordinates": [[[79.17296398440868, 21.067775676030642], [79.17285362925566, 21.0768066307226], [79.18247564305453, 21.076909962233124], [79.18258541784347, 21.06787895915343], [79.17296398440868, 21.067775676030642]]]}}, {"type": "Feature", "properties": {"zone_id": "Z382", "rainfall_mm": 1148.143908243, "max_daily_rainfall_mm": 56.800682, "max_3day_rainfall_mm": 123.306512, "elevation_m": 284.0, "slope_deg": 0.0, "historical_event_count": 0, "historical_data_available": true, "max_daily_rainfall_factor": 0.9668949771689498, "max_3day_rainfall_factor": 0.884703196347032, "low_elevation_factor": 0.8881278538812786, "low_slope_factor": 0.9600456621004566, "low_lying": true, "historical_factor": 0.4634703196347032, "max_daily_rainfall_contribution": 20.143645357686456, "max_3day_rainfall_contribution": 18.431316590563167, "low_elevation_contribution": 22.203196347031966, "low_slope_contribution": 16.00076103500761, "historical_contribution": 7.724505327245054, "risk_score": 85, "risk_class": "CRITICAL"}, "geometry": {"type": "Polygon", "coordinates": [[[79.17285362925566, 21.0768066307226], [79.17274321562543, 21.085837575261266], [79.1823658100958, 21.085940955165174], [79.18247564305453, 21.076909962233124], [79.17285362925566, 21.0768066307226]]]}}, {"type": "Feature", "properties": {"zone_id": "Z383", "rainfall_mm": 1148.143908243, "max_daily_rainfall_mm": 56.800682, "max_3day_rainfall_mm": 123.306512, "elevation_m": 277.0, "slope_deg": 1.7964213810407137, "historical_event_count": 0, "historical_data_available": true, "max_daily_rainfall_factor": 0.9668949771689498, "max_3day_rainfall_factor": 0.884703196347032, "low_elevation_factor": 0.9748858447488584, "low_slope_factor": 0.3698630136986301, "low_lying": true, "historical_factor": 0.4634703196347032, "max_daily_rainfall_contribution": 20.143645357686456, "max_3day_rainfall_contribution": 18.431316590563167, "low_elevation_contribution": 24.37214611872146, "low_slope_contribution": 6.164383561643835, "historical_contribution": 7.724505327245054, "risk_score": 77, "risk_class": "CRITICAL"}, "geometry": {"type": "Polygon", "coordinates": [[[79.17274321562543, 21.085837575261266], [79.17263274350204, 21.094868509642975], [79.18225591895137, 21.094971937945935], [79.1823658100958, 21.085940955165174], [79.17274321562543, 21.085837575261266]]]}}, {"type": "Feature", "properties": {"zone_id": "Z384", "rainfall_mm": 1148.143908243, "max_daily_rainfall_mm": 56.800682, "max_3day_rainfall_mm": 123.306512, "elevation_m": 277.0, "slope_deg": 0.8035325853473997, "historical_event_count": 0, "historical_data_available": true, "max_daily_rainfall_factor": 0.9668949771689498, "max_3day_rainfall_factor": 0.884703196347032, "low_elevation_factor": 0.9748858447488584, "low_slope_factor": 0.8710045662100456, "low_lying": true, "historical_factor": 0.4634703196347032, "max_daily_rainfall_contribution": 20.143645357686456, "max_3day_rainfall_contribution": 18.431316590563167, "low_elevation_contribution": 24.37214611872146, "low_slope_contribution": 14.516742770167427, "historical_contribution": 7.724505327245054, "risk_score": 85, "risk_class": "CRITICAL"}, "geometry": {"type": "Polygon", "coordinates": [[[79.17263274350204, 21.094868509642975], [79.17252221286945, 21.103899433864076], [79.1821459696053, 21.10400291057175], [79.18225591895137, 21.094971937945935], [79.17263274350204, 21.094868509642975]]]}}, {"type": "Feature", "properties": {"zone_id": "Z385", "rainfall_mm": 1173.59860242, "max_daily_rainfall_mm": 41.97435, "max_3day_rainfall_mm": 105.59338799999999, "elevation_m": 284.0, "slope_deg": 1.6067492162846009, "historical_event_count": 0, "historical_data_available": true, "max_daily_rainfall_factor": 0.09817351598173515, "max_3day_rainfall_factor": 0.4908675799086758, "low_elevation_factor": 0.8881278538812786, "low_slope_factor": 0.571917808219178, "low_lying": true, "historical_factor": 0.4634703196347032, "max_daily_rainfall_contribution": 2.045281582952816, "max_3day_rainfall_contribution": 10.22640791476408, "low_elevation_contribution": 22.203196347031966, "low_slope_contribution": 9.531963470319635, "historical_contribution": 7.724505327245054, "risk_score": 52, "risk_class": "MODERATE"}, "geometry": {"type": "Polygon", "coordinates": [[[79.17252221286945, 21.103899433864076], [79.1724116237117, 21.11293034792093], [79.18203596204172, 21.113033873038976], [79.1821459696053, 21.10400291057175], [79.17252221286945, 21.103899433864076]]]}}, {"type": "Feature", "properties": {"zone_id": "Z386", "rainfall_mm": 1173.59860242, "max_daily_rainfall_mm": 41.97435, "max_3day_rainfall_mm": 105.59338799999999, "elevation_m": 293.0, "slope_deg": 1.136347105590608, "historical_event_count": 0, "historical_data_available": true, "max_daily_rainfall_factor": 0.09817351598173515, "max_3day_rainfall_factor": 0.4908675799086758, "low_elevation_factor": 0.6723744292237442, "low_slope_factor": 0.6643835616438356, "low_lying": false, "historical_factor": 0.4634703196347032, "max_daily_rainfall_contribution": 2.045281582952816, "max_3day_rainfall_contribution": 10.22640791476408, "low_elevation_contribution": 16.809360730593607, "low_slope_contribution": 11.073059360730594, "historical_contribution": 7.724505327245054, "risk_score": 48, "risk_class": "MODERATE"}, "geometry": {"type": "Polygon", "coordinates": [[[79.1724116237117, 21.11293034792093], [79.17230097601275, 21.12196125180987], [79.18192589624468, 21.122064825343962], [79.18203596204172, 21.113033873038976], [79.1724116237117, 21.11293034792093]]]}}, {"type": "Feature", "properties": {"zone_id": "Z387", "rainfall_mm": 1173.59860242, "max_daily_rainfall_mm": 41.97435, "max_3day_rainfall_mm": 105.59338799999999, "elevation_m": 293.0, "slope_deg": 1.136347105590608, "historical_event_count": 0, "historical_data_available": true, "max_daily_rainfall_factor": 0.09817351598173515, "max_3day_rainfall_factor": 0.4908675799086758, "low_elevation_factor": 0.6723744292237442, "low_slope_factor": 0.6643835616438356, "low_lying": false, "historical_factor": 0.4634703196347032, "max_daily_rainfall_contribution": 2.045281582952816, "max_3day_rainfall_contribution": 10.22640791476408, "low_elevation_contribution": 16.809360730593607, "low_slope_contribution": 11.073059360730594, "historical_contribution": 7.724505327245054, "risk_score": 48, "risk_class": "MODERATE"}, "geometry": {"type": "Polygon", "coordinates": [[[79.17230097601275, 21.12196125180987], [79.17219026975658, 21.13099214552726], [79.18181577219822, 21.131095767483057], [79.18192589624468, 21.122064825343962], [79.17230097601275, 21.12196125180987]]]}}, {"type": "Feature", "properties": {"zone_id": "Z388", "rainfall_mm": 1173.59860242, "max_daily_rainfall_mm": 41.97435, "max_3day_rainfall_mm": 105.59338799999999, "elevation_m": 295.0, "slope_deg": 2.409567339030629, "historical_event_count": 0, "historical_data_available": true, "max_daily_rainfall_factor": 0.09817351598173515, "max_3day_rainfall_factor": 0.4908675799086758, "low_elevation_factor": 0.6221461187214612, "low_slope_factor": 0.2363013698630137, "low_lying": false, "historical_factor": 0.4634703196347032, "max_daily_rainfall_contribution": 2.045281582952816, "max_3day_rainfall_contribution": 10.22640791476408, "low_elevation_contribution": 15.55365296803653, "low_slope_contribution": 3.938356164383562, "historical_contribution": 7.724505327245054, "risk_score": 39, "risk_class": "MODERATE"}, "geometry": {"type": "Polygon", "coordinates": [[[79.17219026975658, 21.13099214552726], [79.17207950492714, 21.140023029069436], [79.18170558988638, 21.14012669945263], [79.18181577219822, 21.131095767483057], [79.17219026975658, 21.13099214552726]]]}}, {"type": "Feature", "properties": {"zone_id": "Z389", "rainfall_mm": 1173.59860242, "max_daily_rainfall_mm": 41.97435, "max_3day_rainfall_mm": 105.59338799999999, "elevation_m": 290.0, "slope_deg": 1.136347105590608, "historical_event_count": 0, "historical_data_available": true, "max_daily_rainfall_factor": 0.09817351598173515, "max_3day_rainfall_factor": 0.4908675799086758, "low_elevation_factor": 0.7442922374429224, "low_slope_factor": 0.6643835616438356, "low_lying": true, "historical_factor": 0.4634703196347032, "max_daily_rainfall_contribution": 2.045281582952816, "max_3day_rainfall_contribution": 10.22640791476408, "low_elevation_contribution": 18.60730593607306, "low_slope_contribution": 11.073059360730594, "historical_contribution": 7.724505327245054, "risk_score": 50, "risk_class": "MODERATE"}, "geometry": {"type": "Polygon", "coordinates": [[[79.17207950492714, 21.140023029069436], [79.17196868150837, 21.149053902432758], [79.18159534929322, 21.14915762124901], [79.18170558988638, 21.14012669945263], [79.17207950492714, 21.140023029069436]]]}}, {"type": "Feature", "properties": {"zone_id": "Z390", "rainfall_mm": 1194.099920523283, "max_daily_rainfall_mm": 44.55817, "max_3day_rainfall_mm": 106.68683999999999, "elevation_m": 285.0, "slope_deg": 0.8035325853473997, "historical_event_count": 0, "historical_data_available": true, "max_daily_rainfall_factor": 0.4006849315068493, "max_3day_rainfall_factor": 0.6221461187214612, "low_elevation_factor": 0.8573059360730594, "low_slope_factor": 0.8710045662100456, "low_lying": true, "historical_factor": 0.4634703196347032, "max_daily_rainfall_contribution": 8.347602739726028, "max_3day_rainfall_contribution": 12.961377473363777, "low_elevation_contribution": 21.432648401826484, "low_slope_contribution": 14.516742770167427, "historical_contribution": 7.724505327245054, "risk_score": 65, "risk_class": "HIGH"}, "geometry": {"type": "Polygon", "coordinates": [[[79.17196868150837, 21.149053902432758], [79.17185779948424, 21.158084765613573], [79.18148505040276, 21.158188532868575], [79.18159534929322, 21.14915762124901], [79.17196868150837, 21.149053902432758]]]}}, {"type": "Feature", "properties": {"zone_id": "Z391", "rainfall_mm": 1194.099920523283, "max_daily_rainfall_mm": 44.55817, "max_3day_rainfall_mm": 106.68683999999999, "elevation_m": 284.0, "slope_deg": 1.6067492162846009, "historical_event_count": 0, "historical_data_available": true, "max_daily_rainfall_factor": 0.4006849315068493, "max_3day_rainfall_factor": 0.6221461187214612, "low_elevation_factor": 0.8881278538812786, "low_slope_factor": 0.571917808219178, "low_lying": true, "historical_factor": 0.4634703196347032, "max_daily_rainfall_contribution": 8.347602739726028, "max_3day_rainfall_contribution": 12.961377473363777, "low_elevation_contribution": 22.203196347031966, "low_slope_contribution": 9.531963470319635, "historical_contribution": 7.724505327245054, "risk_score": 61, "risk_class": "HIGH"}, "geometry": {"type": "Polygon", "coordinates": [[[79.17185779948424, 21.158084765613573], [79.17174685883867, 21.167115618608232], [79.18137469319898, 21.16721943430766], [79.18148505040276, 21.158188532868575], [79.17185779948424, 21.158084765613573]]]}}, {"type": "Feature", "properties": {"zone_id": "Z392", "rainfall_mm": 1194.099920523283, "max_daily_rainfall_mm": 44.55817, "max_3day_rainfall_mm": 106.68683999999999, "elevation_m": 283.0, "slope_deg": 1.136347105590608, "historical_event_count": 0, "historical_data_available": true, "max_daily_rainfall_factor": 0.4006849315068493, "max_3day_rainfall_factor": 0.6221461187214612, "low_elevation_factor": 0.908675799086758, "low_slope_factor": 0.6643835616438356, "low_lying": true, "historical_factor": 0.4634703196347032, "max_daily_rainfall_contribution": 8.347602739726028, "max_3day_rainfall_contribution": 12.961377473363777, "low_elevation_contribution": 22.71689497716895, "low_slope_contribution": 11.073059360730594, "historical_contribution": 7.724505327245054, "risk_score": 63, "risk_class": "HIGH"}, "geometry": {"type": "Polygon", "coordinates": [[[79.17174685883867, 21.167115618608232], [79.17163585955556, 21.176146461413094], [79.1812642776659, 21.176250325562638], [79.18137469319898, 21.16721943430766], [79.17174685883867, 21.167115618608232]]]}}, {"type": "Feature", "properties": {"zone_id": "Z393", "rainfall_mm": 1194.099920523283, "max_daily_rainfall_mm": 44.55817, "max_3day_rainfall_mm": 106.68683999999999, "elevation_m": 287.0, "slope_deg": 1.7963172523867896, "historical_event_count": 0, "historical_data_available": true, "max_daily_rainfall_factor": 0.4006849315068493, "max_3day_rainfall_factor": 0.6221461187214612, "low_elevation_factor": 0.821917808219178, "low_slope_factor": 0.4668949771689498, "low_lying": true, "historical_factor": 0.4634703196347032, "max_daily_rainfall_contribution": 8.347602739726028, "max_3day_rainfall_contribution": 12.961377473363777, "low_elevation_contribution": 20.54794520547945, "low_slope_contribution": 7.78158295281583, "historical_contribution": 7.724505327245054, "risk_score": 57, "risk_class": "HIGH"}, "geometry": {"type": "Polygon", "coordinates": [[[79.17163585955556, 21.176146461413094], [79.17152480161883, 21.185177294024513], [79.18115380378754, 21.185281206629867], [79.1812642776659, 21.176250325562638], [79.17163585955556, 21.176146461413094]]]}}, {"type": "Feature", "properties": {"zone_id": "Z394", "rainfall_mm": 1194.099920523283, "max_daily_rainfall_mm": 44.55817, "max_3day_rainfall_mm": 106.68683999999999, "elevation_m": 291.0, "slope_deg": 0.8035325853473997, "historical_event_count": 0, "historical_data_available": true, "max_daily_rainfall_factor": 0.4006849315068493, "max_3day_rainfall_factor": 0.6221461187214612, "low_elevation_factor": 0.7203196347031964, "low_slope_factor": 0.8710045662100456, "low_lying": false, "historical_factor": 0.4634703196347032, "max_daily_rainfall_contribution": 8.347602739726028, "max_3day_rainfall_contribution": 12.961377473363777, "low_elevation_contribution": 18.00799086757991, "low_slope_contribution": 14.516742770167427, "historical_contribution": 7.724505327245054, "risk_score": 62, "risk_class": "HIGH"}, "geometry": {"type": "Polygon", "coordinates": [[[79.17152480161883, 21.185177294024513], [79.17141368501238, 21.194208116438837], [79.18104327154785, 21.194312077505696], [79.18115380378754, 21.185281206629867], [79.17152480161883, 21.185177294024513]]]}}, {"type": "Feature", "properties": {"zone_id": "Z395", "rainfall_mm": 1194.099920523283, "max_daily_rainfall_mm": 44.55817, "max_3day_rainfall_mm": 106.68683999999999, "elevation_m": 288.0, "slope_deg": 1.136347105590608, "historical_event_count": 0, "historical_data_available": true, "max_daily_rainfall_factor": 0.4006849315068493, "max_3day_rainfall_factor": 0.6221461187214612, "low_elevation_factor": 0.7990867579908676, "low_slope_factor": 0.6643835616438356, "low_lying": true, "historical_factor": 0.4634703196347032, "max_daily_rainfall_contribution": 8.347602739726028, "max_3day_rainfall_contribution": 12.961377473363777, "low_elevation_contribution": 19.97716894977169, "low_slope_contribution": 11.073059360730594, "historical_contribution": 7.724505327245054, "risk_score": 60, "risk_class": "HIGH"}, "geometry": {"type": "Polygon", "coordinates": [[[79.17141368501238, 21.194208116438837], [79.17130250972009, 21.20323892865243], [79.18093268093081, 21.203342938186495], [79.18104327154785, 21.194312077505696], [79.17141368501238, 21.194208116438837]]]}}, {"type": "Feature", "properties": {"zone_id": "Z396", "rainfall_mm": 1195.6191144235, "max_daily_rainfall_mm": 48.440636, "max_3day_rainfall_mm": 96.881272, "elevation_m": 287.0, "slope_deg": 1.136347105590608, "historical_event_count": 0, "historical_data_available": true, "max_daily_rainfall_factor": 0.730593607305936, "max_3day_rainfall_factor": 0.02054794520547945, "low_elevation_factor": 0.821917808219178, "low_slope_factor": 0.6643835616438356, "low_lying": true, "historical_factor": 0.4634703196347032, "max_daily_rainfall_contribution": 15.220700152207002, "max_3day_rainfall_contribution": 0.42808219178082196, "low_elevation_contribution": 20.54794520547945, "low_slope_contribution": 11.073059360730594, "historical_contribution": 7.724505327245054, "risk_score": 55, "risk_class": "MODERATE"}, "geometry": {"type": "Polygon", "coordinates": [[[79.17130250972009, 21.20323892865243], [79.17119127572582, 21.21226973066165], [79.18082203192037, 21.21237378866861], [79.18093268093081, 21.203342938186495], [79.17130250972009, 21.20323892865243]]]}}, {"type": "Feature", "properties": {"zone_id": "Z397", "rainfall_mm": 1195.6191144235, "max_daily_rainfall_mm": 48.440636, "max_3day_rainfall_mm": 96.881272, "elevation_m": 287.0, "slope_deg": 2.539520020526714, "historical_event_count": 0, "historical_data_available": true, "max_daily_rainfall_factor": 0.730593607305936, "max_3day_rainfall_factor": 0.02054794520547945, "low_elevation_factor": 0.821917808219178, "low_slope_factor": 0.2054794520547945, "low_lying": true, "historical_factor": 0.4634703196347032, "max_daily_rainfall_contribution": 15.220700152207002, "max_3day_rainfall_contribution": 0.42808219178082196, "low_elevation_contribution": 20.54794520547945, "low_slope_contribution": 3.4246575342465753, "historical_contribution": 7.724505327245054, "risk_score": 47, "risk_class": "MODERATE"}, "geometry": {"type": "Polygon", "coordinates": [[[79.17119127572582, 21.21226973066165], [79.17107998301347, 21.22130052246284], [79.18071132450049, 21.221404628948413], [79.18082203192037, 21.21237378866861], [79.17119127572582, 21.21226973066165]]]}}, {"type": "Feature", "properties": {"zone_id": "Z398", "rainfall_mm": 1195.6191144235, "max_daily_rainfall_mm": 48.440636, "max_3day_rainfall_mm": 96.881272, "elevation_m": 288.0, "slope_deg": 1.6069044726299722, "historical_event_count": 0, "historical_data_available": true, "max_daily_rainfall_factor": 0.730593607305936, "max_3day_rainfall_factor": 0.02054794520547945, "low_elevation_factor": 0.7990867579908676, "low_slope_factor": 0.5273972602739726, "low_lying": true, "historical_factor": 0.4634703196347032, "max_daily_rainfall_contribution": 15.220700152207002, "max_3day_rainfall_contribution": 0.42808219178082196, "low_elevation_contribution": 19.97716894977169, "low_slope_contribution": 8.789954337899545, "historical_contribution": 7.724505327245054, "risk_score": 52, "risk_class": "MODERATE"}, "geometry": {"type": "Polygon", "coordinates": [[[79.18071132450049, 21.221404628948413], [79.17107998301347, 21.22130052246284], [79.17097253613161, 21.23001471831983], [79.18060577359398, 21.2300103878616], [79.18071132450049, 21.221404628948413]]]}}, {"type": "Feature", "properties": {"zone_id": "Z400", "rainfall_mm": 1148.143908243, "max_daily_rainfall_mm": 56.800682, "max_3day_rainfall_mm": 123.306512, "elevation_m": 284.0, "slope_deg": 0.0, "historical_event_count": 0, "historical_data_available": true, "max_daily_rainfall_factor": 0.9668949771689498, "max_3day_rainfall_factor": 0.884703196347032, "low_elevation_factor": 0.8881278538812786, "low_slope_factor": 0.9600456621004566, "low_lying": true, "historical_factor": 0.4634703196347032, "max_daily_rainfall_contribution": 20.143645357686456, "max_3day_rainfall_contribution": 18.431316590563167, "low_elevation_contribution": 22.203196347031966, "low_slope_contribution": 16.00076103500761, "historical_contribution": 7.724505327245054, "risk_score": 85, "risk_class": "CRITICAL"}, "geometry": {"type": "Polygon", "coordinates": [[[79.1826951344785, 21.05884794592974], [79.1923160459945, 21.05895063624209], [79.19242410162683, 21.05000429359399], [79.1828024581492, 21.0500092592647], [79.1826951344785, 21.05884794592974]]]}}, {"type": "Feature", "properties": {"zone_id": "Z401", "rainfall_mm": 1148.143908243, "max_daily_rainfall_mm": 56.800682, "max_3day_rainfall_mm": 123.306512, "elevation_m": 276.0, "slope_deg": 0.8035325853473997, "historical_event_count": 0, "historical_data_available": true, "max_daily_rainfall_factor": 0.9668949771689498, "max_3day_rainfall_factor": 0.884703196347032, "low_elevation_factor": 0.9863013698630136, "low_slope_factor": 0.8710045662100456, "low_lying": true, "historical_factor": 0.4634703196347032, "max_daily_rainfall_contribution": 20.143645357686456, "max_3day_rainfall_contribution": 18.431316590563167, "low_elevation_contribution": 24.65753424657534, "low_slope_contribution": 14.516742770167427, "historical_contribution": 7.724505327245054, "risk_score": 85, "risk_class": "CRITICAL"}, "geometry": {"type": "Polygon", "coordinates": [[[79.1826951344785, 21.05884794592974], [79.18258541784347, 21.06787895915343], [79.19220690943214, 21.067981697592778], [79.1923160459945, 21.05895063624209], [79.1826951344785, 21.05884794592974]]]}}, {"type": "Feature", "properties": {"zone_id": "Z402", "rainfall_mm": 1148.143908243, "max_daily_rainfall_mm": 56.800682, "max_3day_rainfall_mm": 123.306512, "elevation_m": 276.0, "slope_deg": 0.8036102593253973, "historical_event_count": 0, "historical_data_available": true, "max_daily_rainfall_factor": 0.9668949771689498, "max_3day_rainfall_factor": 0.884703196347032, "low_elevation_factor": 0.9863013698630136, "low_slope_factor": 0.7796803652968036, "low_lying": true, "historical_factor": 0.4634703196347032, "max_daily_rainfall_contribution": 20.143645357686456, "max_3day_rainfall_contribution": 18.431316590563167, "low_elevation_contribution": 24.65753424657534, "low_slope_contribution": 12.994672754946729, "historical_contribution": 7.724505327245054, "risk_score": 84, "risk_class": "CRITICAL"}, "geometry": {"type": "Polygon", "coordinates": [[[79.18258541784347, 21.06787895915343], [79.18247564305453, 21.076909962233124], [79.19209771502321, 21.07701274880509], [79.19220690943214, 21.067981697592778], [79.18258541784347, 21.06787895915343]]]}}, {"type": "Feature", "properties": {"zone_id": "Z403", "rainfall_mm": 1148.143908243, "max_daily_rainfall_mm": 56.800682, "max_3day_rainfall_mm": 123.306512, "elevation_m": 281.0, "slope_deg": 0.0, "historical_event_count": 0, "historical_data_available": true, "max_daily_rainfall_factor": 0.9668949771689498, "max_3day_rainfall_factor": 0.884703196347032, "low_elevation_factor": 0.934931506849315, "low_slope_factor": 0.9600456621004566, "low_lying": true, "historical_factor": 0.4634703196347032, "max_daily_rainfall_contribution": 20.143645357686456, "max_3day_rainfall_contribution": 18.431316590563167, "low_elevation_contribution": 23.373287671232877, "low_slope_contribution": 16.00076103500761, "historical_contribution": 7.724505327245054, "risk_score": 86, "risk_class": "CRITICAL"}, "geometry": {"type": "Polygon", "coordinates": [[[79.18247564305453, 21.076909962233124], [79.1823658100958, 21.085940955165174], [79.19198846275187, 21.086043789875387], [79.19209771502321, 21.07701274880509], [79.18247564305453, 21.076909962233124]]]}}, {"type": "Feature", "properties": {"zone_id": "Z404", "rainfall_mm": 1148.143908243, "max_daily_rainfall_mm": 56.800682, "max_3day_rainfall_mm": 123.306512, "elevation_m": 276.0, "slope_deg": 1.136347105590608, "historical_event_count": 0, "historical_data_available": true, "max_daily_rainfall_factor": 0.9668949771689498, "max_3day_rainfall_factor": 0.884703196347032, "low_elevation_factor": 0.9863013698630136, "low_slope_factor": 0.6643835616438356, "low_lying": true, "historical_factor": 0.4634703196347032, "max_daily_rainfall_contribution": 20.143645357686456, "max_3day_rainfall_contribution": 18.431316590563167, "low_elevation_contribution": 24.65753424657534, "low_slope_contribution": 11.073059360730594, "historical_contribution": 7.724505327245054, "risk_score": 82, "risk_class": "CRITICAL"}, "geometry": {"type": "Polygon", "coordinates": [[[79.1823658100958, 21.085940955165174], [79.18225591895137, 21.094971937945935], [79.1918791526023, 21.095074820800015], [79.19198846275187, 21.086043789875387], [79.1823658100958, 21.085940955165174]]]}}, {"type": "Feature", "properties": {"zone_id": "Z405", "rainfall_mm": 1148.143908243, "max_daily_rainfall_mm": 56.800682, "max_3day_rainfall_mm": 123.306512, "elevation_m": 277.0, "slope_deg": 0.8035325853473997, "historical_event_count": 0, "historical_data_available": true, "max_daily_rainfall_factor": 0.9668949771689498, "max_3day_rainfall_factor": 0.884703196347032, "low_elevation_factor": 0.9748858447488584, "low_slope_factor": 0.8710045662100456, "low_lying": true, "historical_factor": 0.4634703196347032, "max_daily_rainfall_contribution": 20.143645357686456, "max_3day_rainfall_contribution": 18.431316590563167, "low_elevation_contribution": 24.37214611872146, "low_slope_contribution": 14.516742770167427, "historical_contribution": 7.724505327245054, "risk_score": 85, "risk_class": "CRITICAL"}, "geometry": {"type": "Polygon", "coordinates": [[[79.18225591895137, 21.094971937945935], [79.1821459696053, 21.10400291057175], [79.1917697845587, 21.104105841575333], [79.1918791526023, 21.095074820800015], [79.18225591895137, 21.094971937945935]]]}}, {"type": "Feature", "properties": {"zone_id": "Z406", "rainfall_mm": 1173.59860242, "max_daily_rainfall_mm": 41.97435, "max_3day_rainfall_mm": 105.59338799999999, "elevation_m": 280.0, "slope_deg": 0.8035325853473997, "historical_event_count": 0, "historical_data_available": true, "max_daily_rainfall_factor": 0.09817351598173515, "max_3day_rainfall_factor": 0.4908675799086758, "low_elevation_factor": 0.9509132420091324, "low_slope_factor": 0.8710045662100456, "low_lying": true, "historical_factor": 0.4634703196347032, "max_daily_rainfall_contribution": 2.045281582952816, "max_3day_rainfall_contribution": 10.22640791476408, "low_elevation_contribution": 23.77283105022831, "low_slope_contribution": 14.516742770167427, "historical_contribution": 7.724505327245054, "risk_score": 58, "risk_class": "HIGH"}, "geometry": {"type": "Polygon", "coordinates": [[[79.1821459696053, 21.10400291057175], [79.18203596204172, 21.113033873038976], [79.19166035860522, 21.113136852197698], [79.1917697845587, 21.104105841575333], [79.1821459696053, 21.10400291057175]]]}}, {"type": "Feature", "properties": {"zone_id": "Z407", "rainfall_mm": 1173.59860242, "max_daily_rainfall_mm": 41.97435, "max_3day_rainfall_mm": 105.59338799999999, "elevation_m": 285.0, "slope_deg": 1.136347105590608, "historical_event_count": 0, "historical_data_available": true, "max_daily_rainfall_factor": 0.09817351598173515, "max_3day_rainfall_factor": 0.4908675799086758, "low_elevation_factor": 0.8573059360730594, "low_slope_factor": 0.6643835616438356, "low_lying": true, "historical_factor": 0.4634703196347032, "max_daily_rainfall_contribution": 2.045281582952816, "max_3day_rainfall_contribution": 10.22640791476408, "low_elevation_contribution": 21.432648401826484, "low_slope_contribution": 11.073059360730594, "historical_contribution": 7.724505327245054, "risk_score": 53, "risk_class": "MODERATE"}, "geometry": {"type": "Polygon", "coordinates": [[[79.18203596204172, 21.113033873038976], [79.18192589624468, 21.122064825343962], [79.19155087472602, 21.12216785266346], [79.19166035860522, 21.113136852197698], [79.18203596204172, 21.113033873038976]]]}}, {"type": "Feature", "properties": {"zone_id": "Z408", "rainfall_mm": 1173.59860242, "max_daily_rainfall_mm": 41.97435, "max_3day_rainfall_mm": 105.59338799999999, "elevation_m": 291.0, "slope_deg": 1.136347105590608, "historical_event_count": 0, "historical_data_available": true, "max_daily_rainfall_factor": 0.09817351598173515, "max_3day_rainfall_factor": 0.4908675799086758, "low_elevation_factor": 0.7203196347031964, "low_slope_factor": 0.6643835616438356, "low_lying": false, "historical_factor": 0.4634703196347032, "max_daily_rainfall_contribution": 2.045281582952816, "max_3day_rainfall_contribution": 10.22640791476408, "low_elevation_contribution": 18.00799086757991, "low_slope_contribution": 11.073059360730594, "historical_contribution": 7.724505327245054, "risk_score": 49, "risk_class": "MODERATE"}, "geometry": {"type": "Polygon", "coordinates": [[[79.18192589624468, 21.122064825343962], [79.18181577219822, 21.131095767483057], [79.19144133290521, 21.131198842968974], [79.19155087472602, 21.12216785266346], [79.18192589624468, 21.122064825343962]]]}}, {"type": "Feature", "properties": {"zone_id": "Z409", "rainfall_mm": 1173.59860242, "max_daily_rainfall_mm": 41.97435, "max_3day_rainfall_mm": 105.59338799999999, "elevation_m": 289.0, "slope_deg": 0.8036102593253973, "historical_event_count": 0, "historical_data_available": true, "max_daily_rainfall_factor": 0.09817351598173515, "max_3day_rainfall_factor": 0.4908675799086758, "low_elevation_factor": 0.771689497716895, "low_slope_factor": 0.7796803652968036, "low_lying": true, "historical_factor": 0.4634703196347032, "max_daily_rainfall_contribution": 2.045281582952816, "max_3day_rainfall_contribution": 10.22640791476408, "low_elevation_contribution": 19.292237442922374, "low_slope_contribution": 12.994672754946729, "historical_contribution": 7.724505327245054, "risk_score": 52, "risk_class": "MODERATE"}, "geometry": {"type": "Polygon", "coordinates": [[[79.18181577219822, 21.131095767483057], [79.18170558988638, 21.14012669945263], [79.19133173312697, 21.1402298231106], [79.19144133290521, 21.131198842968974], [79.18181577219822, 21.131095767483057]]]}}, {"type": "Feature", "properties": {"zone_id": "Z410", "rainfall_mm": 1173.59860242, "max_daily_rainfall_mm": 41.97435, "max_3day_rainfall_mm": 105.59338799999999, "elevation_m": 284.0, "slope_deg": 1.7963172523867896, "historical_event_count": 0, "historical_data_available": true, "max_daily_rainfall_factor": 0.09817351598173515, "max_3day_rainfall_factor": 0.4908675799086758, "low_elevation_factor": 0.8881278538812786, "low_slope_factor": 0.4668949771689498, "low_lying": true, "historical_factor": 0.4634703196347032, "max_daily_rainfall_contribution": 2.045281582952816, "max_3day_rainfall_contribution": 10.22640791476408, "low_elevation_contribution": 22.203196347031966, "low_slope_contribution": 7.78158295281583, "historical_contribution": 7.724505327245054, "risk_score": 50, "risk_class": "MODERATE"}, "geometry": {"type": "Polygon", "coordinates": [[[79.18170558988638, 21.14012669945263], [79.18159534929322, 21.14915762124901], [79.19122207537538, 21.149260793084697], [79.19133173312697, 21.1402298231106], [79.18170558988638, 21.14012669945263]]]}}, {"type": "Feature", "properties": {"zone_id": "Z411", "rainfall_mm": 1194.099920523283, "max_daily_rainfall_mm": 44.55817, "max_3day_rainfall_mm": 106.68683999999999, "elevation_m": 284.0, "slope_deg": 2.539520020526714, "historical_event_count": 0, "historical_data_available": true, "max_daily_rainfall_factor": 0.4006849315068493, "max_3day_rainfall_factor": 0.6221461187214612, "low_elevation_factor": 0.8881278538812786, "low_slope_factor": 0.2054794520547945, "low_lying": true, "historical_factor": 0.4634703196347032, "max_daily_rainfall_contribution": 8.347602739726028, "max_3day_rainfall_contribution": 12.961377473363777, "low_elevation_contribution": 22.203196347031966, "low_slope_contribution": 3.4246575342465753, "historical_contribution": 7.724505327245054, "risk_score": 55, "risk_class": "MODERATE"}, "geometry": {"type": "Polygon", "coordinates": [[[79.18159534929322, 21.14915762124901], [79.18148505040276, 21.158188532868575], [79.19111235963454, 21.158291752887614], [79.19122207537538, 21.149260793084697], [79.18159534929322, 21.14915762124901]]]}}, {"type": "Feature", "properties": {"zone_id": "Z412", "rainfall_mm": 1194.099920523283, "max_daily_rainfall_mm": 44.55817, "max_3day_rainfall_mm": 106.68683999999999, "elevation_m": 281.0, "slope_deg": 1.136347105590608, "historical_event_count": 0, "historical_data_available": true, "max_daily_rainfall_factor": 0.4006849315068493, "max_3day_rainfall_factor": 0.6221461187214612, "low_elevation_factor": 0.934931506849315, "low_slope_factor": 0.6643835616438356, "low_lying": true, "historical_factor": 0.4634703196347032, "max_daily_rainfall_contribution": 8.347602739726028, "max_3day_rainfall_contribution": 12.961377473363777, "low_elevation_contribution": 23.373287671232877, "low_slope_contribution": 11.073059360730594, "historical_contribution": 7.724505327245054, "risk_score": 63, "risk_class": "HIGH"}, "geometry": {"type": "Polygon", "coordinates": [[[79.18148505040276, 21.158188532868575], [79.18137469319898, 21.16721943430766], [79.19100258588858, 21.167322702515715], [79.19111235963454, 21.158291752887614], [79.18148505040276, 21.158188532868575]]]}}, {"type": "Feature", "properties": {"zone_id": "Z413", "rainfall_mm": 1194.099920523283, "max_daily_rainfall_mm": 44.55817, "max_3day_rainfall_mm": 106.68683999999999, "elevation_m": 290.0, "slope_deg": 1.7963172523867896, "historical_event_count": 0, "historical_data_available": true, "max_daily_rainfall_factor": 0.4006849315068493, "max_3day_rainfall_factor": 0.6221461187214612, "low_elevation_factor": 0.7442922374429224, "low_slope_factor": 0.4668949771689498, "low_lying": true, "historical_factor": 0.4634703196347032, "max_daily_rainfall_contribution": 8.347602739726028, "max_3day_rainfall_contribution": 12.961377473363777, "low_elevation_contribution": 18.60730593607306, "low_slope_contribution": 7.78158295281583, "historical_contribution": 7.724505327245054, "risk_score": 55, "risk_class": "MODERATE"}, "geometry": {"type": "Polygon", "coordinates": [[[79.18137469319898, 21.16721943430766], [79.1812642776659, 21.176250325562638], [79.19089275412156, 21.176353641965374], [79.19100258588858, 21.167322702515715], [79.18137469319898, 21.16721943430766]]]}}, {"type": "Feature", "properties": {"zone_id": "Z414", "rainfall_mm": 1194.099920523283, "max_daily_rainfall_mm": 44.55817, "max_3day_rainfall_mm": 106.68683999999999, "elevation_m": 289.0, "slope_deg": 2.409567339030629, "historical_event_count": 0, "historical_data_available": true, "max_daily_rainfall_factor": 0.4006849315068493, "max_3day_rainfall_factor": 0.6221461187214612, "low_elevation_factor": 0.771689497716895, "low_slope_factor": 0.2363013698630137, "low_lying": true, "historical_factor": 0.4634703196347032, "max_daily_rainfall_contribution": 8.347602739726028, "max_3day_rainfall_contribution": 12.961377473363777, "low_elevation_contribution": 19.292237442922374, "low_slope_contribution": 3.938356164383562, "historical_contribution": 7.724505327245054, "risk_score": 52, "risk_class": "MODERATE"}, "geometry": {"type": "Polygon", "coordinates": [[[79.1812642776659, 21.176250325562638], [79.18115380378754, 21.185281206629867], [79.19078286431757, 21.185384571232934], [79.19089275412156, 21.176353641965374], [79.1812642776659, 21.176250325562638]]]}}, {"type": "Feature", "properties": {"zone_id": "Z415", "rainfall_mm": 1194.099920523283, "max_daily_rainfall_mm": 44.55817, "max_3day_rainfall_mm": 106.68683999999999, "elevation_m": 291.0, "slope_deg": 0.8035325853473997, "historical_event_count": 0, "historical_data_available": true, "max_daily_rainfall_factor": 0.4006849315068493, "max_3day_rainfall_factor": 0.6221461187214612, "low_elevation_factor": 0.7203196347031964, "low_slope_factor": 0.8710045662100456, "low_lying": false, "historical_factor": 0.4634703196347032, "max_daily_rainfall_contribution": 8.347602739726028, "max_3day_rainfall_contribution": 12.961377473363777, "low_elevation_contribution": 18.00799086757991, "low_slope_contribution": 14.516742770167427, "historical_contribution": 7.724505327245054, "risk_score": 62, "risk_class": "HIGH"}, "geometry": {"type": "Polygon", "coordinates": [[[79.18115380378754, 21.185281206629867], [79.18104327154785, 21.194312077505696], [79.19067291646067, 21.19441549031476], [79.19078286431757, 21.185384571232934], [79.18115380378754, 21.185281206629867]]]}}, {"type": "Feature", "properties": {"zone_id": "Z416", "rainfall_mm": 1194.099920523283, "max_daily_rainfall_mm": 44.55817, "max_3day_rainfall_mm": 106.68683999999999, "elevation_m": 285.0, "slope_deg": 0.8035325853473997, "historical_event_count": 0, "historical_data_available": true, "max_daily_rainfall_factor": 0.4006849315068493, "max_3day_rainfall_factor": 0.6221461187214612, "low_elevation_factor": 0.8573059360730594, "low_slope_factor": 0.8710045662100456, "low_lying": true, "historical_factor": 0.4634703196347032, "max_daily_rainfall_contribution": 8.347602739726028, "max_3day_rainfall_contribution": 12.961377473363777, "low_elevation_contribution": 21.432648401826484, "low_slope_contribution": 14.516742770167427, "historical_contribution": 7.724505327245054, "risk_score": 65, "risk_class": "HIGH"}, "geometry": {"type": "Polygon", "coordinates": [[[79.18104327154785, 21.194312077505696], [79.18093268093081, 21.203342938186495], [79.19056291053491, 21.203446399207223], [79.19067291646067, 21.19441549031476], [79.18104327154785, 21.194312077505696]]]}}, {"type": "Feature", "properties": {"zone_id": "Z417", "rainfall_mm": 1195.6191144235, "max_daily_rainfall_mm": 48.440636, "max_3day_rainfall_mm": 96.881272, "elevation_m": 284.0, "slope_deg": 0.0, "historical_event_count": 0, "historical_data_available": true, "max_daily_rainfall_factor": 0.730593607305936, "max_3day_rainfall_factor": 0.02054794520547945, "low_elevation_factor": 0.8881278538812786, "low_slope_factor": 0.9600456621004566, "low_lying": true, "historical_factor": 0.4634703196347032, "max_daily_rainfall_contribution": 15.220700152207002, "max_3day_rainfall_contribution": 0.42808219178082196, "low_elevation_contribution": 22.203196347031966, "low_slope_contribution": 16.00076103500761, "historical_contribution": 7.724505327245054, "risk_score": 62, "risk_class": "HIGH"}, "geometry": {"type": "Polygon", "coordinates": [[[79.18093268093081, 21.203342938186495], [79.18082203192037, 21.21237378866861], [79.19045284652435, 21.212477297906677], [79.19056291053491, 21.203446399207223], [79.18093268093081, 21.203342938186495]]]}}, {"type": "Feature", "properties": {"zone_id": "Z418", "rainfall_mm": 1195.6191144235, "max_daily_rainfall_mm": 48.440636, "max_3day_rainfall_mm": 96.881272, "elevation_m": 285.0, "slope_deg": 1.7963172523867896, "historical_event_count": 0, "historical_data_available": true, "max_daily_rainfall_factor": 0.730593607305936, "max_3day_rainfall_factor": 0.02054794520547945, "low_elevation_factor": 0.8573059360730594, "low_slope_factor": 0.4668949771689498, "low_lying": true, "historical_factor": 0.4634703196347032, "max_daily_rainfall_contribution": 15.220700152207002, "max_3day_rainfall_contribution": 0.42808219178082196, "low_elevation_contribution": 21.432648401826484, "low_slope_contribution": 7.78158295281583, "historical_contribution": 7.724505327245054, "risk_score": 53, "risk_class": "MODERATE"}, "geometry": {"type": "Polygon", "coordinates": [[[79.18082203192037, 21.21237378866861], [79.18071132450049, 21.221404628948413], [79.19034272441301, 21.221508186409494], [79.19045284652435, 21.212477297906677], [79.18082203192037, 21.21237378866861]]]}}, {"type": "Feature", "properties": {"zone_id": "Z419", "rainfall_mm": 1195.6191144235, "max_daily_rainfall_mm": 48.440636, "max_3day_rainfall_mm": 96.881272, "elevation_m": 289.0, "slope_deg": 1.7964213810407137, "historical_event_count": 0, "historical_data_available": true, "max_daily_rainfall_factor": 0.730593607305936, "max_3day_rainfall_factor": 0.02054794520547945, "low_elevation_factor": 0.771689497716895, "low_slope_factor": 0.3698630136986301, "low_lying": true, "historical_factor": 0.4634703196347032, "max_daily_rainfall_contribution": 15.220700152207002, "max_3day_rainfall_contribution": 0.42808219178082196, "low_elevation_contribution": 19.292237442922374, "low_slope_contribution": 6.164383561643835, "historical_contribution": 7.724505327245054, "risk_score": 49, "risk_class": "MODERATE"}, "geometry": {"type": "Polygon", "coordinates": [[[79.19034272441301, 21.221508186409494], [79.18071132450049, 21.221404628948413], [79.18060577359398, 21.2300103878616], [79.19023905541601, 21.230005506971974], [79.19034272441301, 21.221508186409494]]]}}, {"type": "Feature", "properties": {"zone_id": "Z421", "rainfall_mm": 1148.143908243, "max_daily_rainfall_mm": 56.800682, "max_3day_rainfall_mm": 123.306512, "elevation_m": 281.0, "slope_deg": 0.8035325853473997, "historical_event_count": 0, "historical_data_available": true, "max_daily_rainfall_factor": 0.9668949771689498, "max_3day_rainfall_factor": 0.884703196347032, "low_elevation_factor": 0.934931506849315, "low_slope_factor": 0.8710045662100456, "low_lying": true, "historical_factor": 0.4634703196347032, "max_daily_rainfall_contribution": 20.143645357686456, "max_3day_rainfall_contribution": 18.431316590563167, "low_elevation_contribution": 23.373287671232877, "low_slope_contribution": 14.516742770167427, "historical_contribution": 7.724505327245054, "risk_score": 84, "risk_class": "CRITICAL"}, "geometry": {"type": "Polygon", "coordinates": [[[79.1923160459945, 21.05895063624209], [79.2000004208217, 21.059032265095773], [79.2, 21.05], [79.19242410162683, 21.05000429359399], [79.1923160459945, 21.05895063624209]]]}}, {"type": "Feature", "properties": {"zone_id": "Z422", "rainfall_mm": 1148.143908243, "max_daily_rainfall_mm": 56.800682, "max_3day_rainfall_mm": 123.306512, "elevation_m": 274.0, "slope_deg": 1.136347105590608, "historical_event_count": 0, "historical_data_available": true, "max_daily_rainfall_factor": 0.9668949771689498, "max_3day_rainfall_factor": 0.884703196347032, "low_elevation_factor": 0.9954337899543378, "low_slope_factor": 0.6643835616438356, "low_lying": true, "historical_factor": 0.4634703196347032, "max_daily_rainfall_contribution": 20.143645357686456, "max_3day_rainfall_contribution": 18.431316590563167, "low_elevation_contribution": 24.885844748858446, "low_slope_contribution": 11.073059360730594, "historical_contribution": 7.724505327245054, "risk_score": 82, "risk_class": "CRITICAL"}, "geometry": {"type": "Polygon", "coordinates": [[[79.1923160459945, 21.05895063624209], [79.19220690943214, 21.067981697592778], [79.20000079721129, 21.068064521074707], [79.2000004208217, 21.059032265095773], [79.1923160459945, 21.05895063624209]]]}}, {"type": "Feature", "properties": {"zone_id": "Z423", "rainfall_mm": 1148.143908243, "max_daily_rainfall_mm": 56.800682, "max_3day_rainfall_mm": 123.306512, "elevation_m": 272.0, "slope_deg": 1.7963172523867896, "historical_event_count": 0, "historical_data_available": true, "max_daily_rainfall_factor": 0.9668949771689498, "max_3day_rainfall_factor": 0.884703196347032, "low_elevation_factor": 0.9988584474885844, "low_slope_factor": 0.4668949771689498, "low_lying": true, "historical_factor": 0.4634703196347032, "max_daily_rainfall_contribution": 20.143645357686456, "max_3day_rainfall_contribution": 18.431316590563167, "low_elevation_contribution": 24.97146118721461, "low_slope_contribution": 7.78158295281583, "historical_contribution": 7.724505327245054, "risk_score": 79, "risk_class": "CRITICAL"}, "geometry": {"type": "Polygon", "coordinates": [[[79.19220690943214, 21.067981697592778], [79.19209771502321, 21.07701274880509], [79.20000112916357, 21.077096767933252], [79.20000079721129, 21.068064521074707], [79.19220690943214, 21.067981697592778]]]}}, {"type": "Feature", "properties": {"zone_id": "Z424", "rainfall_mm": 1148.143908243, "max_daily_rainfall_mm": 56.800682, "max_3day_rainfall_mm": 123.306512, "elevation_m": 277.0, "slope_deg": 1.7963172523867896, "historical_event_count": 0, "historical_data_available": true, "max_daily_rainfall_factor": 0.9668949771689498, "max_3day_rainfall_factor": 0.884703196347032, "low_elevation_factor": 0.9748858447488584, "low_slope_factor": 0.4668949771689498, "low_lying": true, "historical_factor": 0.4634703196347032, "max_daily_rainfall_contribution": 20.143645357686456, "max_3day_rainfall_contribution": 18.431316590563167, "low_elevation_contribution": 24.37214611872146, "low_slope_contribution": 7.78158295281583, "historical_contribution": 7.724505327245054, "risk_score": 78, "risk_class": "CRITICAL"}, "geometry": {"type": "Polygon", "coordinates": [[[79.19209771502321, 21.07701274880509], [79.19198846275187, 21.086043789875387], [79.2000014166732, 21.086129005667853], [79.20000112916357, 21.077096767933252], [79.19209771502321, 21.07701274880509]]]}}, {"type": "Feature", "properties": {"zone_id": "Z425", "rainfall_mm": 1148.143908243, "max_daily_rainfall_mm": 56.800682, "max_3day_rainfall_mm": 123.306512, "elevation_m": 275.0, "slope_deg": 0.8036102593253973, "historical_event_count": 0, "historical_data_available": true, "max_daily_rainfall_factor": 0.9668949771689498, "max_3day_rainfall_factor": 0.884703196347032, "low_elevation_factor": 0.9920091324200914, "low_slope_factor": 0.7796803652968036, "low_lying": true, "historical_factor": 0.4634703196347032, "max_daily_rainfall_contribution": 20.143645357686456, "max_3day_rainfall_contribution": 18.431316590563167, "low_elevation_contribution": 24.800228310502284, "low_slope_contribution": 12.994672754946729, "historical_contribution": 7.724505327245054, "risk_score": 84, "risk_class": "CRITICAL"}, "geometry": {"type": "Polygon", "coordinates": [[[79.19198846275187, 21.086043789875387], [79.1918791526023, 21.095074820800015], [79.20000165973492, 21.095161234274958], [79.2000014166732, 21.086129005667853], [79.19198846275187, 21.086043789875387]]]}}, {"type": "Feature", "properties": {"zone_id": "Z426", "rainfall_mm": 1148.143908243, "max_daily_rainfall_mm": 56.800682, "max_3day_rainfall_mm": 123.306512, "elevation_m": 272.0, "slope_deg": 1.136347105590608, "historical_event_count": 0, "historical_data_available": true, "max_daily_rainfall_factor": 0.9668949771689498, "max_3day_rainfall_factor": 0.884703196347032, "low_elevation_factor": 0.9988584474885844, "low_slope_factor": 0.6643835616438356, "low_lying": true, "historical_factor": 0.4634703196347032, "max_daily_rainfall_contribution": 20.143645357686456, "max_3day_rainfall_contribution": 18.431316590563167, "low_elevation_contribution": 24.97146118721461, "low_slope_contribution": 11.073059360730594, "historical_contribution": 7.724505327245054, "risk_score": 82, "risk_class": "CRITICAL"}, "geometry": {"type": "Polygon", "coordinates": [[[79.1918791526023, 21.095074820800015], [79.1917697845587, 21.104105841575333], [79.20000185834344, 21.104193453751], [79.20000165973492, 21.095161234274958], [79.1918791526023, 21.095074820800015]]]}}, {"type": "Feature", "properties": {"zone_id": "Z427", "rainfall_mm": 1173.59860242, "max_daily_rainfall_mm": 41.97435, "max_3day_rainfall_mm": 105.59338799999999, "elevation_m": 282.0, "slope_deg": 2.2718009544716, "historical_event_count": 0, "historical_data_available": true, "max_daily_rainfall_factor": 0.09817351598173515, "max_3day_rainfall_factor": 0.4908675799086758, "low_elevation_factor": 0.9200913242009132, "low_slope_factor": 0.2865296803652968, "low_lying": true, "historical_factor": 0.4634703196347032, "max_daily_rainfall_contribution": 2.045281582952816, "max_3day_rainfall_contribution": 10.22640791476408, "low_elevation_contribution": 23.00228310502283, "low_slope_contribution": 4.775494672754947, "historical_contribution": 7.724505327245054, "risk_score": 48, "risk_class": "MODERATE"}, "geometry": {"type": "Polygon", "coordinates": [[[79.1917697845587, 21.104105841575333], [79.19166035860522, 21.113136852197698], [79.20000201249344, 21.11322566409246], [79.20000185834344, 21.104193453751], [79.1917697845587, 21.104105841575333]]]}}, {"type": "Feature", "properties": {"zone_id": "Z428", "rainfall_mm": 1173.59860242, "max_daily_rainfall_mm": 41.97435, "max_3day_rainfall_mm": 105.59338799999999, "elevation_m": 284.0, "slope_deg": 1.7963172523867896, "historical_event_count": 0, "historical_data_available": true, "max_daily_rainfall_factor": 0.09817351598173515, "max_3day_rainfall_factor": 0.4908675799086758, "low_elevation_factor": 0.8881278538812786, "low_slope_factor": 0.4668949771689498, "low_lying": true, "historical_factor": 0.4634703196347032, "max_daily_rainfall_contribution": 2.045281582952816, "max_3day_rainfall_contribution": 10.22640791476408, "low_elevation_contribution": 22.203196347031966, "low_slope_contribution": 7.78158295281583, "historical_contribution": 7.724505327245054, "risk_score": 50, "risk_class": "MODERATE"}, "geometry": {"type": "Polygon", "coordinates": [[[79.19166035860522, 21.113136852197698], [79.19155087472602, 21.12216785266346], [79.20000212217963, 21.122257865295765], [79.20000201249344, 21.11322566409246], [79.19166035860522, 21.113136852197698]]]}}, {"type": "Feature", "properties": {"zone_id": "Z429", "rainfall_mm": 1173.59860242, "max_daily_rainfall_mm": 41.97435, "max_3day_rainfall_mm": 105.59338799999999, "elevation_m": 288.0, "slope_deg": 2.539520020526714, "historical_event_count": 0, "historical_data_available": true, "max_daily_rainfall_factor": 0.09817351598173515, "max_3day_rainfall_factor": 0.4908675799086758, "low_elevation_factor": 0.7990867579908676, "low_slope_factor": 0.2054794520547945, "low_lying": true, "historical_factor": 0.4634703196347032, "max_daily_rainfall_contribution": 2.045281582952816, "max_3day_rainfall_contribution": 10.22640791476408, "low_elevation_contribution": 19.97716894977169, "low_slope_contribution": 3.4246575342465753, "historical_contribution": 7.724505327245054, "risk_score": 43, "risk_class": "MODERATE"}, "geometry": {"type": "Polygon", "coordinates": [[[79.19155087472602, 21.12216785266346], [79.19144133290521, 21.131198842968974], [79.20000218739668, 21.13129005735737], [79.20000212217963, 21.122257865295765], [79.19155087472602, 21.12216785266346]]]}}, {"type": "Feature", "properties": {"zone_id": "Z430", "rainfall_mm": 1173.59860242, "max_daily_rainfall_mm": 41.97435, "max_3day_rainfall_mm": 105.59338799999999, "elevation_m": 287.0, "slope_deg": 1.136347105590608, "historical_event_count": 0, "historical_data_available": true, "max_daily_rainfall_factor": 0.09817351598173515, "max_3day_rainfall_factor": 0.4908675799086758, "low_elevation_factor": 0.821917808219178, "low_slope_factor": 0.6643835616438356, "low_lying": true, "historical_factor": 0.4634703196347032, "max_daily_rainfall_contribution": 2.045281582952816, "max_3day_rainfall_contribution": 10.22640791476408, "low_elevation_contribution": 20.54794520547945, "low_slope_contribution": 11.073059360730594, "historical_contribution": 7.724505327245054, "risk_score": 52, "risk_class": "MODERATE"}, "geometry": {"type": "Polygon", "coordinates": [[[79.19144133290521, 21.131198842968974], [79.19133173312697, 21.1402298231106], [79.20000220813925, 21.14032224027373], [79.20000218739668, 21.13129005735737], [79.19144133290521, 21.131198842968974]]]}}, {"type": "Feature", "properties": {"zone_id": "Z431", "rainfall_mm": 1173.59860242, "max_daily_rainfall_mm": 41.97435, "max_3day_rainfall_mm": 105.59338799999999, "elevation_m": 281.0, "slope_deg": 0.8036102593253973, "historical_event_count": 0, "historical_data_available": true, "max_daily_rainfall_factor": 0.09817351598173515, "max_3day_rainfall_factor": 0.4908675799086758, "low_elevation_factor": 0.934931506849315, "low_slope_factor": 0.7796803652968036, "low_lying": true, "historical_factor": 0.4634703196347032, "max_daily_rainfall_contribution": 2.045281582952816, "max_3day_rainfall_contribution": 10.22640791476408, "low_elevation_contribution": 23.373287671232877, "low_slope_contribution": 12.994672754946729, "historical_contribution": 7.724505327245054, "risk_score": 56, "risk_class": "HIGH"}, "geometry": {"type": "Polygon", "coordinates": [[[79.19133173312697, 21.1402298231106], [79.19122207537538, 21.149260793084697], [79.20000218440205, 21.149354414041287], [79.20000220813925, 21.14032224027373], [79.19133173312697, 21.1402298231106]]]}}, {"type": "Feature", "properties": {"zone_id": "Z432", "rainfall_mm": 1194.099920523283, "max_daily_rainfall_mm": 44.55817, "max_3day_rainfall_mm": 106.68683999999999, "elevation_m": 280.0, "slope_deg": 1.7964213810407137, "historical_event_count": 0, "historical_data_available": true, "max_daily_rainfall_factor": 0.4006849315068493, "max_3day_rainfall_factor": 0.6221461187214612, "low_elevation_factor": 0.9509132420091324, "low_slope_factor": 0.3698630136986301, "low_lying": true, "historical_factor": 0.4634703196347032, "max_daily_rainfall_contribution": 8.347602739726028, "max_3day_rainfall_contribution": 12.961377473363777, "low_elevation_contribution": 23.77283105022831, "low_slope_contribution": 6.164383561643835, "historical_contribution": 7.724505327245054, "risk_score": 59, "risk_class": "HIGH"}, "geometry": {"type": "Polygon", "coordinates": [[[79.19122207537538, 21.149260793084697], [79.19111235963454, 21.158291752887614], [79.20000211617972, 21.158386578656497], [79.20000218440205, 21.149354414041287], [79.19122207537538, 21.149260793084697]]]}}, {"type": "Feature", "properties": {"zone_id": "Z433", "rainfall_mm": 1194.099920523283, "max_daily_rainfall_mm": 44.55817, "max_3day_rainfall_mm": 106.68683999999999, "elevation_m": 283.0, "slope_deg": 0.0, "historical_event_count": 0, "historical_data_available": true, "max_daily_rainfall_factor": 0.4006849315068493, "max_3day_rainfall_factor": 0.6221461187214612, "low_elevation_factor": 0.908675799086758, "low_slope_factor": 0.9600456621004566, "low_lying": true, "historical_factor": 0.4634703196347032, "max_daily_rainfall_contribution": 8.347602739726028, "max_3day_rainfall_contribution": 12.961377473363777, "low_elevation_contribution": 22.71689497716895, "low_slope_contribution": 16.00076103500761, "historical_contribution": 7.724505327245054, "risk_score": 68, "risk_class": "HIGH"}, "geometry": {"type": "Polygon", "coordinates": [[[79.19111235963454, 21.158291752887614], [79.19100258588858, 21.167322702515715], [79.20000200346692, 21.16741873411583], [79.20000211617972, 21.158386578656497], [79.19111235963454, 21.158291752887614]]]}}, {"type": "Feature", "properties": {"zone_id": "Z434", "rainfall_mm": 1194.099920523283, "max_daily_rainfall_mm": 44.55817, "max_3day_rainfall_mm": 106.68683999999999, "elevation_m": 285.0, "slope_deg": 2.5397161746466046, "historical_event_count": 0, "historical_data_available": true, "max_daily_rainfall_factor": 0.4006849315068493, "max_3day_rainfall_factor": 0.6221461187214612, "low_elevation_factor": 0.8573059360730594, "low_slope_factor": 0.1632420091324201, "low_lying": true, "historical_factor": 0.4634703196347032, "max_daily_rainfall_contribution": 8.347602739726028, "max_3day_rainfall_contribution": 12.961377473363777, "low_elevation_contribution": 21.432648401826484, "low_slope_contribution": 2.720700152207002, "historical_contribution": 7.724505327245054, "risk_score": 53, "risk_class": "MODERATE"}, "geometry": {"type": "Polygon", "coordinates": [[[79.19100258588858, 21.167322702515715], [79.19089275412156, 21.176353641965374], [79.20000184625832, 21.176450880415725], [79.20000200346692, 21.16741873411583], [79.19100258588858, 21.167322702515715]]]}}, {"type": "Feature", "properties": {"zone_id": "Z435", "rainfall_mm": 1194.099920523283, "max_daily_rainfall_mm": 44.55817, "max_3day_rainfall_mm": 106.68683999999999, "elevation_m": 291.0, "slope_deg": 1.136347105590608, "historical_event_count": 0, "historical_data_available": true, "max_daily_rainfall_factor": 0.4006849315068493, "max_3day_rainfall_factor": 0.6221461187214612, "low_elevation_factor": 0.7203196347031964, "low_slope_factor": 0.6643835616438356, "low_lying": false, "historical_factor": 0.4634703196347032, "max_daily_rainfall_contribution": 8.347602739726028, "max_3day_rainfall_contribution": 12.961377473363777, "low_elevation_contribution": 18.00799086757991, "low_slope_contribution": 11.073059360730594, "historical_contribution": 7.724505327245054, "risk_score": 58, "risk_class": "HIGH"}, "geometry": {"type": "Polygon", "coordinates": [[[79.19089275412156, 21.176353641965374], [79.19078286431757, 21.185384571232934], [79.20000164454852, 21.185483017552652], [79.20000184625832, 21.176450880415725], [79.19089275412156, 21.176353641965374]]]}}, {"type": "Feature", "properties": {"zone_id": "Z436", "rainfall_mm": 1194.099920523283, "max_daily_rainfall_mm": 44.55817, "max_3day_rainfall_mm": 106.68683999999999, "elevation_m": 292.0, "slope_deg": 2.539520020526714, "historical_event_count": 0, "historical_data_available": true, "max_daily_rainfall_factor": 0.4006849315068493, "max_3day_rainfall_factor": 0.6221461187214612, "low_elevation_factor": 0.6974885844748858, "low_slope_factor": 0.2054794520547945, "low_lying": false, "historical_factor": 0.4634703196347032, "max_daily_rainfall_contribution": 8.347602739726028, "max_3day_rainfall_contribution": 12.961377473363777, "low_elevation_contribution": 17.437214611872147, "low_slope_contribution": 3.4246575342465753, "historical_contribution": 7.724505327245054, "risk_score": 50, "risk_class": "MODERATE"}, "geometry": {"type": "Polygon", "coordinates": [[[79.19078286431757, 21.185384571232934], [79.19067291646067, 21.19441549031476], [79.2000013983322, 21.19451514552306], [79.20000164454852, 21.185483017552652], [79.19078286431757, 21.185384571232934]]]}}, {"type": "Feature", "properties": {"zone_id": "Z437", "rainfall_mm": 1194.099920523283, "max_daily_rainfall_mm": 44.55817, "max_3day_rainfall_mm": 106.68683999999999, "elevation_m": 287.0, "slope_deg": 0.8035325853473997, "historical_event_count": 0, "historical_data_available": true, "max_daily_rainfall_factor": 0.4006849315068493, "max_3day_rainfall_factor": 0.6221461187214612, "low_elevation_factor": 0.821917808219178, "low_slope_factor": 0.8710045662100456, "low_lying": true, "historical_factor": 0.4634703196347032, "max_daily_rainfall_contribution": 8.347602739726028, "max_3day_rainfall_contribution": 12.961377473363777, "low_elevation_contribution": 20.54794520547945, "low_slope_contribution": 14.516742770167427, "historical_contribution": 7.724505327245054, "risk_score": 64, "risk_class": "HIGH"}, "geometry": {"type": "Polygon", "coordinates": [[[79.19067291646067, 21.19441549031476], [79.19056291053491, 21.203446399207223], [79.20000110760397, 21.203547264323408], [79.2000013983322, 21.19451514552306], [79.19067291646067, 21.19441549031476]]]}}, {"type": "Feature", "properties": {"zone_id": "Z438", "rainfall_mm": 1195.6191144235, "max_daily_rainfall_mm": 48.440636, "max_3day_rainfall_mm": 96.881272, "elevation_m": 290.0, "slope_deg": 1.7964213810407137, "historical_event_count": 0, "historical_data_available": true, "max_daily_rainfall_factor": 0.730593607305936, "max_3day_rainfall_factor": 0.02054794520547945, "low_elevation_factor": 0.7442922374429224, "low_slope_factor": 0.3698630136986301, "low_lying": true, "historical_factor": 0.4634703196347032, "max_daily_rainfall_contribution": 15.220700152207002, "max_3day_rainfall_contribution": 0.42808219178082196, "low_elevation_contribution": 18.60730593607306, "low_slope_contribution": 6.164383561643835, "historical_contribution": 7.724505327245054, "risk_score": 48, "risk_class": "MODERATE"}, "geometry": {"type": "Polygon", "coordinates": [[[79.19056291053491, 21.203446399207223], [79.19045284652435, 21.212477297906677], [79.20000077235846, 21.21257937395016], [79.20000110760397, 21.203547264323408], [79.19056291053491, 21.203446399207223]]]}}, {"type": "Feature", "properties": {"zone_id": "Z439", "rainfall_mm": 1195.6191144235, "max_daily_rainfall_mm": 48.440636, "max_3day_rainfall_mm": 96.881272, "elevation_m": 288.0, "slope_deg": 1.7963172523867896, "historical_event_count": 0, "historical_data_available": true, "max_daily_rainfall_factor": 0.730593607305936, "max_3day_rainfall_factor": 0.02054794520547945, "low_elevation_factor": 0.7990867579908676, "low_slope_factor": 0.4668949771689498, "low_lying": true, "historical_factor": 0.4634703196347032, "max_daily_rainfall_contribution": 15.220700152207002, "max_3day_rainfall_contribution": 0.42808219178082196, "low_elevation_contribution": 19.97716894977169, "low_slope_contribution": 7.78158295281583, "historical_contribution": 7.724505327245054, "risk_score": 51, "risk_class": "MODERATE"}, "geometry": {"type": "Polygon", "coordinates": [[[79.19045284652435, 21.212477297906677], [79.19034272441301, 21.221508186409494], [79.19997418244229, 21.22161119483223], [79.20000048783575, 21.21944284005621], [79.20000077235846, 21.21257937395016], [79.19045284652435, 21.212477297906677]]]}}, {"type": "Feature", "properties": {"zone_id": "Z440", "rainfall_mm": 1195.6191144235, "max_daily_rainfall_mm": 48.440636, "max_3day_rainfall_mm": 96.881272, "elevation_m": 289.0, "slope_deg": 2.2718009544716, "historical_event_count": 0, "historical_data_available": true, "max_daily_rainfall_factor": 0.730593607305936, "max_3day_rainfall_factor": 0.02054794520547945, "low_elevation_factor": 0.771689497716895, "low_slope_factor": 0.2865296803652968, "low_lying": true, "historical_factor": 0.4634703196347032, "max_daily_rainfall_contribution": 15.220700152207002, "max_3day_rainfall_contribution": 0.42808219178082196, "low_elevation_contribution": 19.292237442922374, "low_slope_contribution": 4.775494672754947, "historical_contribution": 7.724505327245054, "risk_score": 47, "risk_class": "MODERATE"}, "geometry": {"type": "Polygon", "coordinates": [[[79.19997418244229, 21.22161119483223], [79.19034272441301, 21.221508186409494], [79.19023905541601, 21.230005506971974], [79.1998723812884, 21.230000075646306], [79.19997418244229, 21.22161119483223]]]}}, {"type": "Feature", "properties": {"zone_id": "Z460", "rainfall_mm": 1195.6191144235, "max_daily_rainfall_mm": 48.440636, "max_3day_rainfall_mm": 96.881272, "elevation_m": 277.0, "slope_deg": 3.3095999178145146, "historical_event_count": 0, "historical_data_available": true, "max_daily_rainfall_factor": 0.730593607305936, "max_3day_rainfall_factor": 0.02054794520547945, "low_elevation_factor": 0.9748858447488584, "low_slope_factor": 0.08105022831050228, "low_lying": true, "historical_factor": 0.4634703196347032, "max_daily_rainfall_contribution": 15.220700152207002, "max_3day_rainfall_contribution": 0.42808219178082196, "low_elevation_contribution": 24.37214611872146, "low_slope_contribution": 1.3508371385083715, "historical_contribution": 7.724505327245054, "risk_score": 49, "risk_class": "MODERATE"}, "geometry": {"type": "Polygon", "coordinates": [[[79.19997418244229, 21.22161119483223], [79.20000039259028, 21.22161147439977], [79.20000048783575, 21.21944284005621], [79.19997418244229, 21.22161119483223]]]}}, {"type": "Feature", "properties": {"zone_id": "Z461", "rainfall_mm": 1195.6191144235, "max_daily_rainfall_mm": 48.440636, "max_3day_rainfall_mm": 96.881272, "elevation_m": 290.0, "slope_deg": 0.8036102593253973, "historical_event_count": 0, "historical_data_available": true, "max_daily_rainfall_factor": 0.730593607305936, "max_3day_rainfall_factor": 0.02054794520547945, "low_elevation_factor": 0.7442922374429224, "low_slope_factor": 0.7796803652968036, "low_lying": true, "historical_factor": 0.4634703196347032, "max_daily_rainfall_contribution": 15.220700152207002, "max_3day_rainfall_contribution": 0.42808219178082196, "low_elevation_contribution": 18.60730593607306, "low_slope_contribution": 12.994672754946729, "historical_contribution": 7.724505327245054, "risk_score": 55, "risk_class": "MODERATE"}, "geometry": {"type": "Polygon", "coordinates": [[[79.19997418244229, 21.22161119483223], [79.1998723812884, 21.230000075646306], [79.2, 21.23], [79.20000039259028, 21.22161147439977], [79.19997418244229, 21.22161119483223]]]}}]}