date,rainfall_mm,latitude,longitude
2024-01-01,0.0,21.024994,78.975006
2024-01-01,0.0,21.024994,79.024994
2024-01-01,0.0,21.024994,79.07501
2024-01-01,0.0,21.024994,79.125
2024-01-01,0.0,21.024994,79.17499
2024-01-01,0.0,21.024994,79.225006
2024-01-01,0.0,21.074997,78.975006
2024-01-01,0.0,21.074997,79.024994
2024-01-01,0.0,21.074997,79.07501
2024-01-01,0.0,21.074997,79.125
2024-01-01,0.0,21.074997,79.17499
2024-01-01,0.0,21.074997,79.225006
2024-01-01,0.0,21.125,78.975006
2024-01-01,0.0,21.125,79.024994
2024-01-01,0.0,21.125,79.07501
2024-01-01,0.0,21.125,79.125
2024-01-01,0.0,21.125,79.17499
2024-01-01,0.0,21.125,79.225006
2024-01-01,0.0,21.174995,78.975006
2024-01-01,0.0,21.174995,79.024994
2024-01-01,0.0,21.174995,79.07501
2024-01-01,0.0,21.174995,79.125
2024-01-01,0.0,21.174995,79.17499
2024-01-01,0.0,21.174995,79.225006
2024-01-01,0.0,21.224998,78.975006
2024-01-01,0.0,21.224998,79.024994
2024-01-01,0.0,21.224998,79.07501
2024-01-01,0.0,21.224998,79.125
2024-01-01,0.0,21.224998,79.17499
2024-01-01,0.0,21.224998,79.225006
2024-01-02,0.0,21.024994,78.975006
2024-01-02,0.0,21.024994,79.024994
2024-01-02,0.0,21.024994,79.07501
2024-01-02,0.0,21.024994,79.125
2024-01-02,0.0,21.024994,79.17499
2024-01-02,0.0,21.024994,79.225006
2024-01-02,0.0,21.074997,78.975006
2024-01-02,0.0,21.074997,79.024994
2024-01-02,0.0,21.074997,79.07501
2024-01-02,0.0,21.074997,79.125
2024-01-02,0.0,21.074997,79.17499
2024-01-02,0.0,21.074997,79.225006
2024-01-02,0.0,21.125,78.975006
2024-01-02,0.0,21.125,79.024994
2024-01-02,0.0,21.125,79.07501
2024-01-02,0.0,21.125,79.125
2024-01-02,0.0,21.125,79.17499
2024-01-02,0.0,21.125,79.225006
2024-01-02,0.0,21.174995,78.975006
2024-01-02,0.0,21.174995,79.024994
2024-01-02,0.0,21.174995,79.07501
2024-01-02,0.0,21.174995,79.125
2024-01-02,0.0,21.174995,79.17499
2024-01-02,0.0,21.174995,79.225006
2024-01-02,0.0,21.224998,78.975006
2024-01-02,0.0,21.224998,79.024994
2024-01-02,0.0,21.224998,79.07501
2024-01-02,0.0,21.224998,79.125
2024-01-02,0.0,21.224998,79.17499
2024-01-02,0.0,21.224998,79.225006
2024-01-03,0.0,21.024994,78.975006
2024-01-03,0.0,21.024994,79.024994
2024-01-03,0.0,21.024994,79.07501
2024-01-03,0.0,21.024994,79.125
2024-01-03,0.0,21.024994,79.17499
2024-01-03,0.0,21.024994,79.225006
2024-01-03,0.0,21.074997,78.975006
2024-01-03,0.0,21.074997,79.024994
2024-01-03,0.0,21.074997,79.07501
2024-01-03,0.0,21.074997,79.125
2024-01-03,0.0,21.074997,79.17499
2024-01-03,0.0,21.074997,79.225006
2024-01-03,0.0,21.125,78.975006
2024-01-03,0.0,21.125,79.024994
2024-01-03,0.0,21.125,79.07501
2024-01-03,0.0,21.125,79.125
2024-01-03,0.0,21.125,79.17499
2024-01-03,0.0,21.125,79.225006
2024-01-03,0.0,21.174995,78.975006
2024-01-03,0.0,21.174995,79.024994
2024-01-03,0.0,21.174995,79.07501
2024-01-03,0.0,21.174995,79.125
2024-01-03,0.0,21.174995,79.17499
2024-01-03,0.0,21.174995,79.225006
2024-01-03,0.0,21.224998,78.975006
2024-01-03,0.0,21.224998,79.024994
2024-01-03,0.0,21.224998,79.07501
2024-01-03,0.0,21.224998,79.125
2024-01-03,0.0,21.224998,79.17499
2024-01-03,0.0,21.224998,79.225006
2024-01-04,0.0,21.024994,78.975006
2024-01-04,0.0,21.024994,79.024994
2024-01-04,0.0,21.024994,79.07501
2024-01-04,0.0,21.024994,79.125
2024-01-04,0.0,21.024994,79.17499
2024-01-04,0.0,21.024994,79.225006
2024-01-04,0.0,21.074997,78.975006
2024-01-04,0.0,21.074997,79.024994
2024-01-04,0.0,21.074997,79.07501
2024-01-04,0.0,21.074997,79.125
2024-01-04,0.0,21.074997,79.17499
2024-01-04,0.0,21.074997,79.225006
2024-01-04,0.0,21.125,78.975006
2024-01-04,0.0,21.125,79.024994
2024-01-04,0.0,21.125,79.07501
2024-01-04,0.0,21.125,79.125
2024-01-04,0.0,21.125,79.17499
2024-01-04,0.0,21.125,79.225006
2024-01-04,0.0,21.174995,78.975006
2024-01-04,0.0,21.174995,79.024994
2024-01-04,0.0,21.174995,79.07501
2024-01-04,0.0,21.174995,79.125
2024-01-04,0.0,21.174995,79.17499
2024-01-04,0.0,21.174995,79.225006
2024-01-04,0.0,21.224998,78.975006
2024-01-04,0.0,21.224998,79.024994
2024-01-04,0.0,21.224998,79.07501
2024-01-04,0.0,21.224998,79.125
2024-01-04,0.0,21.224998,79.17499
2024-01-04,0.0,21.224998,79.225006
2024-01-05,2.994903,21.024994,78.975006
2024-01-05,3.1234434,21.024994,79.024994
2024-01-05,3.335323,21.024994,79.07501
2024-01-05,3.686332,21.024994,79.125
2024-01-05,3.8962836,21.024994,79.17499
2024-01-05,3.9551187,21.024994,79.225006
2024-01-05,3.1443079,21.074997,78.975006
2024-01-05,3.1478624,21.074997,79.024994
2024-01-05,3.3069925,21.074997,79.07501
2024-01-05,3.5950487,21.074997,79.125
2024-01-05,3.6591635,21.074997,79.17499
2024-01-05,3.5819964,21.074997,79.225006
2024-01-05,3.6770012,21.125,78.975006
2024-01-05,3.6163442,21.125,79.024994
2024-01-05,3.700498,21.125,79.07501
2024-01-05,4.0235286,21.125,79.125
2024-01-05,4.024919,21.125,79.17499
2024-01-05,3.9152353,21.125,79.225006
2024-01-05,0.0,21.174995,78.975006
2024-01-05,0.0,21.174995,79.024994
2024-01-05,0.0,21.174995,79.07501
2024-01-05,3.7097793,21.174995,79.125
2024-01-05,3.6561344,21.174995,79.17499
2024-01-05,3.6002622,21.174995,79.225006
2024-01-05,0.0,21.224998,78.975006
2024-01-05,0.0,21.224998,79.024994
2024-01-05,0.0,21.224998,79.07501
2024-01-05,0.0,21.224998,79.125
2024-01-05,0.0,21.224998,79.17499
2024-01-05,0.0,21.224998,79.225006
2024-01-06,0.0,21.024994,78.975006
2024-01-06,0.0,21.024994,79.024994
2024-01-06,0.0,21.024994,79.07501
2024-01-06,0.0,21.024994,79.125
2024-01-06,0.0,21.024994,79.17499
2024-01-06,0.0,21.024994,79.225006
2024-01-06,0.0,21.074997,78.975006
2024-01-06,0.0,21.074997,79.024994
2024-01-06,0.0,21.074997,79.07501
2024-01-06,0.0,21.074997,79.125
2024-01-06,0.0,21.074997,79.17499
2024-01-06,0.0,21.074997,79.225006
2024-01-06,0.0,21.125,78.975006
2024-01-06,0.0,21.125,79.024994
2024-01-06,0.0,21.125,79.07501
2024-01-06,0.0,21.125,79.125
2024-01-06,0.0,21.125,79.17499
2024-01-06,0.0,21.125,79.225006
2024-01-06,0.0,21.174995,78.975006
2024-01-06,0.0,21.174995,79.024994
2024-01-06,0.0,21.174995,79.07501
2024-01-06,0.0,21.174995,79.125
2024-01-06,0.0,21.174995,79.17499
2024-01-06,0.0,21.174995,79.225006
2024-01-06,3.6644502,21.224998,78.975006
2024-01-06,3.930394,21.224998,79.024994
2024-01-06,3.7515929,21.224998,79.07501
2024-01-06,4.1660843,21.224998,79.125
2024-01-06,4.039419,21.224998,79.17499
2024-01-06,3.803751,21.224998,79.225006
2024-01-07,0.0,21.024994,78.975006
2024-01-07,0.0,21.024994,79.024994
2024-01-07,0.0,21.024994,79.07501
2024-01-07,0.0,21.024994,79.125
2024-01-07,0.0,21.024994,79.17499
2024-01-07,0.0,21.024994,79.225006
2024-01-07,0.0,21.074997,78.975006
2024-01-07,0.0,21.074997,79.024994
2024-01-07,0.0,21.074997,79.07501
2024-01-07,0.0,21.074997,79.125
2024-01-07,0.0,21.074997,79.17499
2024-01-07,0.0,21.074997,79.225006
2024-01-07,0.0,21.125,78.975006
2024-01-07,0.0,21.125,79.024994
2024-01-07,0.0,21.125,79.07501
2024-01-07,0.0,21.125,79.125
2024-01-07,0.0,21.125,79.17499
2024-01-07,0.0,21.125,79.225006
2024-01-07,0.0,21.174995,78.975006
2024-01-07,0.0,21.174995,79.024994
2024-01-07,0.0,21.174995,79.07501
2024-01-07,0.0,21.174995,79.125
2024-01-07,0.0,21.174995,79.17499
2024-01-07,0.0,21.174995,79.225006
2024-01-07,0.0,21.224998,78.975006
2024-01-07,0.0,21.224998,79.024994
2024-01-07,0.0,21.224998,79.07501
2024-01-07,0.0,21.224998,79.125
2024-01-07,0.0,21.224998,79.17499
2024-01-07,0.0,21.224998,79.225006
2024-01-08,0.0,21.024994,78.975006
2024-01-08,0.0,21.024994,79.024994
2024-01-08,0.0,21.024994,79.07501
2024-01-08,0.0,21.024994,79.125
2024-01-08,0.0,21.024994,79.17499
2024-01-08,0.0,21.024994,79.225006
2024-01-08,0.0,21.074997,78.975006
2024-01-08,0.0,21.074997,79.024994
2024-01-08,0.0,21.074997,79.07501
2024-01-08,0.0,21.074997,79.125
2024-01-08,0.0,21.074997,79.17499
2024-01-08,0.0,21.074997,79.225006
2024-01-08,0.0,21.125,78.975006
2024-01-08,0.0,21.125,79.024994
2024-01-08,0.0,21.125,79.07501
2024-01-08,0.0,21.125,79.125
2024-01-08,0.0,21.125,79.17499
2024-01-08,0.0,21.125,79.225006
2024-01-08,0.0,21.174995,78.975006
2024-01-08,0.0,21.174995,79.024994
2024-01-08,0.0,21.174995,79.07501
2024-01-08,0.0,21.174995,79.125
2024-01-08,0.0,21.174995,79.17499
2024-01-08,0.0,21.174995,79.225006
2024-01-08,0.0,21.224998,78.975006
2024-01-08,0.0,21.224998,79.024994
2024-01-08,0.0,21.224998,79.07501
2024-01-08,0.0,21.224998,79.125
2024-01-08,0.0,21.224998,79.17499
2024-01-08,0.0,21.224998,79.225006
2024-01-09,0.0,21.024994,78.975006
2024-01-09,0.0,21.024994,79.024994
2024-01-09,0.0,21.024994,79.07501
2024-01-09,0.0,21.024994,79.125
2024-01-09,0.0,21.024994,79.17499
2024-01-09,0.0,21.024994,79.225006
2024-01-09,0.0,21.074997,78.975006
2024-01-09,0.0,21.074997,79.024994
2024-01-09,0.0,21.074997,79.07501
2024-01-09,0.0,21.074997,79.125
2024-01-09,0.0,21.074997,79.17499
2024-01-09,0.0,21.074997,79.225006
2024-01-09,0.0,21.125,78.975006
2024-01-09,0.0,21.125,79.024994
2024-01-09,0.0,21.125,79.07501
2024-01-09,0.0,21.125,79.125
2024-01-09,0.0,21.125,79.17499
2024-01-09,0.0,21.125,79.225006
2024-01-09,0.0,21.174995,78.975006
2024-01-09,0.0,21.174995,79.024994
2024-01-09,0.0,21.174995,79.07501
2024-01-09,0.0,21.174995,79.125
2024-01-09,0.0,21.174995,79.17499
2024-01-09,0.0,21.174995,79.225006
2024-01-09,0.0,21.224998,78.975006
2024-01-09,0.0,21.224998,79.024994
2024-01-09,0.0,21.224998,79.07501
2024-01-09,0.0,21.224998,79.125
2024-01-09,0.0,21.224998,79.17499
2024-01-09,0.0,21.224998,79.225006
2024-01-10,0.0,21.024994,78.975006
2024-01-10,0.0,21.024994,79.024994
2024-01-10,0.0,21.024994,79.07501
2024-01-10,0.0,21.024994,79.125
2024-01-10,0.0,21.024994,79.17499
2024-01-10,0.0,21.024994,79.225006
2024-01-10,0.0,21.074997,78.975006
2024-01-10,0.0,21.074997,79.024994
2024-01-10,0.0,21.074997,79.07501
2024-01-10,0.0,21.074997,79.125
2024-01-10,0.0,21.074997,79.17499
2024-01-10,0.0,21.074997,79.225006
2024-01-10,0.0,21.125,78.975006
2024-01-10,0.0,21.125,79.024994
2024-01-10,0.0,21.125,79.07501
2024-01-10,0.0,21.125,79.125
2024-01-10,0.0,21.125,79.17499
2024-01-10,0.0,21.125,79.225006
2024-01-10,0.0,21.174995,78.975006
2024-01-10,0.0,21.174995,79.024994
2024-01-10,0.0,21.174995,79.07501
2024-01-10,0.0,21.174995,79.125
2024-01-10,0.0,21.174995,79.17499
2024-01-10,0.0,21.174995,79.225006
2024-01-10,0.0,21.224998,78.975006
2024-01-10,0.0,21.224998,79.024994
2024-01-10,0.0,21.224998,79.07501
2024-01-10,0.0,21.224998,79.125
2024-01-10,0.0,21.224998,79.17499
2024-01-10,0.0,21.224998,79.225006
2024-01-11,0.0,21.024994,78.975006
2024-01-11,0.0,21.024994,79.024994
2024-01-11,0.0,21.024994,79.07501
2024-01-11,0.0,21.024994,79.125
2024-01-11,0.0,21.024994,79.17499
2024-01-11,0.0,21.024994,79.225006
2024-01-11,0.0,21.074997,78.975006
2024-01-11,0.0,21.074997,79.024994
2024-01-11,0.0,21.074997,79.07501
2024-01-11,0.0,21.074997,79.125
2024-01-11,0.0,21.074997,79.17499
2024-01-11,0.0,21.074997,79.225006
2024-01-11,0.0,21.125,78.975006
2024-01-11,0.0,21.125,79.024994
2024-01-11,0.0,21.125,79.07501
2024-01-11,0.0,21.125,79.125
2024-01-11,0.0,21.125,79.17499
2024-01-11,0.0,21.125,79.225006
2024-01-11,0.0,21.174995,78.975006
2024-01-11,0.0,21.174995,79.024994
2024-01-11,0.0,21.174995,79.07501
2024-01-11,0.0,21.174995,79.125
2024-01-11,0.0,21.174995,79.17499
2024-01-11,0.0,21.174995,79.225006
2024-01-11,0.0,21.224998,78.975006
2024-01-11,0.0,21.224998,79.024994
2024-01-11,0.0,21.224998,79.07501
2024-01-11,0.0,21.224998,79.125
2024-01-11,0.0,21.224998,79.17499
2024-01-11,0.0,21.224998,79.225006
2024-01-12,0.0,21.024994,78.975006
2024-01-12,0.0,21.024994,79.024994
2024-01-12,0.0,21.024994,79.07501
2024-01-12,0.0,21.024994,79.125
2024-01-12,0.0,21.024994,79.17499
2024-01-12,0.0,21.024994,79.225006
2024-01-12,0.0,21.074997,78.975006
2024-01-12,0.0,21.074997,79.024994
2024-01-12,0.0,21.074997,79.07501
2024-01-12,0.0,21.074997,79.125
2024-01-12,0.0,21.074997,79.17499
2024-01-12,0.0,21.074997,79.225006
2024-01-12,0.0,21.125,78.975006
2024-01-12,0.0,21.125,79.024994
2024-01-12,0.0,21.125,79.07501
2024-01-12,0.0,21.125,79.125
2024-01-12,0.0,21.125,79.17499
2024-01-12,0.0,21.125,79.225006
2024-01-12,0.0,21.174995,78.975006
2024-01-12,0.0,21.174995,79.024994
2024-01-12,0.0,21.174995,79.07501
2024-01-12,0.0,21.174995,79.125
2024-01-12,0.0,21.174995,79.17499
2024-01-12,0.0,21.174995,79.225006
2024-01-12,0.0,21.224998,78.975006
2024-01-12,0.0,21.224998,79.024994
2024-01-12,0.0,21.224998,79.07501
2024-01-12,0.0,21.224998,79.125
2024-01-12,0.0,21.224998,79.17499
2024-01-12,0.0,21.224998,79.225006
2024-01-13,0.0,21.024994,78.975006
2024-01-13,0.0,21.024994,79.024994
2024-01-13,0.0,21.024994,79.07501
2024-01-13,0.0,21.024994,79.125
2024-01-13,0.0,21.024994,79.17499
2024-01-13,0.0,21.024994,79.225006
2024-01-13,0.0,21.074997,78.975006
2024-01-13,0.0,21.074997,79.024994
2024-01-13,0.0,21.074997,79.07501
2024-01-13,0.0,21.074997,79.125
2024-01-13,0.0,21.074997,79.17499
2024-01-13,0.0,21.074997,79.225006
2024-01-13,0.0,21.125,78.975006
2024-01-13,0.0,21.125,79.024994
2024-01-13,0.0,21.125,79.07501
2024-01-13,0.0,21.125,79.125
2024-01-13,0.0,21.125,79.17499
2024-01-13,0.0,21.125,79.225006
2024-01-13,0.0,21.174995,78.975006
2024-01-13,0.0,21.174995,79.024994
2024-01-13,0.0,21.174995,79.07501
2024-01-13,0.0,21.174995,79.125
2024-01-13,0.0,21.174995,79.17499
2024-01-13,0.0,21.174995,79.225006
2024-01-13,0.0,21.224998,78.975006
2024-01-13,0.0,21.224998,79.024994
2024-01-13,0.0,21.224998,79.07501
2024-01-13,0.0,21.224998,79.125
2024-01-13,0.0,21.224998,79.17499
2024-01-13,0.0,21.224998,79.225006
2024-01-14,0.0,21.024994,78.975006
2024-01-14,0.0,21.024994,79.024994
2024-01-14,0.0,21.024994,79.07501
2024-01-14,0.0,21.024994,79.125
2024-01-14,0.0,21.024994,79.17499
2024-01-14,0.0,21.024994,79.225006
2024-01-14,0.0,21.074997,78.975006
2024-01-14,0.0,21.074997,79.024994
2024-01-14,0.0,21.074997,79.07501
2024-01-14,0.0,21.074997,79.125
2024-01-14,0.0,21.074997,79.17499
2024-01-14,0.0,21.074997,79.225006
2024-01-14,0.0,21.125,78.975006
2024-01-14,0.0,21.125,79.024994
2024-01-14,0.0,21.125,79.07501
2024-01-14,0.0,21.125,79.125
2024-01-14,0.0,21.125,79.17499
2024-01-14,0.0,21.125,79.225006
2024-01-14,0.0,21.174995,78.975006
2024-01-14,0.0,21.174995,79.024994
2024-01-14,0.0,21.174995,79.07501
2024-01-14,0.0,21.174995,79.125
2024-01-14,0.0,21.174995,79.17499
2024-01-14,0.0,21.174995,79.225006
2024-01-14,0.0,21.224998,78.975006
2024-01-14,0.0,21.224998,79.024994
2024-01-14,0.0,21.224998,79.07501
2024-01-14,0.0,21.224998,79.125
2024-01-14,0.0,21.224998,79.17499
2024-01-14,0.0,21.224998,79.225006
2024-01-15,0.0,21.024994,78.975006
2024-01-15,0.0,21.024994,79.024994
2024-01-15,0.0,21.024994,79.07501
2024-01-15,0.0,21.024994,79.125
2024-01-15,0.0,21.024994,79.17499
2024-01-15,0.0,21.024994,79.225006
2024-01-15,0.0,21.074997,78.975006
2024-01-15,0.0,21.074997,79.024994
2024-01-15,0.0,21.074997,79.07501
2024-01-15,0.0,21.074997,79.125
2024-01-15,0.0,21.074997,79.17499
2024-01-15,0.0,21.074997,79.225006
2024-01-15,0.0,21.125,78.975006
2024-01-15,0.0,21.125,79.024994
2024-01-15,0.0,21.125,79.07501
2024-01-15,2.92885,21.125,79.125
2024-01-15,0.0,21.125,79.17499
2024-01-15,0.0,21.125,79.225006
2024-01-15,3.4408317,21.174995,78.975006
2024-01-15,3.5543203,21.174995,79.024994
2024-01-15,3.4914467,21.174995,79.07501
2024-01-15,3.637488,21.174995,79.125
2024-01-15,0.0,21.174995,79.17499
2024-01-15,3.3365786,21.174995,79.225006
2024-01-15,0.0,21.224998,78.975006
2024-01-15,0.0,21.224998,79.024994
2024-01-15,0.0,21.224998,79.07501
2024-01-15,0.0,21.224998,79.125
2024-01-15,3.4384813,21.224998,79.17499
2024-01-15,3.2482252,21.224998,79.225006
2024-01-16,0.0,21.024994,78.975006
2024-01-16,0.0,21.024994,79.024994
2024-01-16,0.0,21.024994,79.07501
2024-01-16,0.0,21.024994,79.125
2024-01-16,0.0,21.024994,79.17499
2024-01-16,0.0,21.024994,79.225006
2024-01-16,0.0,21.074997,78.975006
2024-01-16,0.0,21.074997,79.024994
2024-01-16,0.0,21.074997,79.07501
2024-01-16,0.0,21.074997,79.125
2024-01-16,0.0,21.074997,79.17499
2024-01-16,0.0,21.074997,79.225006
2024-01-16,0.0,21.125,78.975006
2024-01-16,0.0,21.125,79.024994
2024-01-16,0.0,21.125,79.07501
2024-01-16,0.0,21.125,79.125
2024-01-16,0.0,21.125,79.17499
2024-01-16,0.0,21.125,79.225006
2024-01-16,0.0,21.174995,78.975006
2024-01-16,0.0,21.174995,79.024994
2024-01-16,0.0,21.174995,79.07501
2024-01-16,0.0,21.174995,79.125
2024-01-16,0.0,21.174995,79.17499
2024-01-16,0.0,21.174995,79.225006
2024-01-16,0.0,21.224998,78.975006
2024-01-16,0.0,21.224998,79.024994
2024-01-16,0.0,21.224998,79.07501
2024-01-16,0.0,21.224998,79.125
2024-01-16,0.0,21.224998,79.17499
2024-01-16,0.0,21.224998,79.225006
2024-01-17,0.0,21.024994,78.975006
2024-01-17,0.0,21.024994,79.024994
2024-01-17,0.0,21.024994,79.07501
2024-01-17,0.0,21.024994,79.125
2024-01-17,0.0,21.024994,79.17499
2024-01-17,0.0,21.024994,79.225006
2024-01-17,0.0,21.074997,78.975006
2024-01-17,0.0,21.074997,79.024994
2024-01-17,0.0,21.074997,79.07501
2024-01-17,0.0,21.074997,79.125
2024-01-17,0.0,21.074997,79.17499
2024-01-17,0.0,21.074997,79.225006
2024-01-17,0.0,21.125,78.975006
2024-01-17,0.0,21.125,79.024994
2024-01-17,0.0,21.125,79.07501
2024-01-17,0.0,21.125,79.125
2024-01-17,0.0,21.125,79.17499
2024-01-17,0.0,21.125,79.225006
2024-01-17,0.0,21.174995,78.975006
2024-01-17,0.0,21.174995,79.024994
2024-01-17,0.0,21.174995,79.07501
2024-01-17,0.0,21.174995,79.125
2024-01-17,0.0,21.174995,79.17499
2024-01-17,0.0,21.174995,79.225006
2024-01-17,0.0,21.224998,78.975006
2024-01-17,0.0,21.224998,79.024994
2024-01-17,0.0,21.224998,79.07501
2024-01-17,0.0,21.224998,79.125
2024-01-17,0.0,21.224998,79.17499
2024-01-17,0.0,21.224998,79.225006
2024-01-18,0.0,21.024994,78.975006
2024-01-18,0.0,21.024994,79.024994
2024-01-18,0.0,21.024994,79.07501
2024-01-18,0.0,21.024994,79.125
2024-01-18,0.0,21.024994,79.17499
2024-01-18,0.0,21.024994,79.225006
2024-01-18,0.0,21.074997,78.975006
2024-01-18,0.0,21.074997,79.024994
2024-01-18,0.0,21.074997,79.07501
2024-01-18,0.0,21.074997,79.125
2024-01-18,0.0,21.074997,79.17499
2024-01-18,0.0,21.074997,79.225006
2024-01-18,0.0,21.125,78.975006
2024-01-18,0.0,21.125,79.024994
2024-01-18,0.0,21.125,79.07501
2024-01-18,0.0,21.125,79.125
2024-01-18,0.0,21.125,79.17499
2024-01-18,0.0,21.125,79.225006
2024-01-18,0.0,21.174995,78.975006
2024-01-18,0.0,21.174995,79.024994
2024-01-18,0.0,21.174995,79.07501
2024-01-18,0.0,21.174995,79.125
2024-01-18,0.0,21.174995,79.17499
2024-01-18,0.0,21.174995,79.225006
2024-01-18,0.0,21.224998,78.975006
2024-01-18,0.0,21.224998,79.024994
2024-01-18,0.0,21.224998,79.07501
2024-01-18,0.0,21.224998,79.125
2024-01-18,0.0,21.224998,79.17499
2024-01-18,0.0,21.224998,79.225006
2024-01-19,0.0,21.024994,78.975006
2024-01-19,0.0,21.024994,79.024994
2024-01-19,0.0,21.024994,79.07501
2024-01-19,0.0,21.024994,79.125
2024-01-19,0.0,21.024994,79.17499
2024-01-19,0.0,21.024994,79.225006
2024-01-19,0.0,21.074997,78.975006
2024-01-19,0.0,21.074997,79.024994
2024-01-19,0.0,21.074997,79.07501
2024-01-19,0.0,21.074997,79.125
2024-01-19,0.0,21.074997,79.17499
2024-01-19,0.0,21.074997,79.225006
2024-01-19,0.0,21.125,78.975006
2024-01-19,0.0,21.125,79.024994
2024-01-19,0.0,21.125,79.07501
2024-01-19,0.0,21.125,79.125
2024-01-19,0.0,21.125,79.17499
2024-01-19,0.0,21.125,79.225006
2024-01-19,0.0,21.174995,78.975006
2024-01-19,0.0,21.174995,79.024994
2024-01-19,0.0,21.174995,79.07501
2024-01-19,0.0,21.174995,79.125
2024-01-19,0.0,21.174995,79.17499
2024-01-19,0.0,21.174995,79.225006
2024-01-19,0.0,21.224998,78.975006
2024-01-19,0.0,21.224998,79.024994
2024-01-19,0.0,21.224998,79.07501
2024-01-19,0.0,21.224998,79.125
2024-01-19,0.0,21.224998,79.17499
2024-01-19,0.0,21.224998,79.225006
2024-01-20,0.0,21.024994,78.975006
2024-01-20,0.0,21.024994,79.024994
2024-01-20,0.0,21.024994,79.07501
2024-01-20,0.0,21.024994,79.125
2024-01-20,0.0,21.024994,79.17499
2024-01-20,0.0,21.024994,79.225006
2024-01-20,0.0,21.074997,78.975006
2024-01-20,0.0,21.074997,79.024994
2024-01-20,0.0,21.074997,79.07501
2024-01-20,0.0,21.074997,79.125
2024-01-20,0.0,21.074997,79.17499
2024-01-20,0.0,21.074997,79.225006
2024-01-20,0.0,21.125,78.975006
2024-01-20,0.0,21.125,79.024994
2024-01-20,0.0,21.125,79.07501
2024-01-20,0.0,21.125,79.125
2024-01-20,0.0,21.125,79.17499
2024-01-20,0.0,21.125,79.225006
2024-01-20,0.0,21.174995,78.975006
2024-01-20,0.0,21.174995,79.024994
2024-01-20,0.0,21.174995,79.07501
2024-01-20,0.0,21.174995,79.125
2024-01-20,0.0,21.174995,79.17499
2024-01-20,0.0,21.174995,79.225006
2024-01-20,0.0,21.224998,78.975006
2024-01-20,0.0,21.224998,79.024994
2024-01-20,0.0,21.224998,79.07501
2024-01-20,0.0,21.224998,79.125
2024-01-20,0.0,21.224998,79.17499
2024-01-20,0.0,21.224998,79.225006
2024-01-21,0.0,21.024994,78.975006
2024-01-21,0.0,21.024994,79.024994
2024-01-21,0.0,21.024994,79.07501
2024-01-21,0.0,21.024994,79.125
2024-01-21,0.0,21.024994,79.17499
2024-01-21,0.0,21.024994,79.225006
2024-01-21,0.0,21.074997,78.975006
2024-01-21,0.0,21.074997,79.024994
2024-01-21,0.0,21.074997,79.07501
2024-01-21,0.0,21.074997,79.125
2024-01-21,0.0,21.074997,79.17499
2024-01-21,0.0,21.074997,79.225006
2024-01-21,0.0,21.125,78.975006
2024-01-21,0.0,21.125,79.024994
2024-01-21,0.0,21.125,79.07501
2024-01-21,0.0,21.125,79.125
2024-01-21,0.0,21.125,79.17499
2024-01-21,0.0,21.125,79.225006
2024-01-21,0.0,21.174995,78.975006
2024-01-21,0.0,21.174995,79.024994
2024-01-21,0.0,21.174995,79.07501
2024-01-21,0.0,21.174995,79.125
2024-01-21,0.0,21.174995,79.17499
2024-01-21,0.0,21.174995,79.225006
2024-01-21,0.0,21.224998,78.975006
2024-01-21,0.0,21.224998,79.024994
2024-01-21,0.0,21.224998,79.07501
2024-01-21,0.0,21.224998,79.125
2024-01-21,0.0,21.224998,79.17499
2024-01-21,0.0,21.224998,79.225006
2024-01-22,0.0,21.024994,78.975006
2024-01-22,0.0,21.024994,79.024994
2024-01-22,0.0,21.024994,79.07501
2024-01-22,0.0,21.024994,79.125
2024-01-22,0.0,21.024994,79.17499
2024-01-22,0.0,21.024994,79.225006
2024-01-22,0.0,21.074997,78.975006
2024-01-22,0.0,21.074997,79.024994
2024-01-22,0.0,21.074997,79.07501
2024-01-22,0.0,21.074997,79.125
2024-01-22,0.0,21.074997,79.17499
2024-01-22,0.0,21.074997,79.225006
2024-01-22,0.0,21.125,78.975006
2024-01-22,0.0,21.125,79.024994
2024-01-22,0.0,21.125,79.07501
2024-01-22,0.0,21.125,79.125
2024-01-22,0.0,21.125,79.17499
2024-01-22,0.0,21.125,79.225006
2024-01-22,0.0,21.174995,78.975006
2024-01-22,0.0,21.174995,79.024994
2024-01-22,0.0,21.174995,79.07501
2024-01-22,0.0,21.174995,79.125
2024-01-22,0.0,21.174995,79.17499
2024-01-22,0.0,21.174995,79.225006
2024-01-22,0.0,21.224998,78.975006
2024-01-22,0.0,21.224998,79.024994
2024-01-22,0.0,21.224998,79.07501
2024-01-22,0.0,21.224998,79.125
2024-01-22,0.0,21.224998,79.17499
2024-01-22,0.0,21.224998,79.225006
2024-01-23,0.0,21.024994,78.975006
2024-01-23,0.0,21.024994,79.024994
2024-01-23,0.0,21.024994,79.07501
2024-01-23,0.0,21.024994,79.125
2024-01-23,0.0,21.024994,79.17499
2024-01-23,0.0,21.024994,79.225006
2024-01-23,0.0,21.074997,78.975006
2024-01-23,0.0,21.074997,79.024994
2024-01-23,0.0,21.074997,79.07501
2024-01-23,0.0,21.074997,79.125
2024-01-23,0.0,21.074997,79.17499
2024-01-23,0.0,21.074997,79.225006
2024-01-23,0.0,21.125,78.975006
2024-01-23,0.0,21.125,79.024994
2024-01-23,0.0,21.125,79.07501
2024-01-23,0.0,21.125,79.125
2024-01-23,0.0,21.125,79.17499
2024-01-23,0.0,21.125,79.225006
2024-01-23,0.0,21.174995,78.975006
2024-01-23,0.0,21.174995,79.024994
2024-01-23,0.0,21.174995,79.07501
2024-01-23,0.0,21.174995,79.125
2024-01-23,0.0,21.174995,79.17499
2024-01-23,0.0,21.174995,79.225006
2024-01-23,0.0,21.224998,78.975006
2024-01-23,0.0,21.224998,79.024994
2024-01-23,0.0,21.224998,79.07501
2024-01-23,0.0,21.224998,79.125
2024-01-23,0.0,21.224998,79.17499
2024-01-23,0.0,21.224998,79.225006
2024-01-24,0.0,21.024994,78.975006
2024-01-24,0.0,21.024994,79.024994
2024-01-24,0.0,21.024994,79.07501
2024-01-24,0.0,21.024994,79.125
2024-01-24,0.0,21.024994,79.17499
2024-01-24,0.0,21.024994,79.225006
2024-01-24,0.0,21.074997,78.975006
2024-01-24,0.0,21.074997,79.024994
2024-01-24,0.0,21.074997,79.07501
2024-01-24,0.0,21.074997,79.125
2024-01-24,0.0,21.074997,79.17499
2024-01-24,0.0,21.074997,79.225006
2024-01-24,0.0,21.125,78.975006
2024-01-24,0.0,21.125,79.024994
2024-01-24,0.0,21.125,79.07501
2024-01-24,0.0,21.125,79.125
2024-01-24,0.0,21.125,79.17499
2024-01-24,0.0,21.125,79.225006
2024-01-24,0.0,21.174995,78.975006
2024-01-24,0.0,21.174995,79.024994
2024-01-24,0.0,21.174995,79.07501
2024-01-24,0.0,21.174995,79.125
2024-01-24,0.0,21.174995,79.17499
2024-01-24,0.0,21.174995,79.225006
2024-01-24,0.0,21.224998,78.975006
2024-01-24,0.0,21.224998,79.024994
2024-01-24,0.0,21.224998,79.07501
2024-01-24,0.0,21.224998,79.125
2024-01-24,0.0,21.224998,79.17499
2024-01-24,0.0,21.224998,79.225006
2024-01-25,0.0,21.024994,78.975006
2024-01-25,0.0,21.024994,79.024994
2024-01-25,0.0,21.024994,79.07501
2024-01-25,0.0,21.024994,79.125
2024-01-25,0.0,21.024994,79.17499
2024-01-25,0.0,21.024994,79.225006
2024-01-25,0.0,21.074997,78.975006
2024-01-25,0.0,21.074997,79.024994
2024-01-25,0.0,21.074997,79.07501
2024-01-25,0.0,21.074997,79.125
2024-01-25,0.0,21.074997,79.17499
2024-01-25,0.0,21.074997,79.225006
2024-01-25,0.0,21.125,78.975006
2024-01-25,0.0,21.125,79.024994
2024-01-25,0.0,21.125,79.07501
2024-01-25,0.0,21.125,79.125
2024-01-25,0.0,21.125,79.17499
2024-01-25,0.0,21.125,79.225006
2024-01-25,0.0,21.174995,78.975006
2024-01-25,0.0,21.174995,79.024994
2024-01-25,0.0,21.174995,79.07501
2024-01-25,0.0,21.174995,79.125
2024-01-25,0.0,21.174995,79.17499
2024-01-25,0.0,21.174995,79.225006
2024-01-25,0.0,21.224998,78.975006
2024-01-25,0.0,21.224998,79.024994
2024-01-25,0.0,21.224998,79.07501
2024-01-25,0.0,21.224998,79.125
2024-01-25,0.0,21.224998,79.17499
2024-01-25,0.0,21.224998,79.225006
2024-01-26,0.0,21.024994,78.975006
2024-01-26,0.0,21.024994,79.024994
2024-01-26,0.0,21.024994,79.07501
2024-01-26,0.0,21.024994,79.125
2024-01-26,0.0,21.024994,79.17499
2024-01-26,0.0,21.024994,79.225006
2024-01-26,0.0,21.074997,78.975006
2024-01-26,0.0,21.074997,79.024994
2024-01-26,0.0,21.074997,79.07501
2024-01-26,0.0,21.074997,79.125
2024-01-26,0.0,21.074997,79.17499
2024-01-26,0.0,21.074997,79.225006
2024-01-26,0.0,21.125,78.975006
2024-01-26,0.0,21.125,79.024994
2024-01-26,0.0,21.125,79.07501
2024-01-26,0.0,21.125,79.125
2024-01-26,0.0,21.125,79.17499
2024-01-26,0.0,21.125,79.225006
2024-01-26,0.0,21.174995,78.975006
2024-01-26,0.0,21.174995,79.024994
2024-01-26,0.0,21.174995,79.07501
2024-01-26,0.0,21.174995,79.125
2024-01-26,0.0,21.174995,79.17499
2024-01-26,0.0,21.174995,79.225006
2024-01-26,0.0,21.224998,78.975006
2024-01-26,0.0,21.224998,79.024994
2024-01-26,0.0,21.224998,79.07501
2024-01-26,0.0,21.224998,79.125
2024-01-26,0.0,21.224998,79.17499
2024-01-26,0.0,21.224998,79.225006
2024-01-27,0.0,21.024994,78.975006
2024-01-27,0.0,21.024994,79.024994
2024-01-27,0.0,21.024994,79.07501
2024-01-27,0.0,21.024994,79.125
2024-01-27,0.0,21.024994,79.17499
2024-01-27,0.0,21.024994,79.225006
2024-01-27,0.0,21.074997,78.975006
2024-01-27,0.0,21.074997,79.024994
2024-01-27,0.0,21.074997,79.07501
2024-01-27,0.0,21.074997,79.125
2024-01-27,0.0,21.074997,79.17499
2024-01-27,0.0,21.074997,79.225006
2024-01-27,0.0,21.125,78.975006
2024-01-27,0.0,21.125,79.024994
2024-01-27,0.0,21.125,79.07501
2024-01-27,0.0,21.125,79.125
2024-01-27,0.0,21.125,79.17499
2024-01-27,0.0,21.125,79.225006
2024-01-27,0.0,21.174995,78.975006
2024-01-27,0.0,21.174995,79.024994
2024-01-27,0.0,21.174995,79.07501
2024-01-27,0.0,21.174995,79.125
2024-01-27,0.0,21.174995,79.17499
2024-01-27,0.0,21.174995,79.225006
2024-01-27,0.0,21.224998,78.975006
2024-01-27,0.0,21.224998,79.024994
2024-01-27,0.0,21.224998,79.07501
2024-01-27,0.0,21.224998,79.125
2024-01-27,0.0,21.224998,79.17499
2024-01-27,0.0,21.224998,79.225006
2024-01-28,3.640303,21.024994,78.975006
2024-01-28,3.5498607,21.024994,79.024994
2024-01-28,3.1822338,21.024994,79.07501
2024-01-28,3.3714576,21.024994,79.125
2024-01-28,3.5544033,21.024994,79.17499
2024-01-28,3.542587,21.024994,79.225006
2024-01-28,3.955831,21.074997,78.975006
2024-01-28,3.6391528,21.074997,79.024994
2024-01-28,3.0242581,21.074997,79.07501
2024-01-28,3.108661,21.074997,79.125
2024-01-28,3.1978624,21.074997,79.17499
2024-01-28,3.0205138,21.074997,79.225006
2024-01-28,4.276958,21.125,78.975006
2024-01-28,3.5125124,21.125,79.024994
2024-01-28,2.8987975,21.125,79.07501
2024-01-28,0.0,21.125,79.125
2024-01-28,3.3049135,21.125,79.17499
2024-01-28,3.030973,21.125,79.225006
2024-01-28,4.460814,21.174995,78.975006
2024-01-28,4.0045524,21.174995,79.024994
2024-01-28,3.583782,21.174995,79.07501
2024-01-28,0.0,21.174995,79.125
2024-01-28,3.511604,21.174995,79.17499
2024-01-28,0.0,21.174995,79.225006
2024-01-28,3.9721575,21.224998,78.975006
2024-01-28,3.5556417,21.224998,79.024994
2024-01-28,3.2281656,21.224998,79.07501
2024-01-28,3.6283433,21.224998,79.125
2024-01-28,0.0,21.224998,79.17499
2024-01-28,0.0,21.224998,79.225006
2024-01-29,0.0,21.024994,78.975006
2024-01-29,0.0,21.024994,79.024994
2024-01-29,0.0,21.024994,79.07501
2024-01-29,0.0,21.024994,79.125
2024-01-29,0.0,21.024994,79.17499
2024-01-29,0.0,21.024994,79.225006
2024-01-29,0.0,21.074997,78.975006
2024-01-29,0.0,21.074997,79.024994
2024-01-29,0.0,21.074997,79.07501
2024-01-29,0.0,21.074997,79.125
2024-01-29,0.0,21.074997,79.17499
2024-01-29,0.0,21.074997,79.225006
2024-01-29,0.0,21.125,78.975006
2024-01-29,0.0,21.125,79.024994
2024-01-29,0.0,21.125,79.07501
2024-01-29,0.0,21.125,79.125
2024-01-29,0.0,21.125,79.17499
2024-01-29,0.0,21.125,79.225006
2024-01-29,0.0,21.174995,78.975006
2024-01-29,0.0,21.174995,79.024994
2024-01-29,0.0,21.174995,79.07501
2024-01-29,0.0,21.174995,79.125
2024-01-29,0.0,21.174995,79.17499
2024-01-29,0.0,21.174995,79.225006
2024-01-29,0.0,21.224998,78.975006
2024-01-29,0.0,21.224998,79.024994
2024-01-29,0.0,21.224998,79.07501
2024-01-29,0.0,21.224998,79.125
2024-01-29,0.0,21.224998,79.17499
2024-01-29,0.0,21.224998,79.225006
2024-01-30,0.0,21.024994,78.975006
2024-01-30,0.0,21.024994,79.024994
2024-01-30,0.0,21.024994,79.07501
2024-01-30,0.0,21.024994,79.125
2024-01-30,0.0,21.024994,79.17499
2024-01-30,0.0,21.024994,79.225006
2024-01-30,0.0,21.074997,78.975006
2024-01-30,0.0,21.074997,79.024994
2024-01-30,0.0,21.074997,79.07501
2024-01-30,0.0,21.074997,79.125
2024-01-30,0.0,21.074997,79.17499
2024-01-30,0.0,21.074997,79.225006
2024-01-30,0.0,21.125,78.975006
2024-01-30,0.0,21.125,79.024994
2024-01-30,0.0,21.125,79.07501
2024-01-30,0.0,21.125,79.125
2024-01-30,0.0,21.125,79.17499
2024-01-30,0.0,21.125,79.225006
2024-01-30,0.0,21.174995,78.975006
2024-01-30,0.0,21.174995,79.024994
2024-01-30,0.0,21.174995,79.07501
2024-01-30,0.0,21.174995,79.125
2024-01-30,0.0,21.174995,79.17499
2024-01-30,0.0,21.174995,79.225006
2024-01-30,0.0,21.224998,78.975006
2024-01-30,0.0,21.224998,79.024994
2024-01-30,0.0,21.224998,79.07501
2024-01-30,0.0,21.224998,79.125
2024-01-30,0.0,21.224998,79.17499
2024-01-30,0.0,21.224998,79.225006
2024-01-31,0.0,21.024994,78.975006
2024-01-31,0.0,21.024994,79.024994
2024-01-31,0.0,21.024994,79.07501
2024-01-31,0.0,21.024994,79.125
2024-01-31,0.0,21.024994,79.17499
2024-01-31,0.0,21.024994,79.225006
2024-01-31,0.0,21.074997,78.975006
2024-01-31,0.0,21.074997,79.024994
2024-01-31,0.0,21.074997,79.07501
2024-01-31,0.0,21.074997,79.125
2024-01-31,0.0,21.074997,79.17499
2024-01-31,0.0,21.074997,79.225006
2024-01-31,0.0,21.125,78.975006
2024-01-31,0.0,21.125,79.024994
2024-01-31,0.0,21.125,79.07501
2024-01-31,0.0,21.125,79.125
2024-01-31,0.0,21.125,79.17499
2024-01-31,0.0,21.125,79.225006
2024-01-31,0.0,21.174995,78.975006
2024-01-31,0.0,21.174995,79.024994
2024-01-31,0.0,21.174995,79.07501
2024-01-31,0.0,21.174995,79.125
2024-01-31,0.0,21.174995,79.17499
2024-01-31,0.0,21.174995,79.225006
2024-01-31,0.0,21.224998,78.975006
2024-01-31,0.0,21.224998,79.024994
2024-01-31,0.0,21.224998,79.07501
2024-01-31,0.0,21.224998,79.125
2024-01-31,0.0,21.224998,79.17499
2024-01-31,0.0,21.224998,79.225006
2024-02-01,0.0,21.024994,78.975006
2024-02-01,0.0,21.024994,79.024994
2024-02-01,0.0,21.024994,79.07501
2024-02-01,0.0,21.024994,79.125
2024-02-01,0.0,21.024994,79.17499
2024-02-01,0.0,21.024994,79.225006
2024-02-01,0.0,21.074997,78.975006
2024-02-01,0.0,21.074997,79.024994
2024-02-01,0.0,21.074997,79.07501
2024-02-01,0.0,21.074997,79.125
2024-02-01,0.0,21.074997,79.17499
2024-02-01,0.0,21.074997,79.225006
2024-02-01,0.0,21.125,78.975006
2024-02-01,0.0,21.125,79.024994
2024-02-01,0.0,21.125,79.07501
2024-02-01,0.0,21.125,79.125
2024-02-01,0.0,21.125,79.17499
2024-02-01,0.0,21.125,79.225006
2024-02-01,0.0,21.174995,78.975006
2024-02-01,0.0,21.174995,79.024994
2024-02-01,0.0,21.174995,79.07501
2024-02-01,0.0,21.174995,79.125
2024-02-01,0.0,21.174995,79.17499
2024-02-01,0.0,21.174995,79.225006
2024-02-01,0.0,21.224998,78.975006
2024-02-01,0.0,21.224998,79.024994
2024-02-01,0.0,21.224998,79.07501
2024-02-01,0.0,21.224998,79.125
2024-02-01,0.0,21.224998,79.17499
2024-02-01,0.0,21.224998,79.225006
2024-02-02,0.0,21.024994,78.975006
2024-02-02,0.0,21.024994,79.024994
2024-02-02,0.0,21.024994,79.07501
2024-02-02,0.0,21.024994,79.125
2024-02-02,0.0,21.024994,79.17499
2024-02-02,0.0,21.024994,79.225006
2024-02-02,0.0,21.074997,78.975006
2024-02-02,0.0,21.074997,79.024994
2024-02-02,0.0,21.074997,79.07501
2024-02-02,0.0,21.074997,79.125
2024-02-02,0.0,21.074997,79.17499
2024-02-02,0.0,21.074997,79.225006
2024-02-02,0.0,21.125,78.975006
2024-02-02,0.0,21.125,79.024994
2024-02-02,0.0,21.125,79.07501
2024-02-02,0.0,21.125,79.125
2024-02-02,0.0,21.125,79.17499
2024-02-02,0.0,21.125,79.225006
2024-02-02,0.0,21.174995,78.975006
2024-02-02,0.0,21.174995,79.024994
2024-02-02,0.0,21.174995,79.07501
2024-02-02,2.4063785,21.174995,79.125
2024-02-02,0.0,21.174995,79.17499
2024-02-02,0.0,21.174995,79.225006
2024-02-02,0.0,21.224998,78.975006
2024-02-02,0.0,21.224998,79.024994
2024-02-02,0.0,21.224998,79.07501
2024-02-02,0.0,21.224998,79.125
2024-02-02,0.0,21.224998,79.17499
2024-02-02,0.0,21.224998,79.225006
2024-02-03,0.0,21.024994,78.975006
2024-02-03,0.0,21.024994,79.024994
2024-02-03,0.0,21.024994,79.07501
2024-02-03,0.0,21.024994,79.125
2024-02-03,0.0,21.024994,79.17499
2024-02-03,0.0,21.024994,79.225006
2024-02-03,0.0,21.074997,78.975006
2024-02-03,0.0,21.074997,79.024994
2024-02-03,0.0,21.074997,79.07501
2024-02-03,0.0,21.074997,79.125
2024-02-03,0.0,21.074997,79.17499
2024-02-03,0.0,21.074997,79.225006
2024-02-03,0.0,21.125,78.975006
2024-02-03,0.0,21.125,79.024994
2024-02-03,0.0,21.125,79.07501
2024-02-03,0.0,21.125,79.125
2024-02-03,0.0,21.125,79.17499
2024-02-03,0.0,21.125,79.225006
2024-02-03,0.0,21.174995,78.975006
2024-02-03,0.0,21.174995,79.024994
2024-02-03,0.0,21.174995,79.07501
2024-02-03,0.0,21.174995,79.125
2024-02-03,0.0,21.174995,79.17499
2024-02-03,0.0,21.174995,79.225006
2024-02-03,0.0,21.224998,78.975006
2024-02-03,0.0,21.224998,79.024994
2024-02-03,0.0,21.224998,79.07501
2024-02-03,0.0,21.224998,79.125
2024-02-03,0.0,21.224998,79.17499
2024-02-03,0.0,21.224998,79.225006
2024-02-04,0.0,21.024994,78.975006
2024-02-04,0.0,21.024994,79.024994
2024-02-04,0.0,21.024994,79.07501
2024-02-04,0.0,21.024994,79.125
2024-02-04,0.0,21.024994,79.17499
2024-02-04,0.0,21.024994,79.225006
2024-02-04,0.0,21.074997,78.975006
2024-02-04,0.0,21.074997,79.024994
2024-02-04,0.0,21.074997,79.07501
2024-02-04,0.0,21.074997,79.125
2024-02-04,0.0,21.074997,79.17499
2024-02-04,0.0,21.074997,79.225006
2024-02-04,0.0,21.125,78.975006
2024-02-04,0.0,21.125,79.024994
2024-02-04,0.0,21.125,79.07501
2024-02-04,0.0,21.125,79.125
2024-02-04,0.0,21.125,79.17499
2024-02-04,0.0,21.125,79.225006
2024-02-04,0.0,21.174995,78.975006
2024-02-04,0.0,21.174995,79.024994
2024-02-04,0.0,21.174995,79.07501
2024-02-04,0.0,21.174995,79.125
2024-02-04,0.0,21.174995,79.17499
2024-02-04,0.0,21.174995,79.225006
2024-02-04,0.0,21.224998,78.975006
2024-02-04,0.0,21.224998,79.024994
2024-02-04,0.0,21.224998,79.07501
2024-02-04,0.0,21.224998,79.125
2024-02-04,0.0,21.224998,79.17499
2024-02-04,0.0,21.224998,79.225006
2024-02-05,0.0,21.024994,78.975006
2024-02-05,0.0,21.024994,79.024994
2024-02-05,0.0,21.024994,79.07501
2024-02-05,0.0,21.024994,79.125
2024-02-05,0.0,21.024994,79.17499
2024-02-05,0.0,21.024994,79.225006
2024-02-05,0.0,21.074997,78.975006
2024-02-05,0.0,21.074997,79.024994
2024-02-05,0.0,21.074997,79.07501
2024-02-05,0.0,21.074997,79.125
2024-02-05,0.0,21.074997,79.17499
2024-02-05,0.0,21.074997,79.225006
2024-02-05,0.0,21.125,78.975006
2024-02-05,0.0,21.125,79.024994
2024-02-05,0.0,21.125,79.07501
2024-02-05,0.0,21.125,79.125
2024-02-05,0.0,21.125,79.17499
2024-02-05,0.0,21.125,79.225006
2024-02-05,0.0,21.174995,78.975006
2024-02-05,0.0,21.174995,79.024994
2024-02-05,0.0,21.174995,79.07501
2024-02-05,0.0,21.174995,79.125
2024-02-05,0.0,21.174995,79.17499
2024-02-05,0.0,21.174995,79.225006
2024-02-05,0.0,21.224998,78.975006
2024-02-05,0.0,21.224998,79.024994
2024-02-05,0.0,21.224998,79.07501
2024-02-05,0.0,21.224998,79.125
2024-02-05,0.0,21.224998,79.17499
2024-02-05,0.0,21.224998,79.225006
2024-02-06,0.0,21.024994,78.975006
2024-02-06,0.0,21.024994,79.024994
2024-02-06,0.0,21.024994,79.07501
2024-02-06,0.0,21.024994,79.125
2024-02-06,0.0,21.024994,79.17499
2024-02-06,0.0,21.024994,79.225006
2024-02-06,0.0,21.074997,78.975006
2024-02-06,0.0,21.074997,79.024994
2024-02-06,0.0,21.074997,79.07501
2024-02-06,0.0,21.074997,79.125
2024-02-06,0.0,21.074997,79.17499
2024-02-06,0.0,21.074997,79.225006
2024-02-06,0.0,21.125,78.975006
2024-02-06,0.0,21.125,79.024994
2024-02-06,0.0,21.125,79.07501
2024-02-06,0.0,21.125,79.125
2024-02-06,0.0,21.125,79.17499
2024-02-06,0.0,21.125,79.225006
2024-02-06,0.0,21.174995,78.975006
2024-02-06,0.0,21.174995,79.024994
2024-02-06,0.0,21.174995,79.07501
2024-02-06,0.0,21.174995,79.125
2024-02-06,0.0,21.174995,79.17499
2024-02-06,0.0,21.174995,79.225006
2024-02-06,0.0,21.224998,78.975006
2024-02-06,0.0,21.224998,79.024994
2024-02-06,0.0,21.224998,79.07501
2024-02-06,0.0,21.224998,79.125
2024-02-06,0.0,21.224998,79.17499
2024-02-06,0.0,21.224998,79.225006
2024-02-07,0.0,21.024994,78.975006
2024-02-07,0.0,21.024994,79.024994
2024-02-07,0.0,21.024994,79.07501
2024-02-07,0.0,21.024994,79.125
2024-02-07,0.0,21.024994,79.17499
2024-02-07,0.0,21.024994,79.225006
2024-02-07,0.0,21.074997,78.975006
2024-02-07,0.0,21.074997,79.024994
2024-02-07,0.0,21.074997,79.07501
2024-02-07,0.0,21.074997,79.125
2024-02-07,0.0,21.074997,79.17499
2024-02-07,0.0,21.074997,79.225006
2024-02-07,0.0,21.125,78.975006
2024-02-07,0.0,21.125,79.024994
2024-02-07,0.0,21.125,79.07501
2024-02-07,0.0,21.125,79.125
2024-02-07,0.0,21.125,79.17499
2024-02-07,0.0,21.125,79.225006
2024-02-07,0.0,21.174995,78.975006
2024-02-07,0.0,21.174995,79.024994
2024-02-07,0.0,21.174995,79.07501
2024-02-07,0.0,21.174995,79.125
2024-02-07,0.0,21.174995,79.17499
2024-02-07,0.0,21.174995,79.225006
2024-02-07,0.0,21.224998,78.975006
2024-02-07,0.0,21.224998,79.024994
2024-02-07,0.0,21.224998,79.07501
2024-02-07,0.0,21.224998,79.125
2024-02-07,0.0,21.224998,79.17499
2024-02-07,0.0,21.224998,79.225006
2024-02-08,0.0,21.024994,78.975006
2024-02-08,0.0,21.024994,79.024994
2024-02-08,0.0,21.024994,79.07501
2024-02-08,0.0,21.024994,79.125
2024-02-08,0.0,21.024994,79.17499
2024-02-08,0.0,21.024994,79.225006
2024-02-08,0.0,21.074997,78.975006
2024-02-08,0.0,21.074997,79.024994
2024-02-08,0.0,21.074997,79.07501
2024-02-08,0.0,21.074997,79.125
2024-02-08,0.0,21.074997,79.17499
2024-02-08,0.0,21.074997,79.225006
2024-02-08,0.0,21.125,78.975006
2024-02-08,0.0,21.125,79.024994
2024-02-08,0.0,21.125,79.07501
2024-02-08,0.0,21.125,79.125
2024-02-08,0.0,21.125,79.17499
2024-02-08,0.0,21.125,79.225006
2024-02-08,0.0,21.174995,78.975006
2024-02-08,0.0,21.174995,79.024994
2024-02-08,0.0,21.174995,79.07501
2024-02-08,0.0,21.174995,79.125
2024-02-08,0.0,21.174995,79.17499
2024-02-08,0.0,21.174995,79.225006
2024-02-08,0.0,21.224998,78.975006
2024-02-08,0.0,21.224998,79.024994
2024-02-08,0.0,21.224998,79.07501
2024-02-08,0.0,21.224998,79.125
2024-02-08,0.0,21.224998,79.17499
2024-02-08,0.0,21.224998,79.225006
2024-02-09,0.0,21.024994,78.975006
2024-02-09,0.0,21.024994,79.024994
2024-02-09,0.0,21.024994,79.07501
2024-02-09,0.0,21.024994,79.125
2024-02-09,0.0,21.024994,79.17499
2024-02-09,0.0,21.024994,79.225006
2024-02-09,0.0,21.074997,78.975006
2024-02-09,0.0,21.074997,79.024994
2024-02-09,0.0,21.074997,79.07501
2024-02-09,0.0,21.074997,79.125
2024-02-09,0.0,21.074997,79.17499
2024-02-09,0.0,21.074997,79.225006
2024-02-09,0.0,21.125,78.975006
2024-02-09,0.0,21.125,79.024994
2024-02-09,0.0,21.125,79.07501
2024-02-09,0.0,21.125,79.125
2024-02-09,0.0,21.125,79.17499
2024-02-09,0.0,21.125,79.225006
2024-02-09,0.0,21.174995,78.975006
2024-02-09,0.0,21.174995,79.024994
2024-02-09,0.0,21.174995,79.07501
2024-02-09,0.0,21.174995,79.125
2024-02-09,0.0,21.174995,79.17499
2024-02-09,0.0,21.174995,79.225006
2024-02-09,0.0,21.224998,78.975006
2024-02-09,0.0,21.224998,79.024994
2024-02-09,0.0,21.224998,79.07501
2024-02-09,0.0,21.224998,79.125
2024-02-09,0.0,21.224998,79.17499
2024-02-09,0.0,21.224998,79.225006
2024-02-10,3.3664732,21.024994,78.975006
2024-02-10,3.2417567,21.024994,79.024994
2024-02-10,0.0,21.024994,79.07501
2024-02-10,0.0,21.024994,79.125
2024-02-10,0.0,21.024994,79.17499
2024-02-10,0.0,21.024994,79.225006
2024-02-10,3.8383973,21.074997,78.975006
2024-02-10,3.457618,21.074997,79.024994
2024-02-10,0.0,21.074997,79.07501
2024-02-10,0.0,21.074997,79.125
2024-02-10,0.0,21.074997,79.17499
2024-02-10,0.0,21.074997,79.225006
2024-02-10,1.784895,21.125,78.975006
2024-02-10,0.0,21.125,79.024994
2024-02-10,0.0,21.125,79.07501
2024-02-10,0.0,21.125,79.125
2024-02-10,0.0,21.125,79.17499
2024-02-10,0.0,21.125,79.225006
2024-02-10,1.5144943,21.174995,78.975006
2024-02-10,0.0,21.174995,79.024994
2024-02-10,0.0,21.174995,79.07501
2024-02-10,0.0,21.174995,79.125
2024-02-10,0.0,21.174995,79.17499
2024-02-10,0.0,21.174995,79.225006
2024-02-10,1.7169663,21.224998,78.975006
2024-02-10,0.0,21.224998,79.024994
2024-02-10,0.0,21.224998,79.07501
2024-02-10,3.018959,21.224998,79.125
2024-02-10,0.0,21.224998,79.17499
2024-02-10,0.0,21.224998,79.225006
2024-02-11,10.877312,21.024994,78.975006
2024-02-11,6.471258,21.024994,79.024994
2024-02-11,6.8307376,21.024994,79.07501
2024-02-11,5.9986796,21.024994,79.125
2024-02-11,7.1843777,21.024994,79.17499
2024-02-11,6.866921,21.024994,79.225006
2024-02-11,7.958393,21.074997,78.975006
2024-02-11,6.9509673,21.074997,79.024994
2024-02-11,5.9504566,21.074997,79.07501
2024-02-11,4.627442,21.074997,79.125
2024-02-11,0.0,21.074997,79.17499
2024-02-11,4.5843487,21.074997,79.225006
2024-02-11,11.396019,21.125,78.975006
2024-02-11,7.5421667,21.125,79.024994
2024-02-11,0.0,21.125,79.07501
2024-02-11,3.2316577,21.125,79.125
2024-02-11,0.0,21.125,79.17499
2024-02-11,0.0,21.125,79.225006
2024-02-11,9.87655,21.174995,78.975006
2024-02-11,6.2218113,21.174995,79.024994
2024-02-11,3.653739,21.174995,79.07501
2024-02-11,0.0,21.174995,79.125
2024-02-11,0.0,21.174995,79.17499
2024-02-11,0.0,21.174995,79.225006
2024-02-11,8.772609,21.224998,78.975006
2024-02-11,4.5509543,21.224998,79.024994
2024-02-11,4.140678,21.224998,79.07501
2024-02-11,0.0,21.224998,79.125
2024-02-11,0.0,21.224998,79.17499
2024-02-11,0.0,21.224998,79.225006
2024-02-12,0.0,21.024994,78.975006
2024-02-12,0.0,21.024994,79.024994
2024-02-12,0.0,21.024994,79.07501
2024-02-12,0.0,21.024994,79.125
2024-02-12,0.0,21.024994,79.17499
2024-02-12,0.0,21.024994,79.225006
2024-02-12,0.0,21.074997,78.975006
2024-02-12,0.0,21.074997,79.024994
2024-02-12,0.0,21.074997,79.07501
2024-02-12,0.0,21.074997,79.125
2024-02-12,0.0,21.074997,79.17499
2024-02-12,0.0,21.074997,79.225006
2024-02-12,0.0,21.125,78.975006
2024-02-12,0.0,21.125,79.024994
2024-02-12,0.0,21.125,79.07501
2024-02-12,0.0,21.125,79.125
2024-02-12,0.0,21.125,79.17499
2024-02-12,0.0,21.125,79.225006
2024-02-12,0.0,21.174995,78.975006
2024-02-12,0.0,21.174995,79.024994
2024-02-12,0.0,21.174995,79.07501
2024-02-12,0.0,21.174995,79.125
2024-02-12,0.0,21.174995,79.17499
2024-02-12,0.0,21.174995,79.225006
2024-02-12,0.0,21.224998,78.975006
2024-02-12,0.0,21.224998,79.024994
2024-02-12,0.0,21.224998,79.07501
2024-02-12,0.0,21.224998,79.125
2024-02-12,0.0,21.224998,79.17499
2024-02-12,0.0,21.224998,79.225006
2024-02-13,0.0,21.024994,78.975006
2024-02-13,0.0,21.024994,79.024994
2024-02-13,0.0,21.024994,79.07501
2024-02-13,0.0,21.024994,79.125
2024-02-13,0.0,21.024994,79.17499
2024-02-13,0.0,21.024994,79.225006
2024-02-13,0.0,21.074997,78.975006
2024-02-13,0.0,21.074997,79.024994
2024-02-13,0.0,21.074997,79.07501
2024-02-13,0.0,21.074997,79.125
2024-02-13,0.0,21.074997,79.17499
2024-02-13,0.0,21.074997,79.225006
2024-02-13,0.0,21.125,78.975006
2024-02-13,0.0,21.125,79.024994
2024-02-13,0.0,21.125,79.07501
2024-02-13,0.0,21.125,79.125
2024-02-13,0.0,21.125,79.17499
2024-02-13,3.648993,21.125,79.225006
2024-02-13,0.0,21.174995,78.975006
2024-02-13,0.0,21.174995,79.024994
2024-02-13,0.0,21.174995,79.07501
2024-02-13,0.0,21.174995,79.125
2024-02-13,5.807397,21.174995,79.17499
2024-02-13,4.015067,21.174995,79.225006
2024-02-13,0.0,21.224998,78.975006
2024-02-13,0.0,21.224998,79.024994
2024-02-13,0.0,21.224998,79.07501
2024-02-13,0.0,21.224998,79.125
2024-02-13,7.147226,21.224998,79.17499
2024-02-13,7.1116447,21.224998,79.225006
2024-02-14,0.0,21.024994,78.975006
2024-02-14,0.0,21.024994,79.024994
2024-02-14,0.0,21.024994,79.07501
2024-02-14,0.0,21.024994,79.125
2024-02-14,0.0,21.024994,79.17499
2024-02-14,0.0,21.024994,79.225006
2024-02-14,0.0,21.074997,78.975006
2024-02-14,0.0,21.074997,79.024994
2024-02-14,0.0,21.074997,79.07501
2024-02-14,0.0,21.074997,79.125
2024-02-14,8.091244,21.074997,79.17499
2024-02-14,0.0,21.074997,79.225006
2024-02-14,0.0,21.125,78.975006
2024-02-14,0.0,21.125,79.024994
2024-02-14,0.0,21.125,79.07501
2024-02-14,0.0,21.125,79.125
2024-02-14,8.385498,21.125,79.17499
2024-02-14,3.648993,21.125,79.225006
2024-02-14,0.0,21.174995,78.975006
2024-02-14,0.0,21.174995,79.024994
2024-02-14,0.0,21.174995,79.07501
2024-02-14,0.0,21.174995,79.125
2024-02-14,0.0,21.174995,79.17499
2024-02-14,4.015067,21.174995,79.225006
2024-02-14,0.0,21.224998,78.975006
2024-02-14,0.0,21.224998,79.024994
2024-02-14,0.0,21.224998,79.07501
2024-02-14,0.0,21.224998,79.125
2024-02-14,0.0,21.224998,79.17499
2024-02-14,0.0,21.224998,79.225006
2024-02-15,0.0,21.024994,78.975006
2024-02-15,0.0,21.024994,79.024994
2024-02-15,0.0,21.024994,79.07501
2024-02-15,0.0,21.024994,79.125
2024-02-15,0.0,21.024994,79.17499
2024-02-15,0.0,21.024994,79.225006
2024-02-15,0.0,21.074997,78.975006
2024-02-15,0.0,21.074997,79.024994
2024-02-15,0.0,21.074997,79.07501
2024-02-15,0.0,21.074997,79.125
2024-02-15,0.0,21.074997,79.17499
2024-02-15,0.0,21.074997,79.225006
2024-02-15,0.0,21.125,78.975006
2024-02-15,0.0,21.125,79.024994
2024-02-15,0.0,21.125,79.07501
2024-02-15,0.0,21.125,79.125
2024-02-15,0.0,21.125,79.17499
2024-02-15,0.0,21.125,79.225006
2024-02-15,0.0,21.174995,78.975006
2024-02-15,0.0,21.174995,79.024994
2024-02-15,0.0,21.174995,79.07501
2024-02-15,0.0,21.174995,79.125
2024-02-15,0.0,21.174995,79.17499
2024-02-15,0.0,21.174995,79.225006
2024-02-15,0.0,21.224998,78.975006
2024-02-15,0.0,21.224998,79.024994
2024-02-15,0.0,21.224998,79.07501
2024-02-15,0.0,21.224998,79.125
2024-02-15,0.0,21.224998,79.17499
2024-02-15,0.0,21.224998,79.225006
2024-02-16,0.0,21.024994,78.975006
2024-02-16,0.0,21.024994,79.024994
2024-02-16,0.0,21.024994,79.07501
2024-02-16,0.0,21.024994,79.125
2024-02-16,0.0,21.024994,79.17499
2024-02-16,0.0,21.024994,79.225006
2024-02-16,0.0,21.074997,78.975006
2024-02-16,0.0,21.074997,79.024994
2024-02-16,0.0,21.074997,79.07501
2024-02-16,0.0,21.074997,79.125
2024-02-16,0.0,21.074997,79.17499
2024-02-16,0.0,21.074997,79.225006
2024-02-16,0.0,21.125,78.975006
2024-02-16,0.0,21.125,79.024994
2024-02-16,0.0,21.125,79.07501
2024-02-16,0.0,21.125,79.125
2024-02-16,0.0,21.125,79.17499
2024-02-16,0.0,21.125,79.225006
2024-02-16,0.0,21.174995,78.975006
2024-02-16,0.0,21.174995,79.024994
2024-02-16,0.0,21.174995,79.07501
2024-02-16,0.0,21.174995,79.125
2024-02-16,0.0,21.174995,79.17499
2024-02-16,0.0,21.174995,79.225006
2024-02-16,0.0,21.224998,78.975006
2024-02-16,0.0,21.224998,79.024994
2024-02-16,0.0,21.224998,79.07501
2024-02-16,0.0,21.224998,79.125
2024-02-16,0.0,21.224998,79.17499
2024-02-16,0.0,21.224998,79.225006
2024-02-17,0.0,21.024994,78.975006
2024-02-17,0.0,21.024994,79.024994
2024-02-17,0.0,21.024994,79.07501
2024-02-17,0.0,21.024994,79.125
2024-02-17,0.0,21.024994,79.17499
2024-02-17,0.0,21.024994,79.225006
2024-02-17,0.0,21.074997,78.975006
2024-02-17,0.0,21.074997,79.024994
2024-02-17,0.0,21.074997,79.07501
2024-02-17,0.0,21.074997,79.125
2024-02-17,0.0,21.074997,79.17499
2024-02-17,0.0,21.074997,79.225006
2024-02-17,0.0,21.125,78.975006
2024-02-17,0.0,21.125,79.024994
2024-02-17,0.0,21.125,79.07501
2024-02-17,0.0,21.125,79.125
2024-02-17,0.0,21.125,79.17499
2024-02-17,0.0,21.125,79.225006
2024-02-17,0.0,21.174995,78.975006
2024-02-17,0.0,21.174995,79.024994
2024-02-17,0.0,21.174995,79.07501
2024-02-17,0.0,21.174995,79.125
2024-02-17,0.0,21.174995,79.17499
2024-02-17,0.0,21.174995,79.225006
2024-02-17,0.0,21.224998,78.975006
2024-02-17,0.0,21.224998,79.024994
2024-02-17,0.0,21.224998,79.07501
2024-02-17,0.0,21.224998,79.125
2024-02-17,0.0,21.224998,79.17499
2024-02-17,0.0,21.224998,79.225006
2024-02-18,0.0,21.024994,78.975006
2024-02-18,0.0,21.024994,79.024994
2024-02-18,0.0,21.024994,79.07501
2024-02-18,0.0,21.024994,79.125
2024-02-18,0.0,21.024994,79.17499
2024-02-18,0.0,21.024994,79.225006
2024-02-18,0.0,21.074997,78.975006
2024-02-18,0.0,21.074997,79.024994
2024-02-18,0.0,21.074997,79.07501
2024-02-18,0.0,21.074997,79.125
2024-02-18,0.0,21.074997,79.17499
2024-02-18,0.0,21.074997,79.225006
2024-02-18,0.0,21.125,78.975006
2024-02-18,0.0,21.125,79.024994
2024-02-18,0.0,21.125,79.07501
2024-02-18,0.0,21.125,79.125
2024-02-18,0.0,21.125,79.17499
2024-02-18,0.0,21.125,79.225006
2024-02-18,0.0,21.174995,78.975006
2024-02-18,0.0,21.174995,79.024994
2024-02-18,0.0,21.174995,79.07501
2024-02-18,0.0,21.174995,79.125
2024-02-18,0.0,21.174995,79.17499
2024-02-18,0.0,21.174995,79.225006
2024-02-18,0.0,21.224998,78.975006
2024-02-18,0.0,21.224998,79.024994
2024-02-18,0.0,21.224998,79.07501
2024-02-18,0.0,21.224998,79.125
2024-02-18,0.0,21.224998,79.17499
2024-02-18,0.0,21.224998,79.225006
2024-02-19,0.0,21.024994,78.975006
2024-02-19,0.0,21.024994,79.024994
2024-02-19,0.0,21.024994,79.07501
2024-02-19,0.0,21.024994,79.125
2024-02-19,0.0,21.024994,79.17499
2024-02-19,0.0,21.024994,79.225006
2024-02-19,0.0,21.074997,78.975006
2024-02-19,0.0,21.074997,79.024994
2024-02-19,0.0,21.074997,79.07501
2024-02-19,0.0,21.074997,79.125
2024-02-19,0.0,21.074997,79.17499
2024-02-19,0.0,21.074997,79.225006
2024-02-19,0.0,21.125,78.975006
2024-02-19,0.0,21.125,79.024994
2024-02-19,0.0,21.125,79.07501
2024-02-19,0.0,21.125,79.125
2024-02-19,0.0,21.125,79.17499
2024-02-19,0.0,21.125,79.225006
2024-02-19,0.0,21.174995,78.975006
2024-02-19,0.0,21.174995,79.024994
2024-02-19,0.0,21.174995,79.07501
2024-02-19,0.0,21.174995,79.125
2024-02-19,0.0,21.174995,79.17499
2024-02-19,0.0,21.174995,79.225006
2024-02-19,0.0,21.224998,78.975006
2024-02-19,0.0,21.224998,79.024994
2024-02-19,0.0,21.224998,79.07501
2024-02-19,0.0,21.224998,79.125
2024-02-19,0.0,21.224998,79.17499
2024-02-19,0.0,21.224998,79.225006
2024-02-20,0.0,21.024994,78.975006
2024-02-20,0.0,21.024994,79.024994
2024-02-20,0.0,21.024994,79.07501
2024-02-20,0.0,21.024994,79.125
2024-02-20,0.0,21.024994,79.17499
2024-02-20,0.0,21.024994,79.225006
2024-02-20,0.0,21.074997,78.975006
2024-02-20,0.0,21.074997,79.024994
2024-02-20,0.0,21.074997,79.07501
2024-02-20,0.0,21.074997,79.125
2024-02-20,0.0,21.074997,79.17499
2024-02-20,0.0,21.074997,79.225006
2024-02-20,0.0,21.125,78.975006
2024-02-20,0.0,21.125,79.024994
2024-02-20,0.0,21.125,79.07501
2024-02-20,0.0,21.125,79.125
2024-02-20,0.0,21.125,79.17499
2024-02-20,0.0,21.125,79.225006
2024-02-20,0.0,21.174995,78.975006
2024-02-20,0.0,21.174995,79.024994
2024-02-20,0.0,21.174995,79.07501
2024-02-20,0.0,21.174995,79.125
2024-02-20,0.0,21.174995,79.17499
2024-02-20,0.0,21.174995,79.225006
2024-02-20,0.0,21.224998,78.975006
2024-02-20,0.0,21.224998,79.024994
2024-02-20,0.0,21.224998,79.07501
2024-02-20,0.0,21.224998,79.125
2024-02-20,0.0,21.224998,79.17499
2024-02-20,0.0,21.224998,79.225006
2024-02-21,0.0,21.024994,78.975006
2024-02-21,0.0,21.024994,79.024994
2024-02-21,0.0,21.024994,79.07501
2024-02-21,0.0,21.024994,79.125
2024-02-21,0.0,21.024994,79.17499
2024-02-21,0.0,21.024994,79.225006
2024-02-21,0.0,21.074997,78.975006
2024-02-21,0.0,21.074997,79.024994
2024-02-21,0.0,21.074997,79.07501
2024-02-21,0.0,21.074997,79.125
2024-02-21,0.0,21.074997,79.17499
2024-02-21,0.0,21.074997,79.225006
2024-02-21,0.0,21.125,78.975006
2024-02-21,0.0,21.125,79.024994
2024-02-21,0.0,21.125,79.07501
2024-02-21,0.0,21.125,79.125
2024-02-21,0.0,21.125,79.17499
2024-02-21,0.0,21.125,79.225006
2024-02-21,0.0,21.174995,78.975006
2024-02-21,0.0,21.174995,79.024994
2024-02-21,0.0,21.174995,79.07501
2024-02-21,0.0,21.174995,79.125
2024-02-21,0.0,21.174995,79.17499
2024-02-21,0.0,21.174995,79.225006
2024-02-21,0.0,21.224998,78.975006
2024-02-21,0.0,21.224998,79.024994
2024-02-21,0.0,21.224998,79.07501
2024-02-21,0.0,21.224998,79.125
2024-02-21,0.0,21.224998,79.17499
2024-02-21,0.0,21.224998,79.225006
2024-02-22,0.0,21.024994,78.975006
2024-02-22,0.0,21.024994,79.024994
2024-02-22,0.0,21.024994,79.07501
2024-02-22,0.0,21.024994,79.125
2024-02-22,0.0,21.024994,79.17499
2024-02-22,0.0,21.024994,79.225006
2024-02-22,0.0,21.074997,78.975006
2024-02-22,0.0,21.074997,79.024994
2024-02-22,0.0,21.074997,79.07501
2024-02-22,0.0,21.074997,79.125
2024-02-22,0.0,21.074997,79.17499
2024-02-22,0.0,21.074997,79.225006
2024-02-22,0.0,21.125,78.975006
2024-02-22,0.0,21.125,79.024994
2024-02-22,0.0,21.125,79.07501
2024-02-22,0.0,21.125,79.125
2024-02-22,0.0,21.125,79.17499
2024-02-22,0.0,21.125,79.225006
2024-02-22,0.0,21.174995,78.975006
2024-02-22,0.0,21.174995,79.024994
2024-02-22,0.0,21.174995,79.07501
2024-02-22,0.0,21.174995,79.125
2024-02-22,0.0,21.174995,79.17499
2024-02-22,0.0,21.174995,79.225006
2024-02-22,0.0,21.224998,78.975006
2024-02-22,0.0,21.224998,79.024994
2024-02-22,0.0,21.224998,79.07501
2024-02-22,0.0,21.224998,79.125
2024-02-22,0.0,21.224998,79.17499
2024-02-22,0.0,21.224998,79.225006
2024-02-23,0.0,21.024994,78.975006
2024-02-23,0.0,21.024994,79.024994
2024-02-23,0.0,21.024994,79.07501
2024-02-23,0.0,21.024994,79.125
2024-02-23,0.0,21.024994,79.17499
2024-02-23,0.0,21.024994,79.225006
2024-02-23,0.0,21.074997,78.975006
2024-02-23,0.0,21.074997,79.024994
2024-02-23,0.0,21.074997,79.07501
2024-02-23,0.0,21.074997,79.125
2024-02-23,0.0,21.074997,79.17499
2024-02-23,0.0,21.074997,79.225006
2024-02-23,0.0,21.125,78.975006
2024-02-23,0.0,21.125,79.024994
2024-02-23,0.0,21.125,79.07501
2024-02-23,0.0,21.125,79.125
2024-02-23,0.0,21.125,79.17499
2024-02-23,0.0,21.125,79.225006
2024-02-23,0.0,21.174995,78.975006
2024-02-23,0.0,21.174995,79.024994
2024-02-23,0.0,21.174995,79.07501
2024-02-23,0.0,21.174995,79.125
2024-02-23,0.0,21.174995,79.17499
2024-02-23,0.0,21.174995,79.225006
2024-02-23,0.0,21.224998,78.975006
2024-02-23,0.0,21.224998,79.024994
2024-02-23,0.0,21.224998,79.07501
2024-02-23,0.0,21.224998,79.125
2024-02-23,0.0,21.224998,79.17499
2024-02-23,0.0,21.224998,79.225006
2024-02-24,0.0,21.024994,78.975006
2024-02-24,0.0,21.024994,79.024994
2024-02-24,0.0,21.024994,79.07501
2024-02-24,0.0,21.024994,79.125
2024-02-24,0.0,21.024994,79.17499
2024-02-24,0.0,21.024994,79.225006
2024-02-24,0.0,21.074997,78.975006
2024-02-24,0.0,21.074997,79.024994
2024-02-24,0.0,21.074997,79.07501
2024-02-24,0.0,21.074997,79.125
2024-02-24,0.0,21.074997,79.17499
2024-02-24,0.0,21.074997,79.225006
2024-02-24,0.0,21.125,78.975006
2024-02-24,0.0,21.125,79.024994
2024-02-24,0.0,21.125,79.07501
2024-02-24,0.0,21.125,79.125
2024-02-24,0.0,21.125,79.17499
2024-02-24,0.0,21.125,79.225006
2024-02-24,0.0,21.174995,78.975006
2024-02-24,0.0,21.174995,79.024994
2024-02-24,0.0,21.174995,79.07501
2024-02-24,0.0,21.174995,79.125
2024-02-24,0.0,21.174995,79.17499
2024-02-24,0.0,21.174995,79.225006
2024-02-24,0.0,21.224998,78.975006
2024-02-24,0.0,21.224998,79.024994
2024-02-24,0.0,21.224998,79.07501
2024-02-24,0.0,21.224998,79.125
2024-02-24,0.0,21.224998,79.17499
2024-02-24,0.0,21.224998,79.225006
2024-02-25,3.46537,21.024994,78.975006
2024-02-25,3.393437,21.024994,79.024994
2024-02-25,3.8325922,21.024994,79.07501
2024-02-25,3.550333,21.024994,79.125
2024-02-25,3.046726,21.024994,79.17499
2024-02-25,3.0840673,21.024994,79.225006
2024-02-25,3.6810138,21.074997,78.975006
2024-02-25,3.545533,21.074997,79.024994
2024-02-25,3.4072404,21.074997,79.07501
2024-02-25,2.9291747,21.074997,79.125
2024-02-25,0.0,21.074997,79.17499
2024-02-25,3.048512,21.074997,79.225006
2024-02-25,1.7303247,21.125,78.975006
2024-02-25,1.6333462,21.125,79.024994
2024-02-25,0.0,21.125,79.07501
2024-02-25,2.265637,21.125,79.125
2024-02-25,0.0,21.125,79.17499
2024-02-25,0.0,21.125,79.225006
2024-02-25,1.5345165,21.174995,78.975006
2024-02-25,1.4062268,21.174995,79.024994
2024-02-25,2.3316853,21.174995,79.07501
2024-02-25,2.6186054,21.174995,79.125
2024-02-25,0.0,21.174995,79.17499
2024-02-25,0.0,21.174995,79.225006
2024-02-25,0.0,21.224998,78.975006
2024-02-25,1.5537723,21.224998,79.024994
2024-02-25,2.4878755,21.224998,79.07501
2024-02-25,3.2918403,21.224998,79.125
2024-02-25,0.0,21.224998,79.17499
2024-02-25,0.0,21.224998,79.225006
2024-02-26,0.0,21.024994,78.975006
2024-02-26,0.0,21.024994,79.024994
2024-02-26,0.0,21.024994,79.07501
2024-02-26,0.0,21.024994,79.125
2024-02-26,0.0,21.024994,79.17499
2024-02-26,0.0,21.024994,79.225006
2024-02-26,0.0,21.074997,78.975006
2024-02-26,0.0,21.074997,79.024994
2024-02-26,0.0,21.074997,79.07501
2024-02-26,0.0,21.074997,79.125
2024-02-26,0.0,21.074997,79.17499
2024-02-26,0.0,21.074997,79.225006
2024-02-26,0.0,21.125,78.975006
2024-02-26,0.0,21.125,79.024994
2024-02-26,0.0,21.125,79.07501
2024-02-26,0.0,21.125,79.125
2024-02-26,0.0,21.125,79.17499
2024-02-26,0.0,21.125,79.225006
2024-02-26,0.0,21.174995,78.975006
2024-02-26,0.0,21.174995,79.024994
2024-02-26,0.0,21.174995,79.07501
2024-02-26,0.0,21.174995,79.125
2024-02-26,0.0,21.174995,79.17499
2024-02-26,0.0,21.174995,79.225006
2024-02-26,0.0,21.224998,78.975006
2024-02-26,0.0,21.224998,79.024994
2024-02-26,0.0,21.224998,79.07501
2024-02-26,0.0,21.224998,79.125
2024-02-26,0.0,21.224998,79.17499
2024-02-26,0.0,21.224998,79.225006
2024-02-27,0.0,21.024994,78.975006
2024-02-27,0.0,21.024994,79.024994
2024-02-27,0.0,21.024994,79.07501
2024-02-27,0.0,21.024994,79.125
2024-02-27,0.0,21.024994,79.17499
2024-02-27,0.0,21.024994,79.225006
2024-02-27,0.0,21.074997,78.975006
2024-02-27,0.0,21.074997,79.024994
2024-02-27,0.0,21.074997,79.07501
2024-02-27,0.0,21.074997,79.125
2024-02-27,0.0,21.074997,79.17499
2024-02-27,0.0,21.074997,79.225006
2024-02-27,0.0,21.125,78.975006
2024-02-27,0.0,21.125,79.024994
2024-02-27,0.0,21.125,79.07501
2024-02-27,0.0,21.125,79.125
2024-02-27,0.0,21.125,79.17499
2024-02-27,0.0,21.125,79.225006
2024-02-27,0.0,21.174995,78.975006
2024-02-27,0.0,21.174995,79.024994
2024-02-27,0.0,21.174995,79.07501
2024-02-27,0.0,21.174995,79.125
2024-02-27,0.0,21.174995,79.17499
2024-02-27,0.0,21.174995,79.225006
2024-02-27,0.0,21.224998,78.975006
2024-02-27,0.0,21.224998,79.024994
2024-02-27,0.0,21.224998,79.07501
2024-02-27,0.0,21.224998,79.125
2024-02-27,0.0,21.224998,79.17499
2024-02-27,0.0,21.224998,79.225006
2024-02-28,0.0,21.024994,78.975006
2024-02-28,0.0,21.024994,79.024994
2024-02-28,0.0,21.024994,79.07501
2024-02-28,0.0,21.024994,79.125
2024-02-28,0.0,21.024994,79.17499
2024-02-28,0.0,21.024994,79.225006
2024-02-28,0.0,21.074997,78.975006
2024-02-28,0.0,21.074997,79.024994
2024-02-28,0.0,21.074997,79.07501
2024-02-28,0.0,21.074997,79.125
2024-02-28,0.0,21.074997,79.17499
2024-02-28,0.0,21.074997,79.225006
2024-02-28,0.0,21.125,78.975006
2024-02-28,0.0,21.125,79.024994
2024-02-28,0.0,21.125,79.07501
2024-02-28,0.0,21.125,79.125
2024-02-28,0.0,21.125,79.17499
2024-02-28,0.0,21.125,79.225006
2024-02-28,0.0,21.174995,78.975006
2024-02-28,0.0,21.174995,79.024994
2024-02-28,0.0,21.174995,79.07501
2024-02-28,0.0,21.174995,79.125
2024-02-28,0.0,21.174995,79.17499
2024-02-28,0.0,21.174995,79.225006
2024-02-28,0.0,21.224998,78.975006
2024-02-28,0.0,21.224998,79.024994
2024-02-28,0.0,21.224998,79.07501
2024-02-28,0.0,21.224998,79.125
2024-02-28,0.0,21.224998,79.17499
2024-02-28,0.0,21.224998,79.225006
2024-02-29,0.0,21.024994,78.975006
2024-02-29,0.0,21.024994,79.024994
2024-02-29,0.0,21.024994,79.07501
2024-02-29,0.0,21.024994,79.125
2024-02-29,0.0,21.024994,79.17499
2024-02-29,0.0,21.024994,79.225006
2024-02-29,0.0,21.074997,78.975006
2024-02-29,0.0,21.074997,79.024994
2024-02-29,0.0,21.074997,79.07501
2024-02-29,0.0,21.074997,79.125
2024-02-29,0.0,21.074997,79.17499
2024-02-29,0.0,21.074997,79.225006
2024-02-29,0.0,21.125,78.975006
2024-02-29,0.0,21.125,79.024994
2024-02-29,0.0,21.125,79.07501
2024-02-29,0.0,21.125,79.125
2024-02-29,0.0,21.125,79.17499
2024-02-29,0.0,21.125,79.225006
2024-02-29,0.0,21.174995,78.975006
2024-02-29,0.0,21.174995,79.024994
2024-02-29,0.0,21.174995,79.07501
2024-02-29,0.0,21.174995,79.125
2024-02-29,0.0,21.174995,79.17499
2024-02-29,0.0,21.174995,79.225006
2024-02-29,0.0,21.224998,78.975006
2024-02-29,0.0,21.224998,79.024994
2024-02-29,0.0,21.224998,79.07501
2024-02-29,0.0,21.224998,79.125
2024-02-29,0.0,21.224998,79.17499
2024-02-29,0.0,21.224998,79.225006
2024-03-01,0.0,21.024994,78.975006
2024-03-01,0.0,21.024994,79.024994
2024-03-01,0.0,21.024994,79.07501
2024-03-01,0.0,21.024994,79.125
2024-03-01,0.0,21.024994,79.17499
2024-03-01,0.0,21.024994,79.225006
2024-03-01,0.0,21.074997,78.975006
2024-03-01,0.0,21.074997,79.024994
2024-03-01,0.0,21.074997,79.07501
2024-03-01,0.0,21.074997,79.125
2024-03-01,0.0,21.074997,79.17499
2024-03-01,0.0,21.074997,79.225006
2024-03-01,0.0,21.125,78.975006
2024-03-01,0.0,21.125,79.024994
2024-03-01,0.0,21.125,79.07501
2024-03-01,0.0,21.125,79.125
2024-03-01,0.0,21.125,79.17499
2024-03-01,0.0,21.125,79.225006
2024-03-01,0.0,21.174995,78.975006
2024-03-01,0.0,21.174995,79.024994
2024-03-01,0.0,21.174995,79.07501
2024-03-01,0.0,21.174995,79.125
2024-03-01,0.0,21.174995,79.17499
2024-03-01,0.0,21.174995,79.225006
2024-03-01,0.0,21.224998,78.975006
2024-03-01,0.0,21.224998,79.024994
2024-03-01,0.0,21.224998,79.07501
2024-03-01,0.0,21.224998,79.125
2024-03-01,0.0,21.224998,79.17499
2024-03-01,0.0,21.224998,79.225006
2024-03-02,0.0,21.024994,78.975006
2024-03-02,0.0,21.024994,79.024994
2024-03-02,0.0,21.024994,79.07501
2024-03-02,0.0,21.024994,79.125
2024-03-02,0.0,21.024994,79.17499
2024-03-02,0.0,21.024994,79.225006
2024-03-02,0.0,21.074997,78.975006
2024-03-02,0.0,21.074997,79.024994
2024-03-02,0.0,21.074997,79.07501
2024-03-02,0.0,21.074997,79.125
2024-03-02,0.0,21.074997,79.17499
2024-03-02,0.0,21.074997,79.225006
2024-03-02,0.0,21.125,78.975006
2024-03-02,0.0,21.125,79.024994
2024-03-02,0.0,21.125,79.07501
2024-03-02,0.0,21.125,79.125
2024-03-02,0.0,21.125,79.17499
2024-03-02,0.0,21.125,79.225006
2024-03-02,0.0,21.174995,78.975006
2024-03-02,0.0,21.174995,79.024994
2024-03-02,0.0,21.174995,79.07501
2024-03-02,0.0,21.174995,79.125
2024-03-02,0.0,21.174995,79.17499
2024-03-02,0.0,21.174995,79.225006
2024-03-02,0.0,21.224998,78.975006
2024-03-02,0.0,21.224998,79.024994
2024-03-02,0.0,21.224998,79.07501
2024-03-02,0.0,21.224998,79.125
2024-03-02,0.0,21.224998,79.17499
2024-03-02,0.0,21.224998,79.225006
2024-03-03,0.0,21.024994,78.975006
2024-03-03,0.0,21.024994,79.024994
2024-03-03,0.0,21.024994,79.07501
2024-03-03,0.0,21.024994,79.125
2024-03-03,0.0,21.024994,79.17499
2024-03-03,0.0,21.024994,79.225006
2024-03-03,0.0,21.074997,78.975006
2024-03-03,0.0,21.074997,79.024994
2024-03-03,0.0,21.074997,79.07501
2024-03-03,0.0,21.074997,79.125
2024-03-03,0.0,21.074997,79.17499
2024-03-03,0.0,21.074997,79.225006
2024-03-03,0.0,21.125,78.975006
2024-03-03,0.0,21.125,79.024994
2024-03-03,0.0,21.125,79.07501
2024-03-03,0.0,21.125,79.125
2024-03-03,0.0,21.125,79.17499
2024-03-03,0.0,21.125,79.225006
2024-03-03,0.0,21.174995,78.975006
2024-03-03,0.0,21.174995,79.024994
2024-03-03,0.0,21.174995,79.07501
2024-03-03,0.0,21.174995,79.125
2024-03-03,0.0,21.174995,79.17499
2024-03-03,0.0,21.174995,79.225006
2024-03-03,0.0,21.224998,78.975006
2024-03-03,0.0,21.224998,79.024994
2024-03-03,0.0,21.224998,79.07501
2024-03-03,0.0,21.224998,79.125
2024-03-03,0.0,21.224998,79.17499
2024-03-03,0.0,21.224998,79.225006
2024-03-04,0.0,21.024994,78.975006
2024-03-04,0.0,21.024994,79.024994
2024-03-04,0.0,21.024994,79.07501
2024-03-04,0.0,21.024994,79.125
2024-03-04,0.0,21.024994,79.17499
2024-03-04,0.0,21.024994,79.225006
2024-03-04,0.0,21.074997,78.975006
2024-03-04,0.0,21.074997,79.024994
2024-03-04,0.0,21.074997,79.07501
2024-03-04,0.0,21.074997,79.125
2024-03-04,0.0,21.074997,79.17499
2024-03-04,0.0,21.074997,79.225006
2024-03-04,0.0,21.125,78.975006
2024-03-04,0.0,21.125,79.024994
2024-03-04,0.0,21.125,79.07501
2024-03-04,0.0,21.125,79.125
2024-03-04,0.0,21.125,79.17499
2024-03-04,0.0,21.125,79.225006
2024-03-04,0.0,21.174995,78.975006
2024-03-04,0.0,21.174995,79.024994
2024-03-04,0.0,21.174995,79.07501
2024-03-04,0.0,21.174995,79.125
2024-03-04,0.0,21.174995,79.17499
2024-03-04,0.0,21.174995,79.225006
2024-03-04,0.0,21.224998,78.975006
2024-03-04,0.0,21.224998,79.024994
2024-03-04,0.0,21.224998,79.07501
2024-03-04,0.0,21.224998,79.125
2024-03-04,0.0,21.224998,79.17499
2024-03-04,0.0,21.224998,79.225006
2024-03-05,0.0,21.024994,78.975006
2024-03-05,0.0,21.024994,79.024994
2024-03-05,0.0,21.024994,79.07501
2024-03-05,0.0,21.024994,79.125
2024-03-05,0.0,21.024994,79.17499
2024-03-05,0.0,21.024994,79.225006
2024-03-05,0.0,21.074997,78.975006
2024-03-05,0.0,21.074997,79.024994
2024-03-05,0.0,21.074997,79.07501
2024-03-05,0.0,21.074997,79.125
2024-03-05,0.0,21.074997,79.17499
2024-03-05,0.0,21.074997,79.225006
2024-03-05,0.0,21.125,78.975006
2024-03-05,0.0,21.125,79.024994
2024-03-05,0.0,21.125,79.07501
2024-03-05,0.0,21.125,79.125
2024-03-05,0.0,21.125,79.17499
2024-03-05,0.0,21.125,79.225006
2024-03-05,0.0,21.174995,78.975006
2024-03-05,0.0,21.174995,79.024994
2024-03-05,0.0,21.174995,79.07501
2024-03-05,0.0,21.174995,79.125
2024-03-05,0.0,21.174995,79.17499
2024-03-05,0.0,21.174995,79.225006
2024-03-05,0.0,21.224998,78.975006
2024-03-05,0.0,21.224998,79.024994
2024-03-05,0.0,21.224998,79.07501
2024-03-05,0.0,21.224998,79.125
2024-03-05,0.0,21.224998,79.17499
2024-03-05,0.0,21.224998,79.225006
2024-03-06,0.0,21.024994,78.975006
2024-03-06,0.0,21.024994,79.024994
2024-03-06,0.0,21.024994,79.07501
2024-03-06,0.0,21.024994,79.125
2024-03-06,0.0,21.024994,79.17499
2024-03-06,0.0,21.024994,79.225006
2024-03-06,0.0,21.074997,78.975006
2024-03-06,0.0,21.074997,79.024994
2024-03-06,0.0,21.074997,79.07501
2024-03-06,0.0,21.074997,79.125
2024-03-06,0.0,21.074997,79.17499
2024-03-06,0.0,21.074997,79.225006
2024-03-06,0.0,21.125,78.975006
2024-03-06,0.0,21.125,79.024994
2024-03-06,0.0,21.125,79.07501
2024-03-06,0.0,21.125,79.125
2024-03-06,0.0,21.125,79.17499
2024-03-06,0.0,21.125,79.225006
2024-03-06,0.0,21.174995,78.975006
2024-03-06,0.0,21.174995,79.024994
2024-03-06,0.0,21.174995,79.07501
2024-03-06,0.0,21.174995,79.125
2024-03-06,0.0,21.174995,79.17499
2024-03-06,0.0,21.174995,79.225006
2024-03-06,0.0,21.224998,78.975006
2024-03-06,0.0,21.224998,79.024994
2024-03-06,0.0,21.224998,79.07501
2024-03-06,0.0,21.224998,79.125
2024-03-06,0.0,21.224998,79.17499
2024-03-06,0.0,21.224998,79.225006
2024-03-07,0.0,21.024994,78.975006
2024-03-07,0.0,21.024994,79.024994
2024-03-07,0.0,21.024994,79.07501
2024-03-07,0.0,21.024994,79.125
2024-03-07,0.0,21.024994,79.17499
2024-03-07,0.0,21.024994,79.225006
2024-03-07,0.0,21.074997,78.975006
2024-03-07,0.0,21.074997,79.024994
2024-03-07,0.0,21.074997,79.07501
2024-03-07,0.0,21.074997,79.125
2024-03-07,0.0,21.074997,79.17499
2024-03-07,0.0,21.074997,79.225006
2024-03-07,0.0,21.125,78.975006
2024-03-07,0.0,21.125,79.024994
2024-03-07,0.0,21.125,79.07501
2024-03-07,0.0,21.125,79.125
2024-03-07,0.0,21.125,79.17499
2024-03-07,0.0,21.125,79.225006
2024-03-07,0.0,21.174995,78.975006
2024-03-07,0.0,21.174995,79.024994
2024-03-07,0.0,21.174995,79.07501
2024-03-07,0.0,21.174995,79.125
2024-03-07,0.0,21.174995,79.17499
2024-03-07,0.0,21.174995,79.225006
2024-03-07,0.0,21.224998,78.975006
2024-03-07,0.0,21.224998,79.024994
2024-03-07,0.0,21.224998,79.07501
2024-03-07,0.0,21.224998,79.125
2024-03-07,0.0,21.224998,79.17499
2024-03-07,0.0,21.224998,79.225006
2024-03-08,0.0,21.024994,78.975006
2024-03-08,0.0,21.024994,79.024994
2024-03-08,0.0,21.024994,79.07501
2024-03-08,0.0,21.024994,79.125
2024-03-08,0.0,21.024994,79.17499
2024-03-08,0.0,21.024994,79.225006
2024-03-08,0.0,21.074997,78.975006
2024-03-08,0.0,21.074997,79.024994
2024-03-08,0.0,21.074997,79.07501
2024-03-08,0.0,21.074997,79.125
2024-03-08,0.0,21.074997,79.17499
2024-03-08,0.0,21.074997,79.225006
2024-03-08,0.0,21.125,78.975006
2024-03-08,0.0,21.125,79.024994
2024-03-08,0.0,21.125,79.07501
2024-03-08,0.0,21.125,79.125
2024-03-08,0.0,21.125,79.17499
2024-03-08,0.0,21.125,79.225006
2024-03-08,0.0,21.174995,78.975006
2024-03-08,0.0,21.174995,79.024994
2024-03-08,0.0,21.174995,79.07501
2024-03-08,0.0,21.174995,79.125
2024-03-08,0.0,21.174995,79.17499
2024-03-08,0.0,21.174995,79.225006
2024-03-08,0.0,21.224998,78.975006
2024-03-08,0.0,21.224998,79.024994
2024-03-08,0.0,21.224998,79.07501
2024-03-08,0.0,21.224998,79.125
2024-03-08,0.0,21.224998,79.17499
2024-03-08,0.0,21.224998,79.225006
2024-03-09,0.0,21.024994,78.975006
2024-03-09,0.0,21.024994,79.024994
2024-03-09,0.0,21.024994,79.07501
2024-03-09,0.0,21.024994,79.125
2024-03-09,0.0,21.024994,79.17499
2024-03-09,0.0,21.024994,79.225006
2024-03-09,0.0,21.074997,78.975006
2024-03-09,0.0,21.074997,79.024994
2024-03-09,0.0,21.074997,79.07501
2024-03-09,0.0,21.074997,79.125
2024-03-09,0.0,21.074997,79.17499
2024-03-09,0.0,21.074997,79.225006
2024-03-09,0.0,21.125,78.975006
2024-03-09,0.0,21.125,79.024994
2024-03-09,0.0,21.125,79.07501
2024-03-09,0.0,21.125,79.125
2024-03-09,0.0,21.125,79.17499
2024-03-09,0.0,21.125,79.225006
2024-03-09,0.0,21.174995,78.975006
2024-03-09,0.0,21.174995,79.024994
2024-03-09,0.0,21.174995,79.07501
2024-03-09,0.0,21.174995,79.125
2024-03-09,0.0,21.174995,79.17499
2024-03-09,0.0,21.174995,79.225006
2024-03-09,0.0,21.224998,78.975006
2024-03-09,0.0,21.224998,79.024994
2024-03-09,0.0,21.224998,79.07501
2024-03-09,0.0,21.224998,79.125
2024-03-09,0.0,21.224998,79.17499
2024-03-09,0.0,21.224998,79.225006
2024-03-10,0.0,21.024994,78.975006
2024-03-10,0.0,21.024994,79.024994
2024-03-10,0.0,21.024994,79.07501
2024-03-10,0.0,21.024994,79.125
2024-03-10,0.0,21.024994,79.17499
2024-03-10,0.0,21.024994,79.225006
2024-03-10,0.0,21.074997,78.975006
2024-03-10,0.0,21.074997,79.024994
2024-03-10,0.0,21.074997,79.07501
2024-03-10,0.0,21.074997,79.125
2024-03-10,0.0,21.074997,79.17499
2024-03-10,0.0,21.074997,79.225006
2024-03-10,0.0,21.125,78.975006
2024-03-10,0.0,21.125,79.024994
2024-03-10,0.0,21.125,79.07501
2024-03-10,0.0,21.125,79.125
2024-03-10,0.0,21.125,79.17499
2024-03-10,0.0,21.125,79.225006
2024-03-10,0.0,21.174995,78.975006
2024-03-10,0.0,21.174995,79.024994
2024-03-10,0.0,21.174995,79.07501
2024-03-10,0.0,21.174995,79.125
2024-03-10,0.0,21.174995,79.17499
2024-03-10,0.0,21.174995,79.225006
2024-03-10,0.0,21.224998,78.975006
2024-03-10,0.0,21.224998,79.024994
2024-03-10,0.0,21.224998,79.07501
2024-03-10,0.0,21.224998,79.125
2024-03-10,0.0,21.224998,79.17499
2024-03-10,0.0,21.224998,79.225006
2024-03-11,0.0,21.024994,78.975006
2024-03-11,0.0,21.024994,79.024994
2024-03-11,0.0,21.024994,79.07501
2024-03-11,0.0,21.024994,79.125
2024-03-11,0.0,21.024994,79.17499
2024-03-11,0.0,21.024994,79.225006
2024-03-11,0.0,21.074997,78.975006
2024-03-11,0.0,21.074997,79.024994
2024-03-11,0.0,21.074997,79.07501
2024-03-11,0.0,21.074997,79.125
2024-03-11,0.0,21.074997,79.17499
2024-03-11,0.0,21.074997,79.225006
2024-03-11,0.0,21.125,78.975006
2024-03-11,0.0,21.125,79.024994
2024-03-11,0.0,21.125,79.07501
2024-03-11,0.0,21.125,79.125
2024-03-11,0.0,21.125,79.17499
2024-03-11,0.0,21.125,79.225006
2024-03-11,0.0,21.174995,78.975006
2024-03-11,0.0,21.174995,79.024994
2024-03-11,0.0,21.174995,79.07501
2024-03-11,0.0,21.174995,79.125
2024-03-11,0.0,21.174995,79.17499
2024-03-11,0.0,21.174995,79.225006
2024-03-11,0.0,21.224998,78.975006
2024-03-11,0.0,21.224998,79.024994
2024-03-11,0.0,21.224998,79.07501
2024-03-11,0.0,21.224998,79.125
2024-03-11,0.0,21.224998,79.17499
2024-03-11,0.0,21.224998,79.225006
2024-03-12,0.0,21.024994,78.975006
2024-03-12,0.0,21.024994,79.024994
2024-03-12,0.0,21.024994,79.07501
2024-03-12,0.0,21.024994,79.125
2024-03-12,0.0,21.024994,79.17499
2024-03-12,0.0,21.024994,79.225006
2024-03-12,0.0,21.074997,78.975006
2024-03-12,0.0,21.074997,79.024994
2024-03-12,0.0,21.074997,79.07501
2024-03-12,0.0,21.074997,79.125
2024-03-12,0.0,21.074997,79.17499
2024-03-12,0.0,21.074997,79.225006
2024-03-12,0.0,21.125,78.975006
2024-03-12,0.0,21.125,79.024994
2024-03-12,0.0,21.125,79.07501
2024-03-12,0.0,21.125,79.125
2024-03-12,0.0,21.125,79.17499
2024-03-12,0.0,21.125,79.225006
2024-03-12,0.0,21.174995,78.975006
2024-03-12,0.0,21.174995,79.024994
2024-03-12,0.0,21.174995,79.07501
2024-03-12,0.0,21.174995,79.125
2024-03-12,0.0,21.174995,79.17499
2024-03-12,0.0,21.174995,79.225006
2024-03-12,0.0,21.224998,78.975006
2024-03-12,0.0,21.224998,79.024994
2024-03-12,0.0,21.224998,79.07501
2024-03-12,0.0,21.224998,79.125
2024-03-12,0.0,21.224998,79.17499
2024-03-12,0.0,21.224998,79.225006
2024-03-13,0.0,21.024994,78.975006
2024-03-13,0.0,21.024994,79.024994
2024-03-13,0.0,21.024994,79.07501
2024-03-13,0.0,21.024994,79.125
2024-03-13,0.0,21.024994,79.17499
2024-03-13,0.0,21.024994,79.225006
2024-03-13,0.0,21.074997,78.975006
2024-03-13,0.0,21.074997,79.024994
2024-03-13,0.0,21.074997,79.07501
2024-03-13,0.0,21.074997,79.125
2024-03-13,0.0,21.074997,79.17499
2024-03-13,0.0,21.074997,79.225006
2024-03-13,0.0,21.125,78.975006
2024-03-13,0.0,21.125,79.024994
2024-03-13,0.0,21.125,79.07501
2024-03-13,0.0,21.125,79.125
2024-03-13,0.0,21.125,79.17499
2024-03-13,0.0,21.125,79.225006
2024-03-13,0.0,21.174995,78.975006
2024-03-13,0.0,21.174995,79.024994
2024-03-13,0.0,21.174995,79.07501
2024-03-13,0.0,21.174995,79.125
2024-03-13,0.0,21.174995,79.17499
2024-03-13,0.0,21.174995,79.225006
2024-03-13,0.0,21.224998,78.975006
2024-03-13,0.0,21.224998,79.024994
2024-03-13,0.0,21.224998,79.07501
2024-03-13,0.0,21.224998,79.125
2024-03-13,0.0,21.224998,79.17499
2024-03-13,0.0,21.224998,79.225006
2024-03-14,0.0,21.024994,78.975006
2024-03-14,0.0,21.024994,79.024994
2024-03-14,0.0,21.024994,79.07501
2024-03-14,0.0,21.024994,79.125
2024-03-14,0.0,21.024994,79.17499
2024-03-14,0.0,21.024994,79.225006
2024-03-14,0.0,21.074997,78.975006
2024-03-14,0.0,21.074997,79.024994
2024-03-14,0.0,21.074997,79.07501
2024-03-14,0.0,21.074997,79.125
2024-03-14,0.0,21.074997,79.17499
2024-03-14,0.0,21.074997,79.225006
2024-03-14,0.0,21.125,78.975006
2024-03-14,0.0,21.125,79.024994
2024-03-14,0.0,21.125,79.07501
2024-03-14,0.0,21.125,79.125
2024-03-14,0.0,21.125,79.17499
2024-03-14,0.0,21.125,79.225006
2024-03-14,0.0,21.174995,78.975006
2024-03-14,0.0,21.174995,79.024994
2024-03-14,0.0,21.174995,79.07501
2024-03-14,0.0,21.174995,79.125
2024-03-14,0.0,21.174995,79.17499
2024-03-14,0.0,21.174995,79.225006
2024-03-14,0.0,21.224998,78.975006
2024-03-14,0.0,21.224998,79.024994
2024-03-14,0.0,21.224998,79.07501
2024-03-14,0.0,21.224998,79.125
2024-03-14,0.0,21.224998,79.17499
2024-03-14,0.0,21.224998,79.225006
2024-03-15,0.0,21.024994,78.975006
2024-03-15,0.0,21.024994,79.024994
2024-03-15,0.0,21.024994,79.07501
2024-03-15,0.0,21.024994,79.125
2024-03-15,0.0,21.024994,79.17499
2024-03-15,0.0,21.024994,79.225006
2024-03-15,0.0,21.074997,78.975006
2024-03-15,0.0,21.074997,79.024994
2024-03-15,0.0,21.074997,79.07501
2024-03-15,0.0,21.074997,79.125
2024-03-15,0.0,21.074997,79.17499
2024-03-15,0.0,21.074997,79.225006
2024-03-15,0.0,21.125,78.975006
2024-03-15,0.0,21.125,79.024994
2024-03-15,0.0,21.125,79.07501
2024-03-15,0.0,21.125,79.125
2024-03-15,0.0,21.125,79.17499
2024-03-15,0.0,21.125,79.225006
2024-03-15,0.0,21.174995,78.975006
2024-03-15,0.0,21.174995,79.024994
2024-03-15,0.0,21.174995,79.07501
2024-03-15,0.0,21.174995,79.125
2024-03-15,0.0,21.174995,79.17499
2024-03-15,0.0,21.174995,79.225006
2024-03-15,0.0,21.224998,78.975006
2024-03-15,0.0,21.224998,79.024994
2024-03-15,0.0,21.224998,79.07501
2024-03-15,0.0,21.224998,79.125
2024-03-15,0.0,21.224998,79.17499
2024-03-15,0.0,21.224998,79.225006
2024-03-16,8.445929,21.024994,78.975006
2024-03-16,8.104331,21.024994,79.024994
2024-03-16,9.504411,21.024994,79.07501
2024-03-16,9.081312,21.024994,79.125
2024-03-16,10.685178,21.024994,79.17499
2024-03-16,10.9657345,21.024994,79.225006
2024-03-16,6.365887,21.074997,78.975006
2024-03-16,8.30287,21.074997,79.024994
2024-03-16,9.705789,21.074997,79.07501
2024-03-16,9.940991,21.074997,79.125
2024-03-16,6.946634,21.074997,79.17499
2024-03-16,5.039597,21.074997,79.225006
2024-03-16,0.0,21.125,78.975006
2024-03-16,13.231571,21.125,79.024994
2024-03-16,7.868353,21.125,79.07501
2024-03-16,3.6788168,21.125,79.125
2024-03-16,4.230183,21.125,79.17499
2024-03-16,4.87508,21.125,79.225006
2024-03-16,9.610596,21.174995,78.975006
2024-03-16,6.113857,21.174995,79.024994
2024-03-16,10.508722,21.174995,79.07501
2024-03-16,11.435436,21.174995,79.125
2024-03-16,0.0,21.174995,79.17499
2024-03-16,0.0,21.174995,79.225006
2024-03-16,6.8166537,21.224998,78.975006
2024-03-16,6.4343605,21.224998,79.024994
2024-03-16,7.1719227,21.224998,79.07501
2024-03-16,7.87958,21.224998,79.125
2024-03-16,0.0,21.224998,79.17499
2024-03-16,0.0,21.224998,79.225006
2024-03-17,0.0,21.024994,78.975006
2024-03-17,0.0,21.024994,79.024994
2024-03-17,0.0,21.024994,79.07501
2024-03-17,0.0,21.024994,79.125
2024-03-17,0.0,21.024994,79.17499
2024-03-17,0.0,21.024994,79.225006
2024-03-17,6.365887,21.074997,78.975006
2024-03-17,0.0,21.074997,79.024994
2024-03-17,0.0,21.074997,79.07501
2024-03-17,0.0,21.074997,79.125
2024-03-17,6.946634,21.074997,79.17499
2024-03-17,10.079194,21.074997,79.225006
2024-03-17,11.854186,21.125,78.975006
2024-03-17,0.0,21.125,79.024994
2024-03-17,0.0,21.125,79.07501
2024-03-17,7.3576336,21.125,79.125
2024-03-17,8.460366,21.125,79.17499
2024-03-17,9.75016,21.125,79.225006
2024-03-17,9.610596,21.174995,78.975006
2024-03-17,6.113857,21.174995,79.024994
2024-03-17,5.254361,21.174995,79.07501
2024-03-17,5.717718,21.174995,79.125
2024-03-17,9.166093,21.174995,79.17499
2024-03-17,13.174957,21.174995,79.225006
2024-03-17,13.633307,21.224998,78.975006
2024-03-17,6.4343605,21.224998,79.024994
2024-03-17,7.1719227,21.224998,79.07501
2024-03-17,7.87958,21.224998,79.125
2024-03-17,16.896223,21.224998,79.17499
2024-03-17,12.077048,21.224998,79.225006
2024-03-18,0.0,21.024994,78.975006
2024-03-18,0.0,21.024994,79.024994
2024-03-18,0.0,21.024994,79.07501
2024-03-18,0.0,21.024994,79.125
2024-03-18,0.0,21.024994,79.17499
2024-03-18,0.0,21.024994,79.225006
2024-03-18,0.0,21.074997,78.975006
2024-03-18,0.0,21.074997,79.024994
2024-03-18,0.0,21.074997,79.07501
2024-03-18,0.0,21.074997,79.125
2024-03-18,0.0,21.074997,79.17499
2024-03-18,0.0,21.074997,79.225006
2024-03-18,0.0,21.125,78.975006
2024-03-18,0.0,21.125,79.024994
2024-03-18,0.0,21.125,79.07501
2024-03-18,0.0,21.125,79.125
2024-03-18,0.0,21.125,79.17499
2024-03-18,0.0,21.125,79.225006
2024-03-18,0.0,21.174995,78.975006
2024-03-18,0.0,21.174995,79.024994
2024-03-18,0.0,21.174995,79.07501
2024-03-18,0.0,21.174995,79.125
2024-03-18,0.0,21.174995,79.17499
2024-03-18,0.0,21.174995,79.225006
2024-03-18,0.0,21.224998,78.975006
2024-03-18,0.0,21.224998,79.024994
2024-03-18,0.0,21.224998,79.07501
2024-03-18,0.0,21.224998,79.125
2024-03-18,0.0,21.224998,79.17499
2024-03-18,0.0,21.224998,79.225006
2024-03-19,8.445929,21.024994,78.975006
2024-03-19,8.104331,21.024994,79.024994
2024-03-19,9.504411,21.024994,79.07501
2024-03-19,9.081312,21.024994,79.125
2024-03-19,10.685178,21.024994,79.17499
2024-03-19,10.9657345,21.024994,79.225006
2024-03-19,0.0,21.074997,78.975006
2024-03-19,8.30287,21.074997,79.024994
2024-03-19,9.705789,21.074997,79.07501
2024-03-19,9.940991,21.074997,79.125
2024-03-19,6.946634,21.074997,79.17499
2024-03-19,5.039597,21.074997,79.225006
2024-03-19,0.0,21.125,78.975006
2024-03-19,0.0,21.125,79.024994
2024-03-19,7.868353,21.125,79.07501
2024-03-19,3.6788168,21.125,79.125
2024-03-19,4.230183,21.125,79.17499
2024-03-19,4.87508,21.125,79.225006
2024-03-19,0.0,21.174995,78.975006
2024-03-19,0.0,21.174995,79.024994
2024-03-19,0.0,21.174995,79.07501
2024-03-19,0.0,21.174995,79.125
2024-03-19,9.166093,21.174995,79.17499
2024-03-19,6.5874786,21.174995,79.225006
2024-03-19,0.0,21.224998,78.975006
2024-03-19,0.0,21.224998,79.024994
2024-03-19,0.0,21.224998,79.07501
2024-03-19,0.0,21.224998,79.125
2024-03-19,0.0,21.224998,79.17499
2024-03-19,6.038524,21.224998,79.225006
2024-03-20,0.0,21.024994,78.975006
2024-03-20,0.0,21.024994,79.024994
2024-03-20,0.0,21.024994,79.07501
2024-03-20,0.0,21.024994,79.125
2024-03-20,0.0,21.024994,79.17499
2024-03-20,0.0,21.024994,79.225006
2024-03-20,0.0,21.074997,78.975006
2024-03-20,0.0,21.074997,79.024994
2024-03-20,0.0,21.074997,79.07501
2024-03-20,0.0,21.074997,79.125
2024-03-20,0.0,21.074997,79.17499
2024-03-20,0.0,21.074997,79.225006
2024-03-20,0.0,21.125,78.975006
2024-03-20,0.0,21.125,79.024994
2024-03-20,0.0,21.125,79.07501
2024-03-20,0.0,21.125,79.125
2024-03-20,0.0,21.125,79.17499
2024-03-20,0.0,21.125,79.225006
2024-03-20,0.0,21.174995,78.975006
2024-03-20,0.0,21.174995,79.024994
2024-03-20,0.0,21.174995,79.07501
2024-03-20,0.0,21.174995,79.125
2024-03-20,0.0,21.174995,79.17499
2024-03-20,0.0,21.174995,79.225006
2024-03-20,0.0,21.224998,78.975006
2024-03-20,0.0,21.224998,79.024994
2024-03-20,0.0,21.224998,79.07501
2024-03-20,0.0,21.224998,79.125
2024-03-20,0.0,21.224998,79.17499
2024-03-20,0.0,21.224998,79.225006
2024-03-21,0.0,21.024994,78.975006
2024-03-21,0.0,21.024994,79.024994
2024-03-21,0.0,21.024994,79.07501
2024-03-21,0.0,21.024994,79.125
2024-03-21,0.0,21.024994,79.17499
2024-03-21,0.0,21.024994,79.225006
2024-03-21,0.0,21.074997,78.975006
2024-03-21,0.0,21.074997,79.024994
2024-03-21,0.0,21.074997,79.07501
2024-03-21,0.0,21.074997,79.125
2024-03-21,0.0,21.074997,79.17499
2024-03-21,0.0,21.074997,79.225006
2024-03-21,0.0,21.125,78.975006
2024-03-21,0.0,21.125,79.024994
2024-03-21,0.0,21.125,79.07501
2024-03-21,0.0,21.125,79.125
2024-03-21,0.0,21.125,79.17499
2024-03-21,0.0,21.125,79.225006
2024-03-21,0.0,21.174995,78.975006
2024-03-21,0.0,21.174995,79.024994
2024-03-21,0.0,21.174995,79.07501
2024-03-21,0.0,21.174995,79.125
2024-03-21,0.0,21.174995,79.17499
2024-03-21,0.0,21.174995,79.225006
2024-03-21,0.0,21.224998,78.975006
2024-03-21,0.0,21.224998,79.024994
2024-03-21,0.0,21.224998,79.07501
2024-03-21,0.0,21.224998,79.125
2024-03-21,0.0,21.224998,79.17499
2024-03-21,0.0,21.224998,79.225006
2024-03-22,0.0,21.024994,78.975006
2024-03-22,0.0,21.024994,79.024994
2024-03-22,0.0,21.024994,79.07501
2024-03-22,0.0,21.024994,79.125
2024-03-22,0.0,21.024994,79.17499
2024-03-22,0.0,21.024994,79.225006
2024-03-22,0.0,21.074997,78.975006
2024-03-22,0.0,21.074997,79.024994
2024-03-22,0.0,21.074997,79.07501
2024-03-22,0.0,21.074997,79.125
2024-03-22,0.0,21.074997,79.17499
2024-03-22,0.0,21.074997,79.225006
2024-03-22,0.0,21.125,78.975006
2024-03-22,0.0,21.125,79.024994
2024-03-22,0.0,21.125,79.07501
2024-03-22,0.0,21.125,79.125
2024-03-22,0.0,21.125,79.17499
2024-03-22,0.0,21.125,79.225006
2024-03-22,0.0,21.174995,78.975006
2024-03-22,0.0,21.174995,79.024994
2024-03-22,0.0,21.174995,79.07501
2024-03-22,0.0,21.174995,79.125
2024-03-22,0.0,21.174995,79.17499
2024-03-22,0.0,21.174995,79.225006
2024-03-22,0.0,21.224998,78.975006
2024-03-22,0.0,21.224998,79.024994
2024-03-22,0.0,21.224998,79.07501
2024-03-22,0.0,21.224998,79.125
2024-03-22,0.0,21.224998,79.17499
2024-03-22,0.0,21.224998,79.225006
2024-03-23,0.0,21.024994,78.975006
2024-03-23,0.0,21.024994,79.024994
2024-03-23,0.0,21.024994,79.07501
2024-03-23,0.0,21.024994,79.125
2024-03-23,0.0,21.024994,79.17499
2024-03-23,0.0,21.024994,79.225006
2024-03-23,0.0,21.074997,78.975006
2024-03-23,0.0,21.074997,79.024994
2024-03-23,0.0,21.074997,79.07501
2024-03-23,0.0,21.074997,79.125
2024-03-23,0.0,21.074997,79.17499
2024-03-23,0.0,21.074997,79.225006
2024-03-23,0.0,21.125,78.975006
2024-03-23,0.0,21.125,79.024994
2024-03-23,0.0,21.125,79.07501
2024-03-23,0.0,21.125,79.125
2024-03-23,0.0,21.125,79.17499
2024-03-23,0.0,21.125,79.225006
2024-03-23,0.0,21.174995,78.975006
2024-03-23,0.0,21.174995,79.024994
2024-03-23,0.0,21.174995,79.07501
2024-03-23,0.0,21.174995,79.125
2024-03-23,0.0,21.174995,79.17499
2024-03-23,0.0,21.174995,79.225006
2024-03-23,0.0,21.224998,78.975006
2024-03-23,0.0,21.224998,79.024994
2024-03-23,0.0,21.224998,79.07501
2024-03-23,0.0,21.224998,79.125
2024-03-23,0.0,21.224998,79.17499
2024-03-23,0.0,21.224998,79.225006
2024-03-24,0.0,21.024994,78.975006
2024-03-24,0.0,21.024994,79.024994
2024-03-24,0.0,21.024994,79.07501
2024-03-24,0.0,21.024994,79.125
2024-03-24,0.0,21.024994,79.17499
2024-03-24,0.0,21.024994,79.225006
2024-03-24,0.0,21.074997,78.975006
2024-03-24,0.0,21.074997,79.024994
2024-03-24,0.0,21.074997,79.07501
2024-03-24,0.0,21.074997,79.125
2024-03-24,0.0,21.074997,79.17499
2024-03-24,0.0,21.074997,79.225006
2024-03-24,0.0,21.125,78.975006
2024-03-24,0.0,21.125,79.024994
2024-03-24,0.0,21.125,79.07501
2024-03-24,0.0,21.125,79.125
2024-03-24,0.0,21.125,79.17499
2024-03-24,0.0,21.125,79.225006
2024-03-24,0.0,21.174995,78.975006
2024-03-24,0.0,21.174995,79.024994
2024-03-24,0.0,21.174995,79.07501
2024-03-24,0.0,21.174995,79.125
2024-03-24,0.0,21.174995,79.17499
2024-03-24,0.0,21.174995,79.225006
2024-03-24,0.0,21.224998,78.975006
2024-03-24,0.0,21.224998,79.024994
2024-03-24,0.0,21.224998,79.07501
2024-03-24,0.0,21.224998,79.125
2024-03-24,0.0,21.224998,79.17499
2024-03-24,0.0,21.224998,79.225006
2024-03-25,0.0,21.024994,78.975006
2024-03-25,0.0,21.024994,79.024994
2024-03-25,0.0,21.024994,79.07501
2024-03-25,0.0,21.024994,79.125
2024-03-25,0.0,21.024994,79.17499
2024-03-25,0.0,21.024994,79.225006
2024-03-25,0.0,21.074997,78.975006
2024-03-25,0.0,21.074997,79.024994
2024-03-25,0.0,21.074997,79.07501
2024-03-25,0.0,21.074997,79.125
2024-03-25,0.0,21.074997,79.17499
2024-03-25,0.0,21.074997,79.225006
2024-03-25,0.0,21.125,78.975006
2024-03-25,0.0,21.125,79.024994
2024-03-25,0.0,21.125,79.07501
2024-03-25,0.0,21.125,79.125
2024-03-25,0.0,21.125,79.17499
2024-03-25,0.0,21.125,79.225006
2024-03-25,0.0,21.174995,78.975006
2024-03-25,0.0,21.174995,79.024994
2024-03-25,0.0,21.174995,79.07501
2024-03-25,0.0,21.174995,79.125
2024-03-25,0.0,21.174995,79.17499
2024-03-25,0.0,21.174995,79.225006
2024-03-25,0.0,21.224998,78.975006
2024-03-25,0.0,21.224998,79.024994
2024-03-25,0.0,21.224998,79.07501
2024-03-25,0.0,21.224998,79.125
2024-03-25,0.0,21.224998,79.17499
2024-03-25,0.0,21.224998,79.225006
2024-03-26,0.0,21.024994,78.975006
2024-03-26,0.0,21.024994,79.024994
2024-03-26,0.0,21.024994,79.07501
2024-03-26,0.0,21.024994,79.125
2024-03-26,0.0,21.024994,79.17499
2024-03-26,0.0,21.024994,79.225006
2024-03-26,0.0,21.074997,78.975006
2024-03-26,0.0,21.074997,79.024994
2024-03-26,0.0,21.074997,79.07501
2024-03-26,0.0,21.074997,79.125
2024-03-26,0.0,21.074997,79.17499
2024-03-26,0.0,21.074997,79.225006
2024-03-26,0.0,21.125,78.975006
2024-03-26,0.0,21.125,79.024994
2024-03-26,0.0,21.125,79.07501
2024-03-26,0.0,21.125,79.125
2024-03-26,0.0,21.125,79.17499
2024-03-26,0.0,21.125,79.225006
2024-03-26,0.0,21.174995,78.975006
2024-03-26,0.0,21.174995,79.024994
2024-03-26,0.0,21.174995,79.07501
2024-03-26,0.0,21.174995,79.125
2024-03-26,0.0,21.174995,79.17499
2024-03-26,0.0,21.174995,79.225006
2024-03-26,0.0,21.224998,78.975006
2024-03-26,0.0,21.224998,79.024994
2024-03-26,0.0,21.224998,79.07501
2024-03-26,0.0,21.224998,79.125
2024-03-26,0.0,21.224998,79.17499
2024-03-26,0.0,21.224998,79.225006
2024-03-27,0.0,21.024994,78.975006
2024-03-27,0.0,21.024994,79.024994
2024-03-27,0.0,21.024994,79.07501
2024-03-27,0.0,21.024994,79.125
2024-03-27,0.0,21.024994,79.17499
2024-03-27,0.0,21.024994,79.225006
2024-03-27,0.0,21.074997,78.975006
2024-03-27,0.0,21.074997,79.024994
2024-03-27,0.0,21.074997,79.07501
2024-03-27,0.0,21.074997,79.125
2024-03-27,0.0,21.074997,79.17499
2024-03-27,0.0,21.074997,79.225006
2024-03-27,0.0,21.125,78.975006
2024-03-27,0.0,21.125,79.024994
2024-03-27,0.0,21.125,79.07501
2024-03-27,0.0,21.125,79.125
2024-03-27,0.0,21.125,79.17499
2024-03-27,0.0,21.125,79.225006
2024-03-27,0.0,21.174995,78.975006
2024-03-27,0.0,21.174995,79.024994
2024-03-27,0.0,21.174995,79.07501
2024-03-27,0.0,21.174995,79.125
2024-03-27,0.0,21.174995,79.17499
2024-03-27,0.0,21.174995,79.225006
2024-03-27,0.0,21.224998,78.975006
2024-03-27,0.0,21.224998,79.024994
2024-03-27,0.0,21.224998,79.07501
2024-03-27,0.0,21.224998,79.125
2024-03-27,0.0,21.224998,79.17499
2024-03-27,0.0,21.224998,79.225006
2024-03-28,0.0,21.024994,78.975006
2024-03-28,0.0,21.024994,79.024994
2024-03-28,0.0,21.024994,79.07501
2024-03-28,0.0,21.024994,79.125
2024-03-28,0.0,21.024994,79.17499
2024-03-28,0.0,21.024994,79.225006
2024-03-28,0.0,21.074997,78.975006
2024-03-28,0.0,21.074997,79.024994
2024-03-28,0.0,21.074997,79.07501
2024-03-28,0.0,21.074997,79.125
2024-03-28,0.0,21.074997,79.17499
2024-03-28,0.0,21.074997,79.225006
2024-03-28,0.0,21.125,78.975006
2024-03-28,0.0,21.125,79.024994
2024-03-28,0.0,21.125,79.07501
2024-03-28,0.0,21.125,79.125
2024-03-28,0.0,21.125,79.17499
2024-03-28,0.0,21.125,79.225006
2024-03-28,0.0,21.174995,78.975006
2024-03-28,0.0,21.174995,79.024994
2024-03-28,0.0,21.174995,79.07501
2024-03-28,0.0,21.174995,79.125
2024-03-28,0.0,21.174995,79.17499
2024-03-28,0.0,21.174995,79.225006
2024-03-28,0.0,21.224998,78.975006
2024-03-28,0.0,21.224998,79.024994
2024-03-28,0.0,21.224998,79.07501
2024-03-28,0.0,21.224998,79.125
2024-03-28,0.0,21.224998,79.17499
2024-03-28,0.0,21.224998,79.225006
2024-03-29,0.0,21.024994,78.975006
2024-03-29,0.0,21.024994,79.024994
2024-03-29,0.0,21.024994,79.07501
2024-03-29,0.0,21.024994,79.125
2024-03-29,0.0,21.024994,79.17499
2024-03-29,0.0,21.024994,79.225006
2024-03-29,3.7436326,21.074997,78.975006
2024-03-29,0.0,21.074997,79.024994
2024-03-29,0.0,21.074997,79.07501
2024-03-29,0.0,21.074997,79.125
2024-03-29,0.0,21.074997,79.17499
2024-03-29,0.0,21.074997,79.225006
2024-03-29,6.2501035,21.125,78.975006
2024-03-29,6.157329,21.125,79.024994
2024-03-29,7.0340652,21.125,79.07501
2024-03-29,8.407316,21.125,79.125
2024-03-29,6.7983484,21.125,79.17499
2024-03-29,6.2857943,21.125,79.225006
2024-03-29,0.0,21.174995,78.975006
2024-03-29,8.801282,21.174995,79.024994
2024-03-29,8.6951885,21.174995,79.07501
2024-03-29,7.5949125,21.174995,79.125
2024-03-29,7.5183434,21.174995,79.17499
2024-03-29,7.5140414,21.174995,79.225006
2024-03-29,0.0,21.224998,78.975006
2024-03-29,9.748503,21.224998,79.024994
2024-03-29,8.655792,21.224998,79.07501
2024-03-29,7.5635405,21.224998,79.125
2024-03-29,7.6518526,21.224998,79.17499
2024-03-29,7.707336,21.224998,79.225006
2024-03-30,0.0,21.024994,78.975006
2024-03-30,0.0,21.024994,79.024994
2024-03-30,0.0,21.024994,79.07501
2024-03-30,0.0,21.024994,79.125
2024-03-30,0.0,21.024994,79.17499
2024-03-30,0.0,21.024994,79.225006
2024-03-30,0.0,21.074997,78.975006
2024-03-30,0.0,21.074997,79.024994
2024-03-30,0.0,21.074997,79.07501
2024-03-30,0.0,21.074997,79.125
2024-03-30,0.0,21.074997,79.17499
2024-03-30,0.0,21.074997,79.225006
2024-03-30,0.0,21.125,78.975006
2024-03-30,0.0,21.125,79.024994
2024-03-30,0.0,21.125,79.07501
2024-03-30,0.0,21.125,79.125
2024-03-30,0.0,21.125,79.17499
2024-03-30,0.0,21.125,79.225006
2024-03-30,0.0,21.174995,78.975006
2024-03-30,0.0,21.174995,79.024994
2024-03-30,0.0,21.174995,79.07501
2024-03-30,0.0,21.174995,79.125
2024-03-30,0.0,21.174995,79.17499
2024-03-30,0.0,21.174995,79.225006
2024-03-30,0.0,21.224998,78.975006
2024-03-30,0.0,21.224998,79.024994
2024-03-30,0.0,21.224998,79.07501
2024-03-30,0.0,21.224998,79.125
2024-03-30,0.0,21.224998,79.17499
2024-03-30,0.0,21.224998,79.225006
2024-03-31,0.0,21.024994,78.975006
2024-03-31,0.0,21.024994,79.024994
2024-03-31,0.0,21.024994,79.07501
2024-03-31,0.0,21.024994,79.125
2024-03-31,0.0,21.024994,79.17499
2024-03-31,0.0,21.024994,79.225006
2024-03-31,0.0,21.074997,78.975006
2024-03-31,0.0,21.074997,79.024994
2024-03-31,0.0,21.074997,79.07501
2024-03-31,0.0,21.074997,79.125
2024-03-31,0.0,21.074997,79.17499
2024-03-31,0.0,21.074997,79.225006
2024-03-31,0.0,21.125,78.975006
2024-03-31,0.0,21.125,79.024994
2024-03-31,0.0,21.125,79.07501
2024-03-31,0.0,21.125,79.125
2024-03-31,0.0,21.125,79.17499
2024-03-31,0.0,21.125,79.225006
2024-03-31,0.0,21.174995,78.975006
2024-03-31,0.0,21.174995,79.024994
2024-03-31,0.0,21.174995,79.07501
2024-03-31,0.0,21.174995,79.125
2024-03-31,0.0,21.174995,79.17499
2024-03-31,0.0,21.174995,79.225006
2024-03-31,0.0,21.224998,78.975006
2024-03-31,0.0,21.224998,79.024994
2024-03-31,0.0,21.224998,79.07501
2024-03-31,0.0,21.224998,79.125
2024-03-31,0.0,21.224998,79.17499
2024-03-31,0.0,21.224998,79.225006
2024-04-01,0.0,21.024994,78.975006
2024-04-01,0.0,21.024994,79.024994
2024-04-01,0.0,21.024994,79.07501
2024-04-01,0.0,21.024994,79.125
2024-04-01,0.0,21.024994,79.17499
2024-04-01,0.0,21.024994,79.225006
2024-04-01,0.0,21.074997,78.975006
2024-04-01,0.0,21.074997,79.024994
2024-04-01,0.0,21.074997,79.07501
2024-04-01,0.0,21.074997,79.125
2024-04-01,0.0,21.074997,79.17499
2024-04-01,0.0,21.074997,79.225006
2024-04-01,0.0,21.125,78.975006
2024-04-01,0.0,21.125,79.024994
2024-04-01,0.0,21.125,79.07501
2024-04-01,0.0,21.125,79.125
2024-04-01,0.0,21.125,79.17499
2024-04-01,0.0,21.125,79.225006
2024-04-01,0.0,21.174995,78.975006
2024-04-01,0.0,21.174995,79.024994
2024-04-01,0.0,21.174995,79.07501
2024-04-01,0.0,21.174995,79.125
2024-04-01,0.0,21.174995,79.17499
2024-04-01,0.0,21.174995,79.225006
2024-04-01,0.0,21.224998,78.975006
2024-04-01,0.0,21.224998,79.024994
2024-04-01,0.0,21.224998,79.07501
2024-04-01,0.0,21.224998,79.125
2024-04-01,0.0,21.224998,79.17499
2024-04-01,0.0,21.224998,79.225006
2024-04-02,0.0,21.024994,78.975006
2024-04-02,0.0,21.024994,79.024994
2024-04-02,0.0,21.024994,79.07501
2024-04-02,0.0,21.024994,79.125
2024-04-02,0.0,21.024994,79.17499
2024-04-02,0.0,21.024994,79.225006
2024-04-02,0.0,21.074997,78.975006
2024-04-02,0.0,21.074997,79.024994
2024-04-02,0.0,21.074997,79.07501
2024-04-02,0.0,21.074997,79.125
2024-04-02,0.0,21.074997,79.17499
2024-04-02,0.0,21.074997,79.225006
2024-04-02,0.0,21.125,78.975006
2024-04-02,0.0,21.125,79.024994
2024-04-02,0.0,21.125,79.07501
2024-04-02,0.0,21.125,79.125
2024-04-02,0.0,21.125,79.17499
2024-04-02,0.0,21.125,79.225006
2024-04-02,0.0,21.174995,78.975006
2024-04-02,0.0,21.174995,79.024994
2024-04-02,0.0,21.174995,79.07501
2024-04-02,0.0,21.174995,79.125
2024-04-02,0.0,21.174995,79.17499
2024-04-02,0.0,21.174995,79.225006
2024-04-02,0.0,21.224998,78.975006
2024-04-02,0.0,21.224998,79.024994
2024-04-02,0.0,21.224998,79.07501
2024-04-02,0.0,21.224998,79.125
2024-04-02,0.0,21.224998,79.17499
2024-04-02,0.0,21.224998,79.225006
2024-04-03,0.0,21.024994,78.975006
2024-04-03,0.0,21.024994,79.024994
2024-04-03,0.0,21.024994,79.07501
2024-04-03,0.0,21.024994,79.125
2024-04-03,0.0,21.024994,79.17499
2024-04-03,0.0,21.024994,79.225006
2024-04-03,0.0,21.074997,78.975006
2024-04-03,0.0,21.074997,79.024994
2024-04-03,0.0,21.074997,79.07501
2024-04-03,0.0,21.074997,79.125
2024-04-03,0.0,21.074997,79.17499
2024-04-03,0.0,21.074997,79.225006
2024-04-03,0.0,21.125,78.975006
2024-04-03,0.0,21.125,79.024994
2024-04-03,0.0,21.125,79.07501
2024-04-03,0.0,21.125,79.125
2024-04-03,0.0,21.125,79.17499
2024-04-03,0.0,21.125,79.225006
2024-04-03,0.0,21.174995,78.975006
2024-04-03,0.0,21.174995,79.024994
2024-04-03,0.0,21.174995,79.07501
2024-04-03,0.0,21.174995,79.125
2024-04-03,0.0,21.174995,79.17499
2024-04-03,0.0,21.174995,79.225006
2024-04-03,0.0,21.224998,78.975006
2024-04-03,0.0,21.224998,79.024994
2024-04-03,0.0,21.224998,79.07501
2024-04-03,0.0,21.224998,79.125
2024-04-03,0.0,21.224998,79.17499
2024-04-03,0.0,21.224998,79.225006
2024-04-04,0.0,21.024994,78.975006
2024-04-04,0.0,21.024994,79.024994
2024-04-04,0.0,21.024994,79.07501
2024-04-04,0.0,21.024994,79.125
2024-04-04,0.0,21.024994,79.17499
2024-04-04,0.0,21.024994,79.225006
2024-04-04,0.0,21.074997,78.975006
2024-04-04,0.0,21.074997,79.024994
2024-04-04,0.0,21.074997,79.07501
2024-04-04,0.0,21.074997,79.125
2024-04-04,0.0,21.074997,79.17499
2024-04-04,0.0,21.074997,79.225006
2024-04-04,0.0,21.125,78.975006
2024-04-04,0.0,21.125,79.024994
2024-04-04,0.0,21.125,79.07501
2024-04-04,0.0,21.125,79.125
2024-04-04,0.0,21.125,79.17499
2024-04-04,0.0,21.125,79.225006
2024-04-04,0.0,21.174995,78.975006
2024-04-04,0.0,21.174995,79.024994
2024-04-04,0.0,21.174995,79.07501
2024-04-04,0.0,21.174995,79.125
2024-04-04,0.0,21.174995,79.17499
2024-04-04,0.0,21.174995,79.225006
2024-04-04,0.0,21.224998,78.975006
2024-04-04,0.0,21.224998,79.024994
2024-04-04,0.0,21.224998,79.07501
2024-04-04,0.0,21.224998,79.125
2024-04-04,0.0,21.224998,79.17499
2024-04-04,0.0,21.224998,79.225006
2024-04-05,0.0,21.024994,78.975006
2024-04-05,0.0,21.024994,79.024994
2024-04-05,0.0,21.024994,79.07501
2024-04-05,0.0,21.024994,79.125
2024-04-05,0.0,21.024994,79.17499
2024-04-05,0.0,21.024994,79.225006
2024-04-05,0.0,21.074997,78.975006
2024-04-05,0.0,21.074997,79.024994
2024-04-05,0.0,21.074997,79.07501
2024-04-05,0.0,21.074997,79.125
2024-04-05,0.0,21.074997,79.17499
2024-04-05,0.0,21.074997,79.225006
2024-04-05,0.0,21.125,78.975006
2024-04-05,0.0,21.125,79.024994
2024-04-05,0.0,21.125,79.07501
2024-04-05,0.0,21.125,79.125
2024-04-05,0.0,21.125,79.17499
2024-04-05,0.0,21.125,79.225006
2024-04-05,0.0,21.174995,78.975006
2024-04-05,0.0,21.174995,79.024994
2024-04-05,0.0,21.174995,79.07501
2024-04-05,0.0,21.174995,79.125
2024-04-05,0.0,21.174995,79.17499
2024-04-05,0.0,21.174995,79.225006
2024-04-05,0.0,21.224998,78.975006
2024-04-05,0.0,21.224998,79.024994
2024-04-05,0.0,21.224998,79.07501
2024-04-05,0.0,21.224998,79.125
2024-04-05,0.0,21.224998,79.17499
2024-04-05,0.0,21.224998,79.225006
2024-04-06,0.0,21.024994,78.975006
2024-04-06,0.0,21.024994,79.024994
2024-04-06,0.0,21.024994,79.07501
2024-04-06,0.0,21.024994,79.125
2024-04-06,0.0,21.024994,79.17499
2024-04-06,0.0,21.024994,79.225006
2024-04-06,0.0,21.074997,78.975006
2024-04-06,0.0,21.074997,79.024994
2024-04-06,0.0,21.074997,79.07501
2024-04-06,0.0,21.074997,79.125
2024-04-06,0.0,21.074997,79.17499
2024-04-06,0.0,21.074997,79.225006
2024-04-06,0.0,21.125,78.975006
2024-04-06,0.0,21.125,79.024994
2024-04-06,0.0,21.125,79.07501
2024-04-06,0.0,21.125,79.125
2024-04-06,0.0,21.125,79.17499
2024-04-06,0.0,21.125,79.225006
2024-04-06,0.0,21.174995,78.975006
2024-04-06,0.0,21.174995,79.024994
2024-04-06,0.0,21.174995,79.07501
2024-04-06,0.0,21.174995,79.125
2024-04-06,0.0,21.174995,79.17499
2024-04-06,0.0,21.174995,79.225006
2024-04-06,0.0,21.224998,78.975006
2024-04-06,0.0,21.224998,79.024994
2024-04-06,0.0,21.224998,79.07501
2024-04-06,0.0,21.224998,79.125
2024-04-06,0.0,21.224998,79.17499
2024-04-06,0.0,21.224998,79.225006
2024-04-07,0.0,21.024994,78.975006
2024-04-07,0.0,21.024994,79.024994
2024-04-07,0.0,21.024994,79.07501
2024-04-07,0.0,21.024994,79.125
2024-04-07,0.0,21.024994,79.17499
2024-04-07,0.0,21.024994,79.225006
2024-04-07,0.0,21.074997,78.975006
2024-04-07,0.0,21.074997,79.024994
2024-04-07,0.0,21.074997,79.07501
2024-04-07,0.0,21.074997,79.125
2024-04-07,0.0,21.074997,79.17499
2024-04-07,0.0,21.074997,79.225006
2024-04-07,0.0,21.125,78.975006
2024-04-07,0.0,21.125,79.024994
2024-04-07,0.0,21.125,79.07501
2024-04-07,0.0,21.125,79.125
2024-04-07,0.0,21.125,79.17499
2024-04-07,0.0,21.125,79.225006
2024-04-07,0.0,21.174995,78.975006
2024-04-07,0.0,21.174995,79.024994
2024-04-07,0.0,21.174995,79.07501
2024-04-07,0.0,21.174995,79.125
2024-04-07,0.0,21.174995,79.17499
2024-04-07,0.0,21.174995,79.225006
2024-04-07,0.0,21.224998,78.975006
2024-04-07,0.0,21.224998,79.024994
2024-04-07,0.0,21.224998,79.07501
2024-04-07,0.0,21.224998,79.125
2024-04-07,0.0,21.224998,79.17499
2024-04-07,0.0,21.224998,79.225006
2024-04-08,0.0,21.024994,78.975006
2024-04-08,0.0,21.024994,79.024994
2024-04-08,0.0,21.024994,79.07501
2024-04-08,0.0,21.024994,79.125
2024-04-08,0.0,21.024994,79.17499
2024-04-08,0.0,21.024994,79.225006
2024-04-08,0.0,21.074997,78.975006
2024-04-08,0.0,21.074997,79.024994
2024-04-08,0.0,21.074997,79.07501
2024-04-08,0.0,21.074997,79.125
2024-04-08,0.0,21.074997,79.17499
2024-04-08,0.0,21.074997,79.225006
2024-04-08,0.0,21.125,78.975006
2024-04-08,0.0,21.125,79.024994
2024-04-08,0.0,21.125,79.07501
2024-04-08,0.0,21.125,79.125
2024-04-08,0.0,21.125,79.17499
2024-04-08,0.0,21.125,79.225006
2024-04-08,0.0,21.174995,78.975006
2024-04-08,0.0,21.174995,79.024994
2024-04-08,0.0,21.174995,79.07501
2024-04-08,0.0,21.174995,79.125
2024-04-08,0.0,21.174995,79.17499
2024-04-08,0.0,21.174995,79.225006
2024-04-08,0.0,21.224998,78.975006
2024-04-08,0.0,21.224998,79.024994
2024-04-08,0.0,21.224998,79.07501
2024-04-08,0.0,21.224998,79.125
2024-04-08,0.0,21.224998,79.17499
2024-04-08,0.0,21.224998,79.225006
2024-04-09,4.8257246,21.024994,78.975006
2024-04-09,4.793807,21.024994,79.024994
2024-04-09,5.6722293,21.024994,79.07501
2024-04-09,8.660197,21.024994,79.125
2024-04-09,9.106846,21.024994,79.17499
2024-04-09,8.539273,21.024994,79.225006
2024-04-09,7.561742,21.074997,78.975006
2024-04-09,4.2408295,21.074997,79.024994
2024-04-09,11.147214,21.074997,79.07501
2024-04-09,11.408049,21.074997,79.125
2024-04-09,8.526443,21.074997,79.17499
2024-04-09,8.538958,21.074997,79.225006
2024-04-09,8.509892,21.125,78.975006
2024-04-09,9.285038,21.125,79.024994
2024-04-09,14.067127,21.125,79.07501
2024-04-09,11.9760685,21.125,79.125
2024-04-09,11.563843,21.125,79.17499
2024-04-09,9.435829,21.125,79.225006
2024-04-09,19.584425,21.174995,78.975006
2024-04-09,10.160261,21.174995,79.024994
2024-04-09,11.447851,21.174995,79.07501
2024-04-09,12.602403,21.174995,79.125
2024-04-09,11.702577,21.174995,79.17499
2024-04-09,10.722375,21.174995,79.225006
2024-04-09,11.323126,21.224998,78.975006
2024-04-09,10.643187,21.224998,79.024994
2024-04-09,10.965887,21.224998,79.07501
2024-04-09,10.721019,21.224998,79.125
2024-04-09,10.938788,21.224998,79.17499
2024-04-09,10.179269,21.224998,79.225006
2024-04-10,9.651449,21.024994,78.975006
2024-04-10,9.587614,21.024994,79.024994
2024-04-10,11.344459,21.024994,79.07501
2024-04-10,8.660197,21.024994,79.125
2024-04-10,9.106846,21.024994,79.17499
2024-04-10,8.539273,21.024994,79.225006
2024-04-10,7.561742,21.074997,78.975006
2024-04-10,8.481659,21.074997,79.024994
2024-04-10,11.147214,21.074997,79.07501
2024-04-10,11.408049,21.074997,79.125
2024-04-10,8.526443,21.074997,79.17499
2024-04-10,8.538958,21.074997,79.225006
2024-04-10,8.509892,21.125,78.975006
2024-04-10,9.285038,21.125,79.024994
2024-04-10,14.067127,21.125,79.07501
2024-04-10,11.9760685,21.125,79.125
2024-04-10,11.563843,21.125,79.17499
2024-04-10,9.435829,21.125,79.225006
2024-04-10,0.0,21.174995,78.975006
2024-04-10,10.160261,21.174995,79.024994
2024-04-10,11.447851,21.174995,79.07501
2024-04-10,12.602403,21.174995,79.125
2024-04-10,11.702577,21.174995,79.17499
2024-04-10,10.722375,21.174995,79.225006
2024-04-10,11.323126,21.224998,78.975006
2024-04-10,10.643187,21.224998,79.024994
2024-04-10,10.965887,21.224998,79.07501
2024-04-10,10.721019,21.224998,79.125
2024-04-10,10.938788,21.224998,79.17499
2024-04-10,10.179269,21.224998,79.225006
2024-04-11,4.2651124,21.024994,78.975006
2024-04-11,3.9468443,21.024994,79.024994
2024-04-11,5.146909,21.024994,79.07501
2024-04-11,6.2768407,21.024994,79.125
2024-04-11,6.5639257,21.024994,79.17499
2024-04-11,6.402507,21.024994,79.225006
2024-04-11,3.766335,21.074997,78.975006
2024-04-11,3.0472825,21.074997,79.024994
2024-04-11,5.9338217,21.074997,79.07501
2024-04-11,7.428318,21.074997,79.125
2024-04-11,7.5979524,21.074997,79.17499
2024-04-11,6.9142184,21.074997,79.225006
2024-04-11,4.360032,21.125,78.975006
2024-04-11,4.6277103,21.125,79.024994
2024-04-11,7.957925,21.125,79.07501
2024-04-11,8.793031,21.125,79.125
2024-04-11,7.8502455,21.125,79.17499
2024-04-11,7.602155,21.125,79.225006
2024-04-11,4.4914618,21.174995,78.975006
2024-04-11,5.4354696,21.174995,79.024994
2024-04-11,7.071772,21.174995,79.07501
2024-04-11,7.773396,21.174995,79.125
2024-04-11,6.737788,21.174995,79.17499
2024-04-11,7.2533665,21.174995,79.225006
2024-04-11,4.244786,21.224998,78.975006
2024-04-11,5.324637,21.224998,79.024994
2024-04-11,6.2653985,21.224998,79.07501
2024-04-11,7.2381268,21.224998,79.125
2024-04-11,6.1795373,21.224998,79.17499
2024-04-11,7.9782214,21.224998,79.225006
2024-04-12,0.92731893,21.024994,78.975006
2024-04-12,0.8220034,21.024994,79.024994
2024-04-12,1.0327611,21.024994,79.07501
2024-04-12,1.225919,21.024994,79.125
2024-04-12,1.2680619,21.024994,79.17499
2024-04-12,1.2521911,21.024994,79.225006
2024-04-12,0.79264796,21.074997,78.975006
2024-04-12,0.6164332,21.074997,79.024994
2024-04-12,1.160765,21.074997,79.07501
2024-04-12,1.4198414,21.074997,79.125
2024-04-12,1.4418923,21.074997,79.17499
2024-04-12,1.3327329,21.074997,79.225006
2024-04-12,0.89342576,21.125,78.975006
2024-04-12,0.91460544,21.125,79.024994
2024-04-12,1.5263958,21.125,79.07501
2024-04-12,1.6539643,21.125,79.125
2024-04-12,1.4711325,21.125,79.17499
2024-04-12,1.451179,21.125,79.225006
2024-04-12,0.89906704,21.174995,78.975006
2024-04-12,1.0525682,21.174995,79.024994
2024-04-12,1.3331318,21.174995,79.07501
2024-04-12,1.4414055,21.174995,79.125
2024-04-12,1.2482122,21.174995,79.17499
2024-04-12,1.3719513,21.174995,79.225006
2024-04-12,0.8303614,21.224998,78.975006
2024-04-12,1.0098424,21.224998,79.024994
2024-04-12,1.1591722,21.224998,79.07501
2024-04-12,1.3198119,21.224998,79.125
2024-04-12,1.1277947,21.224998,79.17499
2024-04-12,1.4890689,21.224998,79.225006
2024-04-13,1.6107984,21.024994,78.975006
2024-04-13,1.491765,21.024994,79.024994
2024-04-13,1.9488283,21.024994,79.07501
2024-04-13,2.3863966,21.024994,79.125
2024-04-13,2.5156376,21.024994,79.17499
2024-04-13,2.488336,21.024994,79.225006
2024-04-13,1.4012868,21.074997,78.975006
2024-04-13,1.1366904,21.074997,79.024994
2024-04-13,2.2218676,21.074997,79.07501
2024-04-13,2.7989109,21.074997,79.125
2024-04-13,2.8922312,21.074997,79.17499
2024-04-13,2.6745603,21.074997,79.225006
2024-04-13,1.6020662,21.125,78.975006
2024-04-13,1.7073658,21.125,79.024994
2024-04-13,2.9521756,21.125,79.07501
2024-04-13,3.288334,21.125,79.125
2024-04-13,2.9713373,21.125,79.17499
2024-04-13,2.9290628,21.125,79.225006
2024-04-13,1.6339185,21.174995,78.975006
2024-04-13,1.9874786,21.174995,79.024994
2024-04-13,2.603051,21.174995,79.07501
2024-04-13,2.8880548,21.174995,79.125
2024-04-13,2.5369012,21.174995,79.17499
2024-04-13,2.7834952,21.174995,79.225006
2024-04-13,1.5325751,21.224998,78.975006
2024-04-13,1.9331614,21.224998,79.024994
2024-04-13,2.290995,21.224998,79.07501
2024-04-13,2.6728194,21.224998,79.125
2024-04-13,2.3138645,21.224998,79.17499
2024-04-13,3.0466118,21.224998,79.225006
2024-04-14,0.07202004,21.024994,78.975006
2024-04-14,0.06889491,21.024994,79.024994
2024-04-14,0.09381258,21.024994,79.07501
2024-04-14,0.12043223,21.024994,79.125
2024-04-14,0.13335377,21.024994,79.17499
2024-04-14,0.13819225,21.024994,79.225006
2024-04-14,0.07238292,21.074997,78.975006
2024-04-14,0.060897544,21.074997,79.024994
2024-04-14,0.124456145,21.074997,79.07501
2024-04-14,0.1647572,21.074997,79.125
2024-04-14,0.17921725,21.074997,79.17499
2024-04-14,0.17404845,21.074997,79.225006
2024-04-14,0.09440289,21.125,78.975006
2024-04-14,0.1045745,21.125,79.024994
2024-04-14,0.18929386,21.125,79.07501
2024-04-14,0.2217349,21.125,79.125
2024-04-14,0.21102501,21.125,79.17499
2024-04-14,0.21864678,21.125,79.225006
2024-04-14,0.108384915,21.174995,78.975006
2024-04-14,0.13712181,21.174995,79.024994
2024-04-14,0.18798088,21.174995,79.07501
2024-04-14,0.21919964,21.174995,79.125
2024-04-14,0.20266242,21.174995,79.17499
2024-04-14,0.23364535,21.174995,79.225006
2024-04-14,0.112879984,21.224998,78.975006
2024-04-14,0.14799619,21.224998,79.024994
2024-04-14,0.18334562,21.224998,79.07501
2024-04-14,0.22445054,21.224998,79.125
2024-04-14,0.20419511,21.224998,79.17499
2024-04-14,0.28217795,21.224998,79.225006
2024-04-15,5.9656024,21.024994,78.975006
2024-04-15,5.45849,21.024994,79.024994
2024-04-15,7.033987,21.024994,79.07501
2024-04-15,8.479441,21.024994,79.125
2024-04-15,8.779335,21.024994,79.17499
2024-04-15,8.507627,21.024994,79.225006
2024-04-15,5.4303856,21.074997,78.975006
2024-04-15,4.3457003,21.074997,79.024994
2024-04-15,8.364517,21.074997,79.07501
2024-04-15,10.353691,21.074997,79.125
2024-04-15,10.488531,21.074997,79.17499
2024-04-15,9.486239,21.074997,79.225006
2024-04-15,6.4903717,21.125,78.975006
2024-04-15,6.816266,21.125,79.024994
2024-04-15,11.5903225,21.125,79.07501
2024-04-15,12.667453,21.125,79.125
2024-04-15,11.205145,21.125,79.17499
2024-04-15,10.7895355,21.125,79.225006
2024-04-15,6.907172,21.174995,78.975006
2024-04-15,8.274714,21.174995,79.024994
2024-04-15,10.650172,21.174995,79.07501
2024-04-15,11.584951,21.174995,79.125
2024-04-15,9.954009,21.174995,79.17499
2024-04-15,10.660867,21.174995,79.225006
2024-04-15,6.7414412,21.224998,78.975006
2024-04-15,8.376052,21.224998,79.024994
2024-04-15,9.755732,21.224998,79.07501
2024-04-15,11.159615,21.224998,79.125
2024-04-15,9.450369,21.224998,79.17499
2024-04-15,12.146998,21.224998,79.225006
2024-04-16,0.0,21.024994,78.975006
2024-04-16,0.0,21.024994,79.024994
2024-04-16,0.0,21.024994,79.07501
2024-04-16,0.0,21.024994,79.125
2024-04-16,0.0,21.024994,79.17499
2024-04-16,0.0,21.024994,79.225006
2024-04-16,0.0,21.074997,78.975006
2024-04-16,0.0,21.074997,79.024994
2024-04-16,0.0,21.074997,79.07501
2024-04-16,0.0,21.074997,79.125
2024-04-16,0.0,21.074997,79.17499
2024-04-16,0.0,21.074997,79.225006
2024-04-16,0.0,21.125,78.975006
2024-04-16,0.0,21.125,79.024994
2024-04-16,0.0,21.125,79.07501
2024-04-16,0.0,21.125,79.125
2024-04-16,0.0,21.125,79.17499
2024-04-16,0.0,21.125,79.225006
2024-04-16,0.0,21.174995,78.975006
2024-04-16,0.0,21.174995,79.024994
2024-04-16,0.0,21.174995,79.07501
2024-04-16,0.0,21.174995,79.125
2024-04-16,0.0,21.174995,79.17499
2024-04-16,0.0,21.174995,79.225006
2024-04-16,0.0,21.224998,78.975006
2024-04-16,0.0,21.224998,79.024994
2024-04-16,0.0,21.224998,79.07501
2024-04-16,0.0,21.224998,79.125
2024-04-16,0.0,21.224998,79.17499
2024-04-16,0.0,21.224998,79.225006
2024-04-17,0.0,21.024994,78.975006
2024-04-17,0.0,21.024994,79.024994
2024-04-17,0.0,21.024994,79.07501
2024-04-17,0.0,21.024994,79.125
2024-04-17,0.0,21.024994,79.17499
2024-04-17,0.0,21.024994,79.225006
2024-04-17,0.0,21.074997,78.975006
2024-04-17,0.0,21.074997,79.024994
2024-04-17,0.0,21.074997,79.07501
2024-04-17,0.0,21.074997,79.125
2024-04-17,0.0,21.074997,79.17499
2024-04-17,0.0,21.074997,79.225006
2024-04-17,0.0,21.125,78.975006
2024-04-17,0.0,21.125,79.024994
2024-04-17,0.0,21.125,79.07501
2024-04-17,0.0,21.125,79.125
2024-04-17,0.0,21.125,79.17499
2024-04-17,0.0,21.125,79.225006
2024-04-17,0.0,21.174995,78.975006
2024-04-17,0.0,21.174995,79.024994
2024-04-17,0.0,21.174995,79.07501
2024-04-17,0.0,21.174995,79.125
2024-04-17,0.0,21.174995,79.17499
2024-04-17,0.0,21.174995,79.225006
2024-04-17,0.0,21.224998,78.975006
2024-04-17,0.0,21.224998,79.024994
2024-04-17,0.0,21.224998,79.07501
2024-04-17,0.0,21.224998,79.125
2024-04-17,0.0,21.224998,79.17499
2024-04-17,0.0,21.224998,79.225006
2024-04-18,0.0,21.024994,78.975006
2024-04-18,0.0,21.024994,79.024994
2024-04-18,0.0,21.024994,79.07501
2024-04-18,0.0,21.024994,79.125
2024-04-18,0.0,21.024994,79.17499
2024-04-18,0.0,21.024994,79.225006
2024-04-18,0.0,21.074997,78.975006
2024-04-18,0.0,21.074997,79.024994
2024-04-18,0.0,21.074997,79.07501
2024-04-18,0.0,21.074997,79.125
2024-04-18,0.0,21.074997,79.17499
2024-04-18,0.0,21.074997,79.225006
2024-04-18,0.0,21.125,78.975006
2024-04-18,0.0,21.125,79.024994
2024-04-18,0.0,21.125,79.07501
2024-04-18,0.0,21.125,79.125
2024-04-18,0.0,21.125,79.17499
2024-04-18,0.0,21.125,79.225006
2024-04-18,0.0,21.174995,78.975006
2024-04-18,0.0,21.174995,79.024994
2024-04-18,0.0,21.174995,79.07501
2024-04-18,0.0,21.174995,79.125
2024-04-18,0.0,21.174995,79.17499
2024-04-18,0.0,21.174995,79.225006
2024-04-18,0.0,21.224998,78.975006
2024-04-18,0.0,21.224998,79.024994
2024-04-18,0.0,21.224998,79.07501
2024-04-18,0.0,21.224998,79.125
2024-04-18,0.0,21.224998,79.17499
2024-04-18,0.0,21.224998,79.225006
2024-04-19,0.0,21.024994,78.975006
2024-04-19,0.0,21.024994,79.024994
2024-04-19,0.0,21.024994,79.07501
2024-04-19,0.0,21.024994,79.125
2024-04-19,0.0,21.024994,79.17499
2024-04-19,0.0,21.024994,79.225006
2024-04-19,0.0,21.074997,78.975006
2024-04-19,0.0,21.074997,79.024994
2024-04-19,0.0,21.074997,79.07501
2024-04-19,0.0,21.074997,79.125
2024-04-19,0.0,21.074997,79.17499
2024-04-19,0.0,21.074997,79.225006
2024-04-19,0.0,21.125,78.975006
2024-04-19,0.0,21.125,79.024994
2024-04-19,0.0,21.125,79.07501
2024-04-19,0.0,21.125,79.125
2024-04-19,0.0,21.125,79.17499
2024-04-19,0.0,21.125,79.225006
2024-04-19,0.0,21.174995,78.975006
2024-04-19,0.0,21.174995,79.024994
2024-04-19,0.0,21.174995,79.07501
2024-04-19,0.0,21.174995,79.125
2024-04-19,0.0,21.174995,79.17499
2024-04-19,0.0,21.174995,79.225006
2024-04-19,0.0,21.224998,78.975006
2024-04-19,0.0,21.224998,79.024994
2024-04-19,0.0,21.224998,79.07501
2024-04-19,0.0,21.224998,79.125
2024-04-19,0.0,21.224998,79.17499
2024-04-19,0.0,21.224998,79.225006
2024-04-20,0.0,21.024994,78.975006
2024-04-20,0.0,21.024994,79.024994
2024-04-20,0.0,21.024994,79.07501
2024-04-20,0.0,21.024994,79.125
2024-04-20,0.0,21.024994,79.17499
2024-04-20,0.0,21.024994,79.225006
2024-04-20,0.0,21.074997,78.975006
2024-04-20,0.0,21.074997,79.024994
2024-04-20,0.0,21.074997,79.07501
2024-04-20,0.0,21.074997,79.125
2024-04-20,0.0,21.074997,79.17499
2024-04-20,0.0,21.074997,79.225006
2024-04-20,0.0,21.125,78.975006
2024-04-20,0.0,21.125,79.024994
2024-04-20,0.0,21.125,79.07501
2024-04-20,0.0,21.125,79.125
2024-04-20,0.0,21.125,79.17499
2024-04-20,0.0,21.125,79.225006
2024-04-20,0.0,21.174995,78.975006
2024-04-20,0.0,21.174995,79.024994
2024-04-20,0.0,21.174995,79.07501
2024-04-20,0.0,21.174995,79.125
2024-04-20,0.0,21.174995,79.17499
2024-04-20,0.0,21.174995,79.225006
2024-04-20,0.0,21.224998,78.975006
2024-04-20,0.0,21.224998,79.024994
2024-04-20,0.0,21.224998,79.07501
2024-04-20,0.0,21.224998,79.125
2024-04-20,0.0,21.224998,79.17499
2024-04-20,0.0,21.224998,79.225006
2024-04-21,0.0,21.024994,78.975006
2024-04-21,0.0,21.024994,79.024994
2024-04-21,0.0,21.024994,79.07501
2024-04-21,0.0,21.024994,79.125
2024-04-21,0.0,21.024994,79.17499
2024-04-21,0.0,21.024994,79.225006
2024-04-21,0.0,21.074997,78.975006
2024-04-21,0.0,21.074997,79.024994
2024-04-21,0.0,21.074997,79.07501
2024-04-21,0.0,21.074997,79.125
2024-04-21,0.0,21.074997,79.17499
2024-04-21,0.0,21.074997,79.225006
2024-04-21,0.0,21.125,78.975006
2024-04-21,0.0,21.125,79.024994
2024-04-21,0.0,21.125,79.07501
2024-04-21,0.0,21.125,79.125
2024-04-21,0.0,21.125,79.17499
2024-04-21,0.0,21.125,79.225006
2024-04-21,0.0,21.174995,78.975006
2024-04-21,0.0,21.174995,79.024994
2024-04-21,0.0,21.174995,79.07501
2024-04-21,0.0,21.174995,79.125
2024-04-21,0.0,21.174995,79.17499
2024-04-21,0.0,21.174995,79.225006
2024-04-21,0.0,21.224998,78.975006
2024-04-21,0.0,21.224998,79.024994
2024-04-21,0.0,21.224998,79.07501
2024-04-21,0.0,21.224998,79.125
2024-04-21,0.0,21.224998,79.17499
2024-04-21,0.0,21.224998,79.225006
2024-04-22,0.0,21.024994,78.975006
2024-04-22,0.0,21.024994,79.024994
2024-04-22,0.0,21.024994,79.07501
2024-04-22,0.0,21.024994,79.125
2024-04-22,0.0,21.024994,79.17499
2024-04-22,0.0,21.024994,79.225006
2024-04-22,0.0,21.074997,78.975006
2024-04-22,0.0,21.074997,79.024994
2024-04-22,0.0,21.074997,79.07501
2024-04-22,0.0,21.074997,79.125
2024-04-22,0.0,21.074997,79.17499
2024-04-22,0.0,21.074997,79.225006
2024-04-22,0.0,21.125,78.975006
2024-04-22,0.0,21.125,79.024994
2024-04-22,0.0,21.125,79.07501
2024-04-22,0.0,21.125,79.125
2024-04-22,0.0,21.125,79.17499
2024-04-22,0.0,21.125,79.225006
2024-04-22,0.0,21.174995,78.975006
2024-04-22,0.0,21.174995,79.024994
2024-04-22,0.0,21.174995,79.07501
2024-04-22,0.0,21.174995,79.125
2024-04-22,0.0,21.174995,79.17499
2024-04-22,0.0,21.174995,79.225006
2024-04-22,0.0,21.224998,78.975006
2024-04-22,0.0,21.224998,79.024994
2024-04-22,0.0,21.224998,79.07501
2024-04-22,0.0,21.224998,79.125
2024-04-22,0.0,21.224998,79.17499
2024-04-22,0.0,21.224998,79.225006
2024-04-23,0.0,21.024994,78.975006
2024-04-23,0.0,21.024994,79.024994
2024-04-23,0.0,21.024994,79.07501
2024-04-23,0.0,21.024994,79.125
2024-04-23,0.0,21.024994,79.17499
2024-04-23,0.0,21.024994,79.225006
2024-04-23,0.0,21.074997,78.975006
2024-04-23,0.0,21.074997,79.024994
2024-04-23,0.0,21.074997,79.07501
2024-04-23,0.0,21.074997,79.125
2024-04-23,0.0,21.074997,79.17499
2024-04-23,0.0,21.074997,79.225006
2024-04-23,0.0,21.125,78.975006
2024-04-23,0.0,21.125,79.024994
2024-04-23,0.0,21.125,79.07501
2024-04-23,0.0,21.125,79.125
2024-04-23,0.0,21.125,79.17499
2024-04-23,0.0,21.125,79.225006
2024-04-23,0.0,21.174995,78.975006
2024-04-23,0.0,21.174995,79.024994
2024-04-23,0.0,21.174995,79.07501
2024-04-23,0.0,21.174995,79.125
2024-04-23,0.0,21.174995,79.17499
2024-04-23,0.0,21.174995,79.225006
2024-04-23,0.0,21.224998,78.975006
2024-04-23,0.0,21.224998,79.024994
2024-04-23,0.0,21.224998,79.07501
2024-04-23,0.0,21.224998,79.125
2024-04-23,0.0,21.224998,79.17499
2024-04-23,0.0,21.224998,79.225006
2024-04-24,0.0,21.024994,78.975006
2024-04-24,0.0,21.024994,79.024994
2024-04-24,0.0,21.024994,79.07501
2024-04-24,0.0,21.024994,79.125
2024-04-24,0.0,21.024994,79.17499
2024-04-24,0.0,21.024994,79.225006
2024-04-24,0.0,21.074997,78.975006
2024-04-24,0.0,21.074997,79.024994
2024-04-24,0.0,21.074997,79.07501
2024-04-24,0.0,21.074997,79.125
2024-04-24,0.0,21.074997,79.17499
2024-04-24,0.0,21.074997,79.225006
2024-04-24,0.0,21.125,78.975006
2024-04-24,0.0,21.125,79.024994
2024-04-24,0.0,21.125,79.07501
2024-04-24,0.0,21.125,79.125
2024-04-24,0.0,21.125,79.17499
2024-04-24,0.0,21.125,79.225006
2024-04-24,0.0,21.174995,78.975006
2024-04-24,0.0,21.174995,79.024994
2024-04-24,0.0,21.174995,79.07501
2024-04-24,0.0,21.174995,79.125
2024-04-24,0.0,21.174995,79.17499
2024-04-24,0.0,21.174995,79.225006
2024-04-24,0.0,21.224998,78.975006
2024-04-24,0.0,21.224998,79.024994
2024-04-24,0.0,21.224998,79.07501
2024-04-24,0.0,21.224998,79.125
2024-04-24,0.0,21.224998,79.17499
2024-04-24,0.0,21.224998,79.225006
2024-04-25,0.0,21.024994,78.975006
2024-04-25,0.0,21.024994,79.024994
2024-04-25,0.0,21.024994,79.07501
2024-04-25,0.0,21.024994,79.125
2024-04-25,0.0,21.024994,79.17499
2024-04-25,0.0,21.024994,79.225006
2024-04-25,0.0,21.074997,78.975006
2024-04-25,0.0,21.074997,79.024994
2024-04-25,0.0,21.074997,79.07501
2024-04-25,0.0,21.074997,79.125
2024-04-25,0.0,21.074997,79.17499
2024-04-25,0.0,21.074997,79.225006
2024-04-25,0.0,21.125,78.975006
2024-04-25,0.0,21.125,79.024994
2024-04-25,0.0,21.125,79.07501
2024-04-25,0.0,21.125,79.125
2024-04-25,0.0,21.125,79.17499
2024-04-25,0.0,21.125,79.225006
2024-04-25,0.0,21.174995,78.975006
2024-04-25,0.0,21.174995,79.024994
2024-04-25,0.0,21.174995,79.07501
2024-04-25,0.0,21.174995,79.125
2024-04-25,0.0,21.174995,79.17499
2024-04-25,0.0,21.174995,79.225006
2024-04-25,0.0,21.224998,78.975006
2024-04-25,0.0,21.224998,79.024994
2024-04-25,0.0,21.224998,79.07501
2024-04-25,0.0,21.224998,79.125
2024-04-25,0.0,21.224998,79.17499
2024-04-25,0.0,21.224998,79.225006
2024-04-26,0.0,21.024994,78.975006
2024-04-26,0.0,21.024994,79.024994
2024-04-26,0.0,21.024994,79.07501
2024-04-26,0.0,21.024994,79.125
2024-04-26,0.0,21.024994,79.17499
2024-04-26,0.0,21.024994,79.225006
2024-04-26,0.0,21.074997,78.975006
2024-04-26,0.0,21.074997,79.024994
2024-04-26,0.0,21.074997,79.07501
2024-04-26,0.0,21.074997,79.125
2024-04-26,0.0,21.074997,79.17499
2024-04-26,0.0,21.074997,79.225006
2024-04-26,0.0,21.125,78.975006
2024-04-26,0.0,21.125,79.024994
2024-04-26,0.0,21.125,79.07501
2024-04-26,0.0,21.125,79.125
2024-04-26,0.0,21.125,79.17499
2024-04-26,0.0,21.125,79.225006
2024-04-26,0.0,21.174995,78.975006
2024-04-26,0.0,21.174995,79.024994
2024-04-26,0.0,21.174995,79.07501
2024-04-26,0.0,21.174995,79.125
2024-04-26,0.0,21.174995,79.17499
2024-04-26,0.0,21.174995,79.225006
2024-04-26,0.0,21.224998,78.975006
2024-04-26,0.0,21.224998,79.024994
2024-04-26,0.0,21.224998,79.07501
2024-04-26,0.0,21.224998,79.125
2024-04-26,0.0,21.224998,79.17499
2024-04-26,0.0,21.224998,79.225006
2024-04-27,0.0,21.024994,78.975006
2024-04-27,0.0,21.024994,79.024994
2024-04-27,0.0,21.024994,79.07501
2024-04-27,0.0,21.024994,79.125
2024-04-27,0.0,21.024994,79.17499
2024-04-27,0.0,21.024994,79.225006
2024-04-27,0.0,21.074997,78.975006
2024-04-27,0.0,21.074997,79.024994
2024-04-27,0.0,21.074997,79.07501
2024-04-27,0.0,21.074997,79.125
2024-04-27,0.0,21.074997,79.17499
2024-04-27,0.0,21.074997,79.225006
2024-04-27,0.0,21.125,78.975006
2024-04-27,0.0,21.125,79.024994
2024-04-27,0.0,21.125,79.07501
2024-04-27,0.0,21.125,79.125
2024-04-27,0.0,21.125,79.17499
2024-04-27,0.0,21.125,79.225006
2024-04-27,0.0,21.174995,78.975006
2024-04-27,0.0,21.174995,79.024994
2024-04-27,0.0,21.174995,79.07501
2024-04-27,0.0,21.174995,79.125
2024-04-27,0.0,21.174995,79.17499
2024-04-27,0.0,21.174995,79.225006
2024-04-27,0.0,21.224998,78.975006
2024-04-27,0.0,21.224998,79.024994
2024-04-27,0.0,21.224998,79.07501
2024-04-27,0.0,21.224998,79.125
2024-04-27,0.0,21.224998,79.17499
2024-04-27,0.0,21.224998,79.225006
2024-04-28,0.0,21.024994,78.975006
2024-04-28,0.0,21.024994,79.024994
2024-04-28,0.0,21.024994,79.07501
2024-04-28,0.0,21.024994,79.125
2024-04-28,0.0,21.024994,79.17499
2024-04-28,0.0,21.024994,79.225006
2024-04-28,0.0,21.074997,78.975006
2024-04-28,0.0,21.074997,79.024994
2024-04-28,0.0,21.074997,79.07501
2024-04-28,0.0,21.074997,79.125
2024-04-28,0.0,21.074997,79.17499
2024-04-28,0.0,21.074997,79.225006
2024-04-28,0.0,21.125,78.975006
2024-04-28,0.0,21.125,79.024994
2024-04-28,0.0,21.125,79.07501
2024-04-28,0.0,21.125,79.125
2024-04-28,0.0,21.125,79.17499
2024-04-28,0.0,21.125,79.225006
2024-04-28,0.0,21.174995,78.975006
2024-04-28,0.0,21.174995,79.024994
2024-04-28,0.0,21.174995,79.07501
2024-04-28,0.0,21.174995,79.125
2024-04-28,0.0,21.174995,79.17499
2024-04-28,0.0,21.174995,79.225006
2024-04-28,0.0,21.224998,78.975006
2024-04-28,0.0,21.224998,79.024994
2024-04-28,0.0,21.224998,79.07501
2024-04-28,0.0,21.224998,79.125
2024-04-28,0.0,21.224998,79.17499
2024-04-28,0.0,21.224998,79.225006
2024-04-29,0.0,21.024994,78.975006
2024-04-29,0.0,21.024994,79.024994
2024-04-29,0.0,21.024994,79.07501
2024-04-29,0.0,21.024994,79.125
2024-04-29,0.0,21.024994,79.17499
2024-04-29,0.0,21.024994,79.225006
2024-04-29,0.0,21.074997,78.975006
2024-04-29,0.0,21.074997,79.024994
2024-04-29,0.0,21.074997,79.07501
2024-04-29,0.0,21.074997,79.125
2024-04-29,0.0,21.074997,79.17499
2024-04-29,0.0,21.074997,79.225006
2024-04-29,0.0,21.125,78.975006
2024-04-29,0.0,21.125,79.024994
2024-04-29,0.0,21.125,79.07501
2024-04-29,0.0,21.125,79.125
2024-04-29,0.0,21.125,79.17499
2024-04-29,0.0,21.125,79.225006
2024-04-29,0.0,21.174995,78.975006
2024-04-29,0.0,21.174995,79.024994
2024-04-29,0.0,21.174995,79.07501
2024-04-29,0.0,21.174995,79.125
2024-04-29,0.0,21.174995,79.17499
2024-04-29,0.0,21.174995,79.225006
2024-04-29,0.0,21.224998,78.975006
2024-04-29,0.0,21.224998,79.024994
2024-04-29,0.0,21.224998,79.07501
2024-04-29,0.0,21.224998,79.125
2024-04-29,0.0,21.224998,79.17499
2024-04-29,0.0,21.224998,79.225006
2024-04-30,0.0,21.024994,78.975006
2024-04-30,0.0,21.024994,79.024994
2024-04-30,0.0,21.024994,79.07501
2024-04-30,0.0,21.024994,79.125
2024-04-30,0.0,21.024994,79.17499
2024-04-30,0.0,21.024994,79.225006
2024-04-30,0.0,21.074997,78.975006
2024-04-30,0.0,21.074997,79.024994
2024-04-30,0.0,21.074997,79.07501
2024-04-30,0.0,21.074997,79.125
2024-04-30,0.0,21.074997,79.17499
2024-04-30,0.0,21.074997,79.225006
2024-04-30,0.0,21.125,78.975006
2024-04-30,0.0,21.125,79.024994
2024-04-30,0.0,21.125,79.07501
2024-04-30,0.0,21.125,79.125
2024-04-30,0.0,21.125,79.17499
2024-04-30,0.0,21.125,79.225006
2024-04-30,0.0,21.174995,78.975006
2024-04-30,0.0,21.174995,79.024994
2024-04-30,0.0,21.174995,79.07501
2024-04-30,0.0,21.174995,79.125
2024-04-30,0.0,21.174995,79.17499
2024-04-30,0.0,21.174995,79.225006
2024-04-30,0.0,21.224998,78.975006
2024-04-30,0.0,21.224998,79.024994
2024-04-30,0.0,21.224998,79.07501
2024-04-30,0.0,21.224998,79.125
2024-04-30,0.0,21.224998,79.17499
2024-04-30,0.0,21.224998,79.225006
2024-05-01,0.0,21.024994,78.975006
2024-05-01,0.0,21.024994,79.024994
2024-05-01,0.0,21.024994,79.07501
2024-05-01,0.0,21.024994,79.125
2024-05-01,0.0,21.024994,79.17499
2024-05-01,0.0,21.024994,79.225006
2024-05-01,0.0,21.074997,78.975006
2024-05-01,0.0,21.074997,79.024994
2024-05-01,0.0,21.074997,79.07501
2024-05-01,0.0,21.074997,79.125
2024-05-01,0.0,21.074997,79.17499
2024-05-01,0.0,21.074997,79.225006
2024-05-01,0.0,21.125,78.975006
2024-05-01,0.0,21.125,79.024994
2024-05-01,0.0,21.125,79.07501
2024-05-01,0.0,21.125,79.125
2024-05-01,0.0,21.125,79.17499
2024-05-01,0.0,21.125,79.225006
2024-05-01,0.0,21.174995,78.975006
2024-05-01,0.0,21.174995,79.024994
2024-05-01,0.0,21.174995,79.07501
2024-05-01,0.0,21.174995,79.125
2024-05-01,0.0,21.174995,79.17499
2024-05-01,0.0,21.174995,79.225006
2024-05-01,0.0,21.224998,78.975006
2024-05-01,0.0,21.224998,79.024994
2024-05-01,0.0,21.224998,79.07501
2024-05-01,0.0,21.224998,79.125
2024-05-01,0.0,21.224998,79.17499
2024-05-01,0.0,21.224998,79.225006
2024-05-02,0.0,21.024994,78.975006
2024-05-02,0.0,21.024994,79.024994
2024-05-02,0.0,21.024994,79.07501
2024-05-02,0.0,21.024994,79.125
2024-05-02,0.0,21.024994,79.17499
2024-05-02,0.0,21.024994,79.225006
2024-05-02,0.0,21.074997,78.975006
2024-05-02,0.0,21.074997,79.024994
2024-05-02,0.0,21.074997,79.07501
2024-05-02,0.0,21.074997,79.125
2024-05-02,0.0,21.074997,79.17499
2024-05-02,0.0,21.074997,79.225006
2024-05-02,0.0,21.125,78.975006
2024-05-02,0.0,21.125,79.024994
2024-05-02,0.0,21.125,79.07501
2024-05-02,0.0,21.125,79.125
2024-05-02,0.0,21.125,79.17499
2024-05-02,0.0,21.125,79.225006
2024-05-02,0.0,21.174995,78.975006
2024-05-02,0.0,21.174995,79.024994
2024-05-02,0.0,21.174995,79.07501
2024-05-02,0.0,21.174995,79.125
2024-05-02,0.0,21.174995,79.17499
2024-05-02,0.0,21.174995,79.225006
2024-05-02,0.0,21.224998,78.975006
2024-05-02,0.0,21.224998,79.024994
2024-05-02,0.0,21.224998,79.07501
2024-05-02,0.0,21.224998,79.125
2024-05-02,0.0,21.224998,79.17499
2024-05-02,0.0,21.224998,79.225006
2024-05-03,0.0,21.024994,78.975006
2024-05-03,0.0,21.024994,79.024994
2024-05-03,0.0,21.024994,79.07501
2024-05-03,0.0,21.024994,79.125
2024-05-03,0.0,21.024994,79.17499
2024-05-03,0.0,21.024994,79.225006
2024-05-03,0.0,21.074997,78.975006
2024-05-03,0.0,21.074997,79.024994
2024-05-03,0.0,21.074997,79.07501
2024-05-03,0.0,21.074997,79.125
2024-05-03,0.0,21.074997,79.17499
2024-05-03,0.0,21.074997,79.225006
2024-05-03,0.0,21.125,78.975006
2024-05-03,0.0,21.125,79.024994
2024-05-03,0.0,21.125,79.07501
2024-05-03,0.0,21.125,79.125
2024-05-03,0.0,21.125,79.17499
2024-05-03,0.0,21.125,79.225006
2024-05-03,0.0,21.174995,78.975006
2024-05-03,0.0,21.174995,79.024994
2024-05-03,0.0,21.174995,79.07501
2024-05-03,0.0,21.174995,79.125
2024-05-03,0.0,21.174995,79.17499
2024-05-03,0.0,21.174995,79.225006
2024-05-03,0.0,21.224998,78.975006
2024-05-03,0.0,21.224998,79.024994
2024-05-03,0.0,21.224998,79.07501
2024-05-03,0.0,21.224998,79.125
2024-05-03,0.0,21.224998,79.17499
2024-05-03,0.0,21.224998,79.225006
2024-05-04,0.0,21.024994,78.975006
2024-05-04,0.0,21.024994,79.024994
2024-05-04,0.0,21.024994,79.07501
2024-05-04,0.0,21.024994,79.125
2024-05-04,0.0,21.024994,79.17499
2024-05-04,0.0,21.024994,79.225006
2024-05-04,0.0,21.074997,78.975006
2024-05-04,0.0,21.074997,79.024994
2024-05-04,0.0,21.074997,79.07501
2024-05-04,0.0,21.074997,79.125
2024-05-04,0.0,21.074997,79.17499
2024-05-04,0.0,21.074997,79.225006
2024-05-04,0.0,21.125,78.975006
2024-05-04,0.0,21.125,79.024994
2024-05-04,0.0,21.125,79.07501
2024-05-04,0.0,21.125,79.125
2024-05-04,0.0,21.125,79.17499
2024-05-04,0.0,21.125,79.225006
2024-05-04,0.0,21.174995,78.975006
2024-05-04,0.0,21.174995,79.024994
2024-05-04,0.0,21.174995,79.07501
2024-05-04,0.0,21.174995,79.125
2024-05-04,0.0,21.174995,79.17499
2024-05-04,0.0,21.174995,79.225006
2024-05-04,0.0,21.224998,78.975006
2024-05-04,0.0,21.224998,79.024994
2024-05-04,0.0,21.224998,79.07501
2024-05-04,0.0,21.224998,79.125
2024-05-04,0.0,21.224998,79.17499
2024-05-04,0.0,21.224998,79.225006
2024-05-05,0.0,21.024994,78.975006
2024-05-05,0.0,21.024994,79.024994
2024-05-05,0.0,21.024994,79.07501
2024-05-05,0.0,21.024994,79.125
2024-05-05,0.0,21.024994,79.17499
2024-05-05,0.0,21.024994,79.225006
2024-05-05,0.0,21.074997,78.975006
2024-05-05,0.0,21.074997,79.024994
2024-05-05,0.0,21.074997,79.07501
2024-05-05,0.0,21.074997,79.125
2024-05-05,0.0,21.074997,79.17499
2024-05-05,0.0,21.074997,79.225006
2024-05-05,0.0,21.125,78.975006
2024-05-05,0.0,21.125,79.024994
2024-05-05,0.0,21.125,79.07501
2024-05-05,0.0,21.125,79.125
2024-05-05,0.0,21.125,79.17499
2024-05-05,0.0,21.125,79.225006
2024-05-05,0.0,21.174995,78.975006
2024-05-05,0.0,21.174995,79.024994
2024-05-05,0.0,21.174995,79.07501
2024-05-05,0.0,21.174995,79.125
2024-05-05,0.0,21.174995,79.17499
2024-05-05,0.0,21.174995,79.225006
2024-05-05,0.0,21.224998,78.975006
2024-05-05,0.0,21.224998,79.024994
2024-05-05,0.0,21.224998,79.07501
2024-05-05,0.0,21.224998,79.125
2024-05-05,0.0,21.224998,79.17499
2024-05-05,0.0,21.224998,79.225006
2024-05-06,0.0,21.024994,78.975006
2024-05-06,0.0,21.024994,79.024994
2024-05-06,0.0,21.024994,79.07501
2024-05-06,0.0,21.024994,79.125
2024-05-06,0.0,21.024994,79.17499
2024-05-06,0.0,21.024994,79.225006
2024-05-06,0.0,21.074997,78.975006
2024-05-06,0.0,21.074997,79.024994
2024-05-06,0.0,21.074997,79.07501
2024-05-06,0.0,21.074997,79.125
2024-05-06,0.0,21.074997,79.17499
2024-05-06,0.0,21.074997,79.225006
2024-05-06,0.0,21.125,78.975006
2024-05-06,0.0,21.125,79.024994
2024-05-06,0.0,21.125,79.07501
2024-05-06,0.0,21.125,79.125
2024-05-06,0.0,21.125,79.17499
2024-05-06,0.0,21.125,79.225006
2024-05-06,0.0,21.174995,78.975006
2024-05-06,0.0,21.174995,79.024994
2024-05-06,0.0,21.174995,79.07501
2024-05-06,0.0,21.174995,79.125
2024-05-06,0.0,21.174995,79.17499
2024-05-06,0.0,21.174995,79.225006
2024-05-06,0.0,21.224998,78.975006
2024-05-06,0.0,21.224998,79.024994
2024-05-06,0.0,21.224998,79.07501
2024-05-06,0.0,21.224998,79.125
2024-05-06,0.0,21.224998,79.17499
2024-05-06,0.0,21.224998,79.225006
2024-05-07,3.0584779,21.024994,78.975006
2024-05-07,3.3436015,21.024994,79.024994
2024-05-07,3.0551786,21.024994,79.07501
2024-05-07,2.6084845,21.024994,79.125
2024-05-07,0.0,21.024994,79.17499
2024-05-07,0.0,21.024994,79.225006
2024-05-07,0.0,21.074997,78.975006
2024-05-07,3.479325,21.074997,79.024994
2024-05-07,2.3787744,21.074997,79.07501
2024-05-07,2.25351,21.074997,79.125
2024-05-07,2.4423122,21.074997,79.17499
2024-05-07,0.0,21.074997,79.225006
2024-05-07,3.2499506,21.125,78.975006
2024-05-07,2.837499,21.125,79.024994
2024-05-07,0.0,21.125,79.07501
2024-05-07,1.8711404,21.125,79.125
2024-05-07,2.418103,21.125,79.17499
2024-05-07,2.660381,21.125,79.225006
2024-05-07,0.0,21.174995,78.975006
2024-05-07,2.1740923,21.174995,79.024994
2024-05-07,1.8365538,21.174995,79.07501
2024-05-07,1.8894665,21.174995,79.125
2024-05-07,0.0,21.174995,79.17499
2024-05-07,0.0,21.174995,79.225006
2024-05-07,0.0,21.224998,78.975006
2024-05-07,2.2002318,21.224998,79.024994
2024-05-07,0.0,21.224998,79.07501
2024-05-07,0.0,21.224998,79.125
2024-05-07,2.0657637,21.224998,79.17499
2024-05-07,2.2913642,21.224998,79.225006
2024-05-08,0.0,21.024994,78.975006
2024-05-08,0.0,21.024994,79.024994
2024-05-08,0.0,21.024994,79.07501
2024-05-08,0.0,21.024994,79.125
2024-05-08,0.0,21.024994,79.17499
2024-05-08,0.0,21.024994,79.225006
2024-05-08,0.0,21.074997,78.975006
2024-05-08,0.0,21.074997,79.024994
2024-05-08,0.0,21.074997,79.07501
2024-05-08,0.0,21.074997,79.125
2024-05-08,0.0,21.074997,79.17499
2024-05-08,0.0,21.074997,79.225006
2024-05-08,0.0,21.125,78.975006
2024-05-08,0.0,21.125,79.024994
2024-05-08,0.0,21.125,79.07501
2024-05-08,0.0,21.125,79.125
2024-05-08,0.0,21.125,79.17499
2024-05-08,0.0,21.125,79.225006
2024-05-08,0.0,21.174995,78.975006
2024-05-08,0.0,21.174995,79.024994
2024-05-08,0.0,21.174995,79.07501
2024-05-08,0.0,21.174995,79.125
2024-05-08,0.0,21.174995,79.17499
2024-05-08,0.0,21.174995,79.225006
2024-05-08,0.0,21.224998,78.975006
2024-05-08,0.0,21.224998,79.024994
2024-05-08,0.0,21.224998,79.07501
2024-05-08,0.0,21.224998,79.125
2024-05-08,0.0,21.224998,79.17499
2024-05-08,0.0,21.224998,79.225006
2024-05-09,0.0,21.024994,78.975006
2024-05-09,0.0,21.024994,79.024994
2024-05-09,0.0,21.024994,79.07501
2024-05-09,0.0,21.024994,79.125
2024-05-09,0.0,21.024994,79.17499
2024-05-09,0.0,21.024994,79.225006
2024-05-09,0.0,21.074997,78.975006
2024-05-09,0.0,21.074997,79.024994
2024-05-09,0.0,21.074997,79.07501
2024-05-09,0.0,21.074997,79.125
2024-05-09,0.0,21.074997,79.17499
2024-05-09,0.0,21.074997,79.225006
2024-05-09,0.0,21.125,78.975006
2024-05-09,0.0,21.125,79.024994
2024-05-09,0.0,21.125,79.07501
2024-05-09,0.0,21.125,79.125
2024-05-09,0.0,21.125,79.17499
2024-05-09,0.0,21.125,79.225006
2024-05-09,0.0,21.174995,78.975006
2024-05-09,0.0,21.174995,79.024994
2024-05-09,0.0,21.174995,79.07501
2024-05-09,0.0,21.174995,79.125
2024-05-09,0.0,21.174995,79.17499
2024-05-09,0.0,21.174995,79.225006
2024-05-09,0.0,21.224998,78.975006
2024-05-09,0.0,21.224998,79.024994
2024-05-09,0.0,21.224998,79.07501
2024-05-09,0.0,21.224998,79.125
2024-05-09,0.0,21.224998,79.17499
2024-05-09,0.0,21.224998,79.225006
2024-05-10,0.0,21.024994,78.975006
2024-05-10,0.0,21.024994,79.024994
2024-05-10,0.0,21.024994,79.07501
2024-05-10,0.0,21.024994,79.125
2024-05-10,0.0,21.024994,79.17499
2024-05-10,0.0,21.024994,79.225006
2024-05-10,0.0,21.074997,78.975006
2024-05-10,0.0,21.074997,79.024994
2024-05-10,0.0,21.074997,79.07501
2024-05-10,0.0,21.074997,79.125
2024-05-10,0.0,21.074997,79.17499
2024-05-10,0.0,21.074997,79.225006
2024-05-10,0.0,21.125,78.975006
2024-05-10,0.0,21.125,79.024994
2024-05-10,0.0,21.125,79.07501
2024-05-10,0.0,21.125,79.125
2024-05-10,0.0,21.125,79.17499
2024-05-10,0.0,21.125,79.225006
2024-05-10,0.0,21.174995,78.975006
2024-05-10,0.0,21.174995,79.024994
2024-05-10,0.0,21.174995,79.07501
2024-05-10,0.0,21.174995,79.125
2024-05-10,0.0,21.174995,79.17499
2024-05-10,0.0,21.174995,79.225006
2024-05-10,0.0,21.224998,78.975006
2024-05-10,0.0,21.224998,79.024994
2024-05-10,0.0,21.224998,79.07501
2024-05-10,0.0,21.224998,79.125
2024-05-10,0.0,21.224998,79.17499
2024-05-10,0.0,21.224998,79.225006
2024-05-11,0.0,21.024994,78.975006
2024-05-11,0.0,21.024994,79.024994
2024-05-11,0.0,21.024994,79.07501
2024-05-11,0.0,21.024994,79.125
2024-05-11,0.0,21.024994,79.17499
2024-05-11,0.0,21.024994,79.225006
2024-05-11,0.0,21.074997,78.975006
2024-05-11,0.0,21.074997,79.024994
2024-05-11,0.0,21.074997,79.07501
2024-05-11,0.0,21.074997,79.125
2024-05-11,0.0,21.074997,79.17499
2024-05-11,0.0,21.074997,79.225006
2024-05-11,0.0,21.125,78.975006
2024-05-11,0.0,21.125,79.024994
2024-05-11,0.0,21.125,79.07501
2024-05-11,0.0,21.125,79.125
2024-05-11,0.0,21.125,79.17499
2024-05-11,0.0,21.125,79.225006
2024-05-11,0.0,21.174995,78.975006
2024-05-11,0.0,21.174995,79.024994
2024-05-11,0.0,21.174995,79.07501
2024-05-11,0.0,21.174995,79.125
2024-05-11,0.0,21.174995,79.17499
2024-05-11,0.0,21.174995,79.225006
2024-05-11,0.0,21.224998,78.975006
2024-05-11,0.0,21.224998,79.024994
2024-05-11,0.0,21.224998,79.07501
2024-05-11,0.0,21.224998,79.125
2024-05-11,0.0,21.224998,79.17499
2024-05-11,0.0,21.224998,79.225006
2024-05-12,0.0,21.024994,78.975006
2024-05-12,0.0,21.024994,79.024994
2024-05-12,0.0,21.024994,79.07501
2024-05-12,0.0,21.024994,79.125
2024-05-12,0.0,21.024994,79.17499
2024-05-12,0.0,21.024994,79.225006
2024-05-12,0.0,21.074997,78.975006
2024-05-12,0.0,21.074997,79.024994
2024-05-12,0.0,21.074997,79.07501
2024-05-12,0.0,21.074997,79.125
2024-05-12,0.0,21.074997,79.17499
2024-05-12,0.0,21.074997,79.225006
2024-05-12,0.0,21.125,78.975006
2024-05-12,0.0,21.125,79.024994
2024-05-12,0.0,21.125,79.07501
2024-05-12,0.0,21.125,79.125
2024-05-12,0.0,21.125,79.17499
2024-05-12,0.0,21.125,79.225006
2024-05-12,0.0,21.174995,78.975006
2024-05-12,0.0,21.174995,79.024994
2024-05-12,0.0,21.174995,79.07501
2024-05-12,0.0,21.174995,79.125
2024-05-12,0.0,21.174995,79.17499
2024-05-12,0.0,21.174995,79.225006
2024-05-12,0.0,21.224998,78.975006
2024-05-12,0.0,21.224998,79.024994
2024-05-12,0.0,21.224998,79.07501
2024-05-12,0.0,21.224998,79.125
2024-05-12,0.0,21.224998,79.17499
2024-05-12,0.0,21.224998,79.225006
2024-05-13,0.0,21.024994,78.975006
2024-05-13,0.0,21.024994,79.024994
2024-05-13,0.0,21.024994,79.07501
2024-05-13,0.0,21.024994,79.125
2024-05-13,0.0,21.024994,79.17499
2024-05-13,0.0,21.024994,79.225006
2024-05-13,0.0,21.074997,78.975006
2024-05-13,0.0,21.074997,79.024994
2024-05-13,0.0,21.074997,79.07501
2024-05-13,0.0,21.074997,79.125
2024-05-13,0.0,21.074997,79.17499
2024-05-13,0.0,21.074997,79.225006
2024-05-13,0.0,21.125,78.975006
2024-05-13,0.0,21.125,79.024994
2024-05-13,0.0,21.125,79.07501
2024-05-13,0.0,21.125,79.125
2024-05-13,0.0,21.125,79.17499
2024-05-13,0.0,21.125,79.225006
2024-05-13,0.0,21.174995,78.975006
2024-05-13,0.0,21.174995,79.024994
2024-05-13,0.0,21.174995,79.07501
2024-05-13,0.0,21.174995,79.125
2024-05-13,0.0,21.174995,79.17499
2024-05-13,0.0,21.174995,79.225006
2024-05-13,0.0,21.224998,78.975006
2024-05-13,0.0,21.224998,79.024994
2024-05-13,0.0,21.224998,79.07501
2024-05-13,0.0,21.224998,79.125
2024-05-13,0.0,21.224998,79.17499
2024-05-13,0.0,21.224998,79.225006
2024-05-14,3.8532846,21.024994,78.975006
2024-05-14,4.188489,21.024994,79.024994
2024-05-14,3.4596784,21.024994,79.07501
2024-05-14,2.9087107,21.024994,79.125
2024-05-14,0.0,21.024994,79.17499
2024-05-14,0.0,21.024994,79.225006
2024-05-14,0.0,21.074997,78.975006
2024-05-14,4.413817,21.074997,79.024994
2024-05-14,2.9702215,21.074997,79.07501
2024-05-14,2.5028167,21.074997,79.125
2024-05-14,2.6791155,21.074997,79.17499
2024-05-14,0.0,21.074997,79.225006
2024-05-14,4.1493964,21.125,78.975006
2024-05-14,3.6264548,21.125,79.024994
2024-05-14,1.5549455,21.125,79.07501
2024-05-14,1.9245874,21.125,79.125
2024-05-14,2.4683444,21.125,79.17499
2024-05-14,2.340576,21.125,79.225006
2024-05-14,0.0,21.174995,78.975006
2024-05-14,2.824222,21.174995,79.024994
2024-05-14,1.9699271,21.174995,79.07501
2024-05-14,2.0038178,21.174995,79.125
2024-05-14,0.0,21.174995,79.17499
2024-05-14,0.0,21.174995,79.225006
2024-05-14,0.0,21.224998,78.975006
2024-05-14,2.88033,21.224998,79.024994
2024-05-14,2.4791605,21.224998,79.07501
2024-05-14,0.0,21.224998,79.125
2024-05-14,2.4133766,21.224998,79.17499
2024-05-14,2.281872,21.224998,79.225006
2024-05-15,0.0,21.024994,78.975006
2024-05-15,0.0,21.024994,79.024994
2024-05-15,0.0,21.024994,79.07501
2024-05-15,0.0,21.024994,79.125
2024-05-15,0.0,21.024994,79.17499
2024-05-15,0.0,21.024994,79.225006
2024-05-15,0.0,21.074997,78.975006
2024-05-15,0.0,21.074997,79.024994
2024-05-15,0.0,21.074997,79.07501
2024-05-15,0.0,21.074997,79.125
2024-05-15,0.0,21.074997,79.17499
2024-05-15,0.0,21.074997,79.225006
2024-05-15,0.0,21.125,78.975006
2024-05-15,0.0,21.125,79.024994
2024-05-15,0.0,21.125,79.07501
2024-05-15,0.0,21.125,79.125
2024-05-15,0.0,21.125,79.17499
2024-05-15,0.0,21.125,79.225006
2024-05-15,0.0,21.174995,78.975006
2024-05-15,0.0,21.174995,79.024994
2024-05-15,0.0,21.174995,79.07501
2024-05-15,0.0,21.174995,79.125
2024-05-15,0.0,21.174995,79.17499
2024-05-15,0.0,21.174995,79.225006
2024-05-15,0.0,21.224998,78.975006
2024-05-15,0.0,21.224998,79.024994
2024-05-15,0.0,21.224998,79.07501
2024-05-15,0.0,21.224998,79.125
2024-05-15,0.0,21.224998,79.17499
2024-05-15,0.0,21.224998,79.225006
2024-05-16,0.0,21.024994,78.975006
2024-05-16,0.0,21.024994,79.024994
2024-05-16,0.0,21.024994,79.07501
2024-05-16,0.0,21.024994,79.125
2024-05-16,2.693382,21.024994,79.17499
2024-05-16,2.5147963,21.024994,79.225006
2024-05-16,4.031926,21.074997,78.975006
2024-05-16,0.0,21.074997,79.024994
2024-05-16,0.0,21.074997,79.07501
2024-05-16,0.0,21.074997,79.125
2024-05-16,0.0,21.074997,79.17499
2024-05-16,2.3249855,21.074997,79.225006
2024-05-16,0.0,21.125,78.975006
2024-05-16,0.0,21.125,79.024994
2024-05-16,0.0,21.125,79.07501
2024-05-16,0.0,21.125,79.125
2024-05-16,0.0,21.125,79.17499
2024-05-16,0.0,21.125,79.225006
2024-05-16,3.4539042,21.174995,78.975006
2024-05-16,0.0,21.174995,79.024994
2024-05-16,0.0,21.174995,79.07501
2024-05-16,0.0,21.174995,79.125
2024-05-16,2.4708307,21.174995,79.17499
2024-05-16,2.0569701,21.174995,79.225006
2024-05-16,2.9928536,21.224998,78.975006
2024-05-16,0.0,21.224998,79.024994
2024-05-16,0.0,21.224998,79.07501
2024-05-16,2.7020652,21.224998,79.125
2024-05-16,0.0,21.224998,79.17499
2024-05-16,0.0,21.224998,79.225006
2024-05-17,0.0,21.024994,78.975006
2024-05-17,0.0,21.024994,79.024994
2024-05-17,0.0,21.024994,79.07501
2024-05-17,0.0,21.024994,79.125
2024-05-17,5.0813613,21.024994,79.17499
2024-05-17,4.9584837,21.024994,79.225006
2024-05-17,6.1515627,21.074997,78.975006
2024-05-17,3.013816,21.074997,79.024994
2024-05-17,0.0,21.074997,79.07501
2024-05-17,0.0,21.074997,79.125
2024-05-17,0.0,21.074997,79.17499
2024-05-17,4.514606,21.074997,79.225006
2024-05-17,0.0,21.125,78.975006
2024-05-17,0.0,21.125,79.024994
2024-05-17,1.4157286,21.125,79.07501
2024-05-17,0.0,21.125,79.125
2024-05-17,0.0,21.125,79.17499
2024-05-17,0.0,21.125,79.225006
2024-05-17,5.1333385,21.174995,78.975006
2024-05-17,0.0,21.174995,79.024994
2024-05-17,0.0,21.174995,79.07501
2024-05-17,0.0,21.174995,79.125
2024-05-17,4.474545,21.174995,79.17499
2024-05-17,3.9094298,21.174995,79.225006
2024-05-17,4.4062734,21.224998,78.975006
2024-05-17,0.0,21.224998,79.024994
2024-05-17,1.9564886,21.224998,79.07501
2024-05-17,4.622941,21.224998,79.125
2024-05-17,0.0,21.224998,79.17499
2024-05-17,0.0,21.224998,79.225006
2024-05-18,0.0,21.024994,78.975006
2024-05-18,0.0,21.024994,79.024994
2024-05-18,0.0,21.024994,79.07501
2024-05-18,0.0,21.024994,79.125
2024-05-18,0.0,21.024994,79.17499
2024-05-18,0.0,21.024994,79.225006
2024-05-18,0.0,21.074997,78.975006
2024-05-18,0.0,21.074997,79.024994
2024-05-18,0.0,21.074997,79.07501
2024-05-18,0.0,21.074997,79.125
2024-05-18,0.0,21.074997,79.17499
2024-05-18,0.0,21.074997,79.225006
2024-05-18,0.0,21.125,78.975006
2024-05-18,0.0,21.125,79.024994
2024-05-18,0.0,21.125,79.07501
2024-05-18,0.0,21.125,79.125
2024-05-18,0.0,21.125,79.17499
2024-05-18,0.0,21.125,79.225006
2024-05-18,0.0,21.174995,78.975006
2024-05-18,0.0,21.174995,79.024994
2024-05-18,0.0,21.174995,79.07501
2024-05-18,0.0,21.174995,79.125
2024-05-18,0.0,21.174995,79.17499
2024-05-18,0.0,21.174995,79.225006
2024-05-18,0.0,21.224998,78.975006
2024-05-18,0.0,21.224998,79.024994
2024-05-18,0.0,21.224998,79.07501
2024-05-18,0.0,21.224998,79.125
2024-05-18,0.0,21.224998,79.17499
2024-05-18,0.0,21.224998,79.225006
2024-05-19,0.0,21.024994,78.975006
2024-05-19,0.0,21.024994,79.024994
2024-05-19,0.0,21.024994,79.07501
2024-05-19,0.0,21.024994,79.125
2024-05-19,5.8019345e-06,21.024994,79.17499
2024-05-19,5.563679e-06,21.024994,79.225006
2024-05-19,6.1961323e-06,21.074997,78.975006
2024-05-19,0.0,21.074997,79.024994
2024-05-19,0.0,21.074997,79.07501
2024-05-19,0.0,21.074997,79.125
2024-05-19,0.0,21.074997,79.17499
2024-05-19,4.668993e-06,21.074997,79.225006
2024-05-19,0.0,21.125,78.975006
2024-05-19,0.0,21.125,79.024994
2024-05-19,0.0,21.125,79.07501
2024-05-19,0.0,21.125,79.125
2024-05-19,0.0,21.125,79.17499
2024-05-19,0.0,21.125,79.225006
2024-05-19,4.3796203e-06,21.174995,78.975006
2024-05-19,0.0,21.174995,79.024994
2024-05-19,0.0,21.174995,79.07501
2024-05-19,0.0,21.174995,79.125
2024-05-19,4.149283e-06,21.174995,79.17499
2024-05-19,3.569411e-06,21.174995,79.225006
2024-05-19,3.8110768e-06,21.224998,78.975006
2024-05-19,0.0,21.224998,79.024994
2024-05-19,0.0,21.224998,79.07501
2024-05-19,4.3416276e-06,21.224998,79.125
2024-05-19,0.0,21.224998,79.17499
2024-05-19,0.0,21.224998,79.225006
2024-05-20,0.0,21.024994,78.975006
2024-05-20,0.0,21.024994,79.024994
2024-05-20,0.0,21.024994,79.07501
2024-05-20,0.0,21.024994,79.125
2024-05-20,0.0,21.024994,79.17499
2024-05-20,0.0,21.024994,79.225006
2024-05-20,0.0,21.074997,78.975006
2024-05-20,0.0,21.074997,79.024994
2024-05-20,0.0,21.074997,79.07501
2024-05-20,0.0,21.074997,79.125
2024-05-20,0.0,21.074997,79.17499
2024-05-20,0.0,21.074997,79.225006
2024-05-20,0.0,21.125,78.975006
2024-05-20,0.0,21.125,79.024994
2024-05-20,0.0,21.125,79.07501
2024-05-20,0.0,21.125,79.125
2024-05-20,0.0,21.125,79.17499
2024-05-20,0.0,21.125,79.225006
2024-05-20,0.0,21.174995,78.975006
2024-05-20,0.0,21.174995,79.024994
2024-05-20,0.0,21.174995,79.07501
2024-05-20,0.0,21.174995,79.125
2024-05-20,0.0,21.174995,79.17499
2024-05-20,0.0,21.174995,79.225006
2024-05-20,0.0,21.224998,78.975006
2024-05-20,0.0,21.224998,79.024994
2024-05-20,0.0,21.224998,79.07501
2024-05-20,0.0,21.224998,79.125
2024-05-20,0.0,21.224998,79.17499
2024-05-20,0.0,21.224998,79.225006
2024-05-21,0.0,21.024994,78.975006
2024-05-21,0.0,21.024994,79.024994
2024-05-21,0.0,21.024994,79.07501
2024-05-21,0.0,21.024994,79.125
2024-05-21,0.0,21.024994,79.17499
2024-05-21,0.0,21.024994,79.225006
2024-05-21,0.0,21.074997,78.975006
2024-05-21,0.0,21.074997,79.024994
2024-05-21,0.0,21.074997,79.07501
2024-05-21,0.0,21.074997,79.125
2024-05-21,0.0,21.074997,79.17499
2024-05-21,0.0,21.074997,79.225006
2024-05-21,0.0,21.125,78.975006
2024-05-21,0.0,21.125,79.024994
2024-05-21,0.0,21.125,79.07501
2024-05-21,0.0,21.125,79.125
2024-05-21,0.0,21.125,79.17499
2024-05-21,0.0,21.125,79.225006
2024-05-21,0.0,21.174995,78.975006
2024-05-21,0.0,21.174995,79.024994
2024-05-21,0.0,21.174995,79.07501
2024-05-21,0.0,21.174995,79.125
2024-05-21,0.0,21.174995,79.17499
2024-05-21,0.0,21.174995,79.225006
2024-05-21,0.0,21.224998,78.975006
2024-05-21,0.0,21.224998,79.024994
2024-05-21,0.0,21.224998,79.07501
2024-05-21,0.0,21.224998,79.125
2024-05-21,0.0,21.224998,79.17499
2024-05-21,0.0,21.224998,79.225006
2024-05-22,7.395322,21.024994,78.975006
2024-05-22,7.7965965,21.024994,79.024994
2024-05-22,6.560516,21.024994,79.07501
2024-05-22,7.1394424,21.024994,79.125
2024-05-22,0.0,21.024994,79.17499
2024-05-22,0.0,21.024994,79.225006
2024-05-22,0.0,21.074997,78.975006
2024-05-22,6.4890428,21.074997,79.024994
2024-05-22,6.2124414,21.074997,79.07501
2024-05-22,5.660235,21.074997,79.125
2024-05-22,5.7062836,21.074997,79.17499
2024-05-22,0.0,21.074997,79.225006
2024-05-22,7.0574183,21.125,78.975006
2024-05-22,6.807059,21.125,79.024994
2024-05-22,4.8951087,21.125,79.07501
2024-05-22,5.6618457,21.125,79.125
2024-05-22,6.1159086,21.125,79.17499
2024-05-22,6.963416,21.125,79.225006
2024-05-22,0.0,21.174995,78.975006
2024-05-22,6.098341,21.174995,79.024994
2024-05-22,5.2225413,21.174995,79.07501
2024-05-22,5.776298,21.174995,79.125
2024-05-22,18.540007,21.174995,79.17499
2024-05-22,17.708212,21.174995,79.225006
2024-05-22,0.0,21.224998,78.975006
2024-05-22,5.9896836,21.224998,79.024994
2024-05-22,5.681961,21.224998,79.07501
2024-05-22,17.185833,21.224998,79.125
2024-05-22,7.2824264,21.224998,79.17499
2024-05-22,6.5695114,21.224998,79.225006
2024-05-23,0.0,21.024994,78.975006
2024-05-23,0.0,21.024994,79.024994
2024-05-23,0.0,21.024994,79.07501
2024-05-23,0.0,21.024994,79.125
2024-05-23,0.0,21.024994,79.17499
2024-05-23,0.0,21.024994,79.225006
2024-05-23,0.0,21.074997,78.975006
2024-05-23,0.0,21.074997,79.024994
2024-05-23,0.0,21.074997,79.07501
2024-05-23,0.0,21.074997,79.125
2024-05-23,0.0,21.074997,79.17499
2024-05-23,0.0,21.074997,79.225006
2024-05-23,0.0,21.125,78.975006
2024-05-23,0.0,21.125,79.024994
2024-05-23,0.0,21.125,79.07501
2024-05-23,0.0,21.125,79.125
2024-05-23,0.0,21.125,79.17499
2024-05-23,0.0,21.125,79.225006
2024-05-23,0.0,21.174995,78.975006
2024-05-23,0.0,21.174995,79.024994
2024-05-23,0.0,21.174995,79.07501
2024-05-23,0.0,21.174995,79.125
2024-05-23,0.0,21.174995,79.17499
2024-05-23,0.0,21.174995,79.225006
2024-05-23,0.0,21.224998,78.975006
2024-05-23,0.0,21.224998,79.024994
2024-05-23,0.0,21.224998,79.07501
2024-05-23,0.0,21.224998,79.125
2024-05-23,0.0,21.224998,79.17499
2024-05-23,0.0,21.224998,79.225006
2024-05-24,0.0,21.024994,78.975006
2024-05-24,0.0,21.024994,79.024994
2024-05-24,0.0,21.024994,79.07501
2024-05-24,0.0,21.024994,79.125
2024-05-24,0.0,21.024994,79.17499
2024-05-24,0.0,21.024994,79.225006
2024-05-24,0.0,21.074997,78.975006
2024-05-24,0.0,21.074997,79.024994
2024-05-24,0.0,21.074997,79.07501
2024-05-24,0.0,21.074997,79.125
2024-05-24,0.0,21.074997,79.17499
2024-05-24,0.0,21.074997,79.225006
2024-05-24,0.0,21.125,78.975006
2024-05-24,0.0,21.125,79.024994
2024-05-24,0.0,21.125,79.07501
2024-05-24,0.0,21.125,79.125
2024-05-24,0.0,21.125,79.17499
2024-05-24,0.0,21.125,79.225006
2024-05-24,0.0,21.174995,78.975006
2024-05-24,0.0,21.174995,79.024994
2024-05-24,0.0,21.174995,79.07501
2024-05-24,0.0,21.174995,79.125
2024-05-24,0.0,21.174995,79.17499
2024-05-24,0.0,21.174995,79.225006
2024-05-24,0.0,21.224998,78.975006
2024-05-24,0.0,21.224998,79.024994
2024-05-24,0.0,21.224998,79.07501
2024-05-24,0.0,21.224998,79.125
2024-05-24,0.0,21.224998,79.17499
2024-05-24,0.0,21.224998,79.225006
2024-05-25,0.0,21.024994,78.975006
2024-05-25,0.0,21.024994,79.024994
2024-05-25,0.0,21.024994,79.07501
2024-05-25,0.0,21.024994,79.125
2024-05-25,0.0,21.024994,79.17499
2024-05-25,0.0,21.024994,79.225006
2024-05-25,0.0,21.074997,78.975006
2024-05-25,0.0,21.074997,79.024994
2024-05-25,0.0,21.074997,79.07501
2024-05-25,0.0,21.074997,79.125
2024-05-25,0.0,21.074997,79.17499
2024-05-25,0.0,21.074997,79.225006
2024-05-25,0.0,21.125,78.975006
2024-05-25,0.0,21.125,79.024994
2024-05-25,0.0,21.125,79.07501
2024-05-25,0.0,21.125,79.125
2024-05-25,0.0,21.125,79.17499
2024-05-25,0.0,21.125,79.225006
2024-05-25,0.0,21.174995,78.975006
2024-05-25,0.0,21.174995,79.024994
2024-05-25,0.0,21.174995,79.07501
2024-05-25,0.0,21.174995,79.125
2024-05-25,0.0,21.174995,79.17499
2024-05-25,0.0,21.174995,79.225006
2024-05-25,0.0,21.224998,78.975006
2024-05-25,0.0,21.224998,79.024994
2024-05-25,0.0,21.224998,79.07501
2024-05-25,0.0,21.224998,79.125
2024-05-25,0.0,21.224998,79.17499
2024-05-25,0.0,21.224998,79.225006
2024-05-26,16.954418,21.024994,78.975006
2024-05-26,17.608088,21.024994,79.024994
2024-05-26,16.895237,21.024994,79.07501
2024-05-26,16.246023,21.024994,79.125
2024-05-26,19.78623,21.024994,79.17499
2024-05-26,19.677872,21.024994,79.225006
2024-05-26,19.85608,21.074997,78.975006
2024-05-26,15.915952,21.074997,79.024994
2024-05-26,15.440792,21.074997,79.07501
2024-05-26,14.677713,21.074997,79.125
2024-05-26,16.048874,21.074997,79.17499
2024-05-26,21.650608,21.074997,79.225006
2024-05-26,16.342077,21.125,78.975006
2024-05-26,15.0649805,21.125,79.024994
2024-05-26,15.40843,21.125,79.07501
2024-05-26,15.007735,21.125,79.125
2024-05-26,15.730023,21.125,79.17499
2024-05-26,15.860744,21.125,79.225006
2024-05-26,17.31677,21.174995,78.975006
2024-05-26,13.203149,21.174995,79.024994
2024-05-26,14.851808,21.174995,79.07501
2024-05-26,15.11237,21.174995,79.125
2024-05-26,0.0,21.174995,79.17499
2024-05-26,0.0,21.174995,79.225006
2024-05-26,17.195555,21.224998,78.975006
2024-05-26,14.078383,21.224998,79.024994
2024-05-26,13.648819,21.224998,79.07501
2024-05-26,0.0,21.224998,79.125
2024-05-26,15.007566,21.224998,79.17499
2024-05-26,13.975611,21.224998,79.225006
2024-05-27,0.0,21.024994,78.975006
2024-05-27,0.0,21.024994,79.024994
2024-05-27,0.0,21.024994,79.07501
2024-05-27,0.0,21.024994,79.125
2024-05-27,0.0,21.024994,79.17499
2024-05-27,0.0,21.024994,79.225006
2024-05-27,0.0,21.074997,78.975006
2024-05-27,0.0,21.074997,79.024994
2024-05-27,0.0,21.074997,79.07501
2024-05-27,0.0,21.074997,79.125
2024-05-27,0.0,21.074997,79.17499
2024-05-27,0.0,21.074997,79.225006
2024-05-27,0.0,21.125,78.975006
2024-05-27,0.0,21.125,79.024994
2024-05-27,0.0,21.125,79.07501
2024-05-27,0.0,21.125,79.125
2024-05-27,0.0,21.125,79.17499
2024-05-27,0.0,21.125,79.225006
2024-05-27,0.0,21.174995,78.975006
2024-05-27,0.0,21.174995,79.024994
2024-05-27,0.0,21.174995,79.07501
2024-05-27,0.0,21.174995,79.125
2024-05-27,0.0,21.174995,79.17499
2024-05-27,0.0,21.174995,79.225006
2024-05-27,0.0,21.224998,78.975006
2024-05-27,0.0,21.224998,79.024994
2024-05-27,0.0,21.224998,79.07501
2024-05-27,0.0,21.224998,79.125
2024-05-27,0.0,21.224998,79.17499
2024-05-27,0.0,21.224998,79.225006
2024-05-28,0.0,21.024994,78.975006
2024-05-28,0.0,21.024994,79.024994
2024-05-28,0.0,21.024994,79.07501
2024-05-28,0.0,21.024994,79.125
2024-05-28,0.0,21.024994,79.17499
2024-05-28,0.0,21.024994,79.225006
2024-05-28,0.0,21.074997,78.975006
2024-05-28,0.0,21.074997,79.024994
2024-05-28,0.0,21.074997,79.07501
2024-05-28,0.0,21.074997,79.125
2024-05-28,0.0,21.074997,79.17499
2024-05-28,0.0,21.074997,79.225006
2024-05-28,0.0,21.125,78.975006
2024-05-28,0.0,21.125,79.024994
2024-05-28,0.0,21.125,79.07501
2024-05-28,0.0,21.125,79.125
2024-05-28,0.0,21.125,79.17499
2024-05-28,0.0,21.125,79.225006
2024-05-28,0.0,21.174995,78.975006
2024-05-28,0.0,21.174995,79.024994
2024-05-28,0.0,21.174995,79.07501
2024-05-28,0.0,21.174995,79.125
2024-05-28,0.0,21.174995,79.17499
2024-05-28,0.0,21.174995,79.225006
2024-05-28,0.0,21.224998,78.975006
2024-05-28,0.0,21.224998,79.024994
2024-05-28,0.0,21.224998,79.07501
2024-05-28,0.0,21.224998,79.125
2024-05-28,0.0,21.224998,79.17499
2024-05-28,0.0,21.224998,79.225006
2024-05-29,0.0,21.024994,78.975006
2024-05-29,0.0,21.024994,79.024994
2024-05-29,0.0,21.024994,79.07501
2024-05-29,0.0,21.024994,79.125
2024-05-29,0.0,21.024994,79.17499
2024-05-29,0.0,21.024994,79.225006
2024-05-29,0.0,21.074997,78.975006
2024-05-29,0.0,21.074997,79.024994
2024-05-29,0.0,21.074997,79.07501
2024-05-29,0.0,21.074997,79.125
2024-05-29,0.0,21.074997,79.17499
2024-05-29,0.0,21.074997,79.225006
2024-05-29,0.0,21.125,78.975006
2024-05-29,0.0,21.125,79.024994
2024-05-29,0.0,21.125,79.07501
2024-05-29,0.0,21.125,79.125
2024-05-29,0.0,21.125,79.17499
2024-05-29,0.0,21.125,79.225006
2024-05-29,0.0,21.174995,78.975006
2024-05-29,0.0,21.174995,79.024994
2024-05-29,0.0,21.174995,79.07501
2024-05-29,0.0,21.174995,79.125
2024-05-29,0.0,21.174995,79.17499
2024-05-29,0.0,21.174995,79.225006
2024-05-29,0.0,21.224998,78.975006
2024-05-29,0.0,21.224998,79.024994
2024-05-29,0.0,21.224998,79.07501
2024-05-29,0.0,21.224998,79.125
2024-05-29,0.0,21.224998,79.17499
2024-05-29,0.0,21.224998,79.225006
2024-05-30,0.0,21.024994,78.975006
2024-05-30,0.0,21.024994,79.024994
2024-05-30,0.0,21.024994,79.07501
2024-05-30,0.0,21.024994,79.125
2024-05-30,0.0,21.024994,79.17499
2024-05-30,0.0,21.024994,79.225006
2024-05-30,0.0,21.074997,78.975006
2024-05-30,0.0,21.074997,79.024994
2024-05-30,0.0,21.074997,79.07501
2024-05-30,0.0,21.074997,79.125
2024-05-30,0.0,21.074997,79.17499
2024-05-30,0.0,21.074997,79.225006
2024-05-30,0.0,21.125,78.975006
2024-05-30,0.0,21.125,79.024994
2024-05-30,0.0,21.125,79.07501
2024-05-30,0.0,21.125,79.125
2024-05-30,0.0,21.125,79.17499
2024-05-30,0.0,21.125,79.225006
2024-05-30,0.0,21.174995,78.975006
2024-05-30,0.0,21.174995,79.024994
2024-05-30,0.0,21.174995,79.07501
2024-05-30,0.0,21.174995,79.125
2024-05-30,0.0,21.174995,79.17499
2024-05-30,0.0,21.174995,79.225006
2024-05-30,0.0,21.224998,78.975006
2024-05-30,0.0,21.224998,79.024994
2024-05-30,0.0,21.224998,79.07501
2024-05-30,0.0,21.224998,79.125
2024-05-30,0.0,21.224998,79.17499
2024-05-30,0.0,21.224998,79.225006
2024-05-31,0.0,21.024994,78.975006
2024-05-31,0.0,21.024994,79.024994
2024-05-31,0.0,21.024994,79.07501
2024-05-31,0.0,21.024994,79.125
2024-05-31,0.0,21.024994,79.17499
2024-05-31,0.0,21.024994,79.225006
2024-05-31,0.0,21.074997,78.975006
2024-05-31,0.0,21.074997,79.024994
2024-05-31,0.0,21.074997,79.07501
2024-05-31,0.0,21.074997,79.125
2024-05-31,0.0,21.074997,79.17499
2024-05-31,0.0,21.074997,79.225006
2024-05-31,0.0,21.125,78.975006
2024-05-31,0.0,21.125,79.024994
2024-05-31,0.0,21.125,79.07501
2024-05-31,0.0,21.125,79.125
2024-05-31,0.0,21.125,79.17499
2024-05-31,0.0,21.125,79.225006
2024-05-31,0.0,21.174995,78.975006
2024-05-31,0.0,21.174995,79.024994
2024-05-31,0.0,21.174995,79.07501
2024-05-31,0.0,21.174995,79.125
2024-05-31,0.0,21.174995,79.17499
2024-05-31,0.0,21.174995,79.225006
2024-05-31,0.0,21.224998,78.975006
2024-05-31,0.0,21.224998,79.024994
2024-05-31,0.0,21.224998,79.07501
2024-05-31,0.0,21.224998,79.125
2024-05-31,0.0,21.224998,79.17499
2024-05-31,0.0,21.224998,79.225006
2024-06-01,0.0,21.024994,78.975006
2024-06-01,0.0,21.024994,79.024994
2024-06-01,0.0,21.024994,79.07501
2024-06-01,0.0,21.024994,79.125
2024-06-01,0.0,21.024994,79.17499
2024-06-01,0.0,21.024994,79.225006
2024-06-01,0.0,21.074997,78.975006
2024-06-01,0.0,21.074997,79.024994
2024-06-01,0.0,21.074997,79.07501
2024-06-01,0.0,21.074997,79.125
2024-06-01,0.0,21.074997,79.17499
2024-06-01,0.0,21.074997,79.225006
2024-06-01,0.0,21.125,78.975006
2024-06-01,0.0,21.125,79.024994
2024-06-01,0.0,21.125,79.07501
2024-06-01,0.0,21.125,79.125
2024-06-01,0.0,21.125,79.17499
2024-06-01,0.0,21.125,79.225006
2024-06-01,0.0,21.174995,78.975006
2024-06-01,0.0,21.174995,79.024994
2024-06-01,0.0,21.174995,79.07501
2024-06-01,0.0,21.174995,79.125
2024-06-01,0.0,21.174995,79.17499
2024-06-01,0.0,21.174995,79.225006
2024-06-01,0.0,21.224998,78.975006
2024-06-01,0.0,21.224998,79.024994
2024-06-01,0.0,21.224998,79.07501
2024-06-01,0.0,21.224998,79.125
2024-06-01,0.0,21.224998,79.17499
2024-06-01,0.0,21.224998,79.225006
2024-06-02,0.0,21.024994,78.975006
2024-06-02,0.0,21.024994,79.024994
2024-06-02,0.0,21.024994,79.07501
2024-06-02,0.0,21.024994,79.125
2024-06-02,0.0,21.024994,79.17499
2024-06-02,0.0,21.024994,79.225006
2024-06-02,0.0,21.074997,78.975006
2024-06-02,0.0,21.074997,79.024994
2024-06-02,0.0,21.074997,79.07501
2024-06-02,0.0,21.074997,79.125
2024-06-02,0.0,21.074997,79.17499
2024-06-02,0.0,21.074997,79.225006
2024-06-02,0.0,21.125,78.975006
2024-06-02,0.0,21.125,79.024994
2024-06-02,0.0,21.125,79.07501
2024-06-02,0.0,21.125,79.125
2024-06-02,0.0,21.125,79.17499
2024-06-02,0.0,21.125,79.225006
2024-06-02,0.0,21.174995,78.975006
2024-06-02,0.0,21.174995,79.024994
2024-06-02,0.0,21.174995,79.07501
2024-06-02,0.0,21.174995,79.125
2024-06-02,0.0,21.174995,79.17499
2024-06-02,0.0,21.174995,79.225006
2024-06-02,0.0,21.224998,78.975006
2024-06-02,0.0,21.224998,79.024994
2024-06-02,0.0,21.224998,79.07501
2024-06-02,0.0,21.224998,79.125
2024-06-02,0.0,21.224998,79.17499
2024-06-02,0.0,21.224998,79.225006
2024-06-03,0.0,21.024994,78.975006
2024-06-03,0.0,21.024994,79.024994
2024-06-03,0.0,21.024994,79.07501
2024-06-03,0.0,21.024994,79.125
2024-06-03,0.0,21.024994,79.17499
2024-06-03,0.0,21.024994,79.225006
2024-06-03,0.0,21.074997,78.975006
2024-06-03,0.0,21.074997,79.024994
2024-06-03,0.0,21.074997,79.07501
2024-06-03,0.0,21.074997,79.125
2024-06-03,0.0,21.074997,79.17499
2024-06-03,0.0,21.074997,79.225006
2024-06-03,0.0,21.125,78.975006
2024-06-03,0.0,21.125,79.024994
2024-06-03,0.0,21.125,79.07501
2024-06-03,0.0,21.125,79.125
2024-06-03,0.0,21.125,79.17499
2024-06-03,0.0,21.125,79.225006
2024-06-03,0.0,21.174995,78.975006
2024-06-03,0.0,21.174995,79.024994
2024-06-03,0.0,21.174995,79.07501
2024-06-03,0.0,21.174995,79.125
2024-06-03,0.0,21.174995,79.17499
2024-06-03,0.0,21.174995,79.225006
2024-06-03,0.0,21.224998,78.975006
2024-06-03,0.0,21.224998,79.024994
2024-06-03,0.0,21.224998,79.07501
2024-06-03,0.0,21.224998,79.125
2024-06-03,0.0,21.224998,79.17499
2024-06-03,0.0,21.224998,79.225006
2024-06-04,0.0,21.024994,78.975006
2024-06-04,0.0,21.024994,79.024994
2024-06-04,0.0,21.024994,79.07501
2024-06-04,0.0,21.024994,79.125
2024-06-04,0.0,21.024994,79.17499
2024-06-04,0.0,21.024994,79.225006
2024-06-04,0.0,21.074997,78.975006
2024-06-04,0.0,21.074997,79.024994
2024-06-04,0.0,21.074997,79.07501
2024-06-04,0.0,21.074997,79.125
2024-06-04,0.0,21.074997,79.17499
2024-06-04,0.0,21.074997,79.225006
2024-06-04,0.0,21.125,78.975006
2024-06-04,0.0,21.125,79.024994
2024-06-04,0.0,21.125,79.07501
2024-06-04,0.0,21.125,79.125
2024-06-04,0.0,21.125,79.17499
2024-06-04,0.0,21.125,79.225006
2024-06-04,0.0,21.174995,78.975006
2024-06-04,0.0,21.174995,79.024994
2024-06-04,0.0,21.174995,79.07501
2024-06-04,0.0,21.174995,79.125
2024-06-04,0.0,21.174995,79.17499
2024-06-04,0.0,21.174995,79.225006
2024-06-04,0.0,21.224998,78.975006
2024-06-04,0.0,21.224998,79.024994
2024-06-04,0.0,21.224998,79.07501
2024-06-04,0.0,21.224998,79.125
2024-06-04,0.0,21.224998,79.17499
2024-06-04,0.0,21.224998,79.225006
2024-06-05,0.0,21.024994,78.975006
2024-06-05,0.0,21.024994,79.024994
2024-06-05,0.0,21.024994,79.07501
2024-06-05,0.0,21.024994,79.125
2024-06-05,0.0,21.024994,79.17499
2024-06-05,0.0,21.024994,79.225006
2024-06-05,0.0,21.074997,78.975006
2024-06-05,0.0,21.074997,79.024994
2024-06-05,0.0,21.074997,79.07501
2024-06-05,0.0,21.074997,79.125
2024-06-05,0.0,21.074997,79.17499
2024-06-05,0.0,21.074997,79.225006
2024-06-05,0.0,21.125,78.975006
2024-06-05,0.0,21.125,79.024994
2024-06-05,0.0,21.125,79.07501
2024-06-05,0.0,21.125,79.125
2024-06-05,0.0,21.125,79.17499
2024-06-05,0.0,21.125,79.225006
2024-06-05,0.0,21.174995,78.975006
2024-06-05,0.0,21.174995,79.024994
2024-06-05,0.0,21.174995,79.07501
2024-06-05,0.0,21.174995,79.125
2024-06-05,0.0,21.174995,79.17499
2024-06-05,0.0,21.174995,79.225006
2024-06-05,0.0,21.224998,78.975006
2024-06-05,0.0,21.224998,79.024994
2024-06-05,0.0,21.224998,79.07501
2024-06-05,0.0,21.224998,79.125
2024-06-05,0.0,21.224998,79.17499
2024-06-05,0.0,21.224998,79.225006
2024-06-06,6.505367,21.024994,78.975006
2024-06-06,10.517571,21.024994,79.024994
2024-06-06,11.592734,21.024994,79.07501
2024-06-06,11.692996,21.024994,79.125
2024-06-06,11.712588,21.024994,79.17499
2024-06-06,11.794531,21.024994,79.225006
2024-06-06,6.8789787,21.074997,78.975006
2024-06-06,9.462691,21.074997,79.024994
2024-06-06,10.255197,21.074997,79.07501
2024-06-06,11.311234,21.074997,79.125
2024-06-06,11.62498,21.074997,79.17499
2024-06-06,9.147777,21.074997,79.225006
2024-06-06,5.986629,21.125,78.975006
2024-06-06,5.630575,21.125,79.024994
2024-06-06,6.45296,21.125,79.07501
2024-06-06,8.8327055,21.125,79.125
2024-06-06,10.223999,21.125,79.17499
2024-06-06,9.046533,21.125,79.225006
2024-06-06,5.2811975,21.174995,78.975006
2024-06-06,6.1505256,21.174995,79.024994
2024-06-06,6.853183,21.174995,79.07501
2024-06-06,6.734932,21.174995,79.125
2024-06-06,7.971881,21.174995,79.17499
2024-06-06,7.6378465,21.174995,79.225006
2024-06-06,6.137438,21.224998,78.975006
2024-06-06,6.9055657,21.224998,79.024994
2024-06-06,0.0,21.224998,79.07501
2024-06-06,0.0,21.224998,79.125
2024-06-06,0.0,21.224998,79.17499
2024-06-06,0.0,21.224998,79.225006
2024-06-07,0.0,21.024994,78.975006
2024-06-07,0.0,21.024994,79.024994
2024-06-07,0.0,21.024994,79.07501
2024-06-07,0.0,21.024994,79.125
2024-06-07,0.0,21.024994,79.17499
2024-06-07,0.0,21.024994,79.225006
2024-06-07,0.0,21.074997,78.975006
2024-06-07,0.0,21.074997,79.024994
2024-06-07,0.0,21.074997,79.07501
2024-06-07,0.0,21.074997,79.125
2024-06-07,0.0,21.074997,79.17499
2024-06-07,0.0,21.074997,79.225006
2024-06-07,0.0,21.125,78.975006
2024-06-07,0.0,21.125,79.024994
2024-06-07,0.0,21.125,79.07501
2024-06-07,0.0,21.125,79.125
2024-06-07,0.0,21.125,79.17499
2024-06-07,0.0,21.125,79.225006
2024-06-07,0.0,21.174995,78.975006
2024-06-07,0.0,21.174995,79.024994
2024-06-07,0.0,21.174995,79.07501
2024-06-07,0.0,21.174995,79.125
2024-06-07,0.0,21.174995,79.17499
2024-06-07,0.0,21.174995,79.225006
2024-06-07,0.0,21.224998,78.975006
2024-06-07,0.0,21.224998,79.024994
2024-06-07,0.0,21.224998,79.07501
2024-06-07,0.0,21.224998,79.125
2024-06-07,0.0,21.224998,79.17499
2024-06-07,0.0,21.224998,79.225006
2024-06-08,0.0,21.024994,78.975006
2024-06-08,0.0,21.024994,79.024994
2024-06-08,0.0,21.024994,79.07501
2024-06-08,0.0,21.024994,79.125
2024-06-08,0.0,21.024994,79.17499
2024-06-08,0.0,21.024994,79.225006
2024-06-08,0.0,21.074997,78.975006
2024-06-08,0.0,21.074997,79.024994
2024-06-08,0.0,21.074997,79.07501
2024-06-08,0.0,21.074997,79.125
2024-06-08,0.0,21.074997,79.17499
2024-06-08,0.0,21.074997,79.225006
2024-06-08,0.0,21.125,78.975006
2024-06-08,0.0,21.125,79.024994
2024-06-08,0.0,21.125,79.07501
2024-06-08,0.0,21.125,79.125
2024-06-08,0.0,21.125,79.17499
2024-06-08,0.0,21.125,79.225006
2024-06-08,0.0,21.174995,78.975006
2024-06-08,0.0,21.174995,79.024994
2024-06-08,0.0,21.174995,79.07501
2024-06-08,0.0,21.174995,79.125
2024-06-08,0.0,21.174995,79.17499
2024-06-08,0.0,21.174995,79.225006
2024-06-08,0.0,21.224998,78.975006
2024-06-08,0.0,21.224998,79.024994
2024-06-08,0.0,21.224998,79.07501
2024-06-08,0.0,21.224998,79.125
2024-06-08,0.0,21.224998,79.17499
2024-06-08,0.0,21.224998,79.225006
2024-06-09,0.0,21.024994,78.975006
2024-06-09,0.0,21.024994,79.024994
2024-06-09,0.0,21.024994,79.07501
2024-06-09,0.0,21.024994,79.125
2024-06-09,0.0,21.024994,79.17499
2024-06-09,0.0,21.024994,79.225006
2024-06-09,0.0,21.074997,78.975006
2024-06-09,0.0,21.074997,79.024994
2024-06-09,0.0,21.074997,79.07501
2024-06-09,0.0,21.074997,79.125
2024-06-09,0.0,21.074997,79.17499
2024-06-09,0.0,21.074997,79.225006
2024-06-09,0.0,21.125,78.975006
2024-06-09,0.0,21.125,79.024994
2024-06-09,0.0,21.125,79.07501
2024-06-09,0.0,21.125,79.125
2024-06-09,0.0,21.125,79.17499
2024-06-09,0.0,21.125,79.225006
2024-06-09,0.0,21.174995,78.975006
2024-06-09,0.0,21.174995,79.024994
2024-06-09,0.0,21.174995,79.07501
2024-06-09,0.0,21.174995,79.125
2024-06-09,0.0,21.174995,79.17499
2024-06-09,0.0,21.174995,79.225006
2024-06-09,0.0,21.224998,78.975006
2024-06-09,0.0,21.224998,79.024994
2024-06-09,0.0,21.224998,79.07501
2024-06-09,0.0,21.224998,79.125
2024-06-09,0.0,21.224998,79.17499
2024-06-09,0.0,21.224998,79.225006
2024-06-10,0.0,21.024994,78.975006
2024-06-10,0.0,21.024994,79.024994
2024-06-10,0.0,21.024994,79.07501
2024-06-10,0.0,21.024994,79.125
2024-06-10,0.0,21.024994,79.17499
2024-06-10,0.0,21.024994,79.225006
2024-06-10,0.0,21.074997,78.975006
2024-06-10,0.0,21.074997,79.024994
2024-06-10,0.0,21.074997,79.07501
2024-06-10,0.0,21.074997,79.125
2024-06-10,0.0,21.074997,79.17499
2024-06-10,0.0,21.074997,79.225006
2024-06-10,0.0,21.125,78.975006
2024-06-10,0.0,21.125,79.024994
2024-06-10,0.0,21.125,79.07501
2024-06-10,0.0,21.125,79.125
2024-06-10,0.0,21.125,79.17499
2024-06-10,0.0,21.125,79.225006
2024-06-10,0.0,21.174995,78.975006
2024-06-10,0.0,21.174995,79.024994
2024-06-10,0.0,21.174995,79.07501
2024-06-10,0.0,21.174995,79.125
2024-06-10,0.0,21.174995,79.17499
2024-06-10,0.0,21.174995,79.225006
2024-06-10,0.0,21.224998,78.975006
2024-06-10,0.0,21.224998,79.024994
2024-06-10,0.0,21.224998,79.07501
2024-06-10,0.0,21.224998,79.125
2024-06-10,0.0,21.224998,79.17499
2024-06-10,0.0,21.224998,79.225006
2024-06-11,2.9675262,21.024994,78.975006
2024-06-11,2.5022867,21.024994,79.024994
2024-06-11,2.5177736,21.024994,79.07501
2024-06-11,2.7980494,21.024994,79.125
2024-06-11,3.2451625,21.024994,79.17499
2024-06-11,3.506333,21.024994,79.225006
2024-06-11,2.7542732,21.074997,78.975006
2024-06-11,2.9685428,21.074997,79.024994
2024-06-11,2.5104094,21.074997,79.07501
2024-06-11,2.7319252,21.074997,79.125
2024-06-11,3.2470388,21.074997,79.17499
2024-06-11,3.7491,21.074997,79.225006
2024-06-11,2.2273328,21.125,78.975006
2024-06-11,2.5608637,21.125,79.024994
2024-06-11,2.8844352,21.125,79.07501
2024-06-11,2.9092643,21.125,79.125
2024-06-11,3.2197783,21.125,79.17499
2024-06-11,3.5127714,21.125,79.225006
2024-06-11,2.4653137,21.174995,78.975006
2024-06-11,3.2592285,21.174995,79.024994
2024-06-11,2.9017653,21.174995,79.07501
2024-06-11,2.9554198,21.174995,79.125
2024-06-11,3.023169,21.174995,79.17499
2024-06-11,2.9646037,21.174995,79.225006
2024-06-11,2.795575,21.224998,78.975006
2024-06-11,3.1342268,21.224998,79.024994
2024-06-11,3.6203563,21.224998,79.07501
2024-06-11,3.6127799,21.224998,79.125
2024-06-11,3.4056685,21.224998,79.17499
2024-06-11,3.805091,21.224998,79.225006
2024-06-12,1.6533097,21.024994,78.975006
2024-06-12,1.2599554,21.024994,79.024994
2024-06-12,1.1426753,21.024994,79.07501
2024-06-12,1.1443293,21.024994,79.125
2024-06-12,1.1995059,21.024994,79.17499
2024-06-12,1.1799206,21.024994,79.225006
2024-06-12,1.4843979,21.074997,78.975006
2024-06-12,1.4701952,21.074997,79.024994
2024-06-12,1.1397734,21.074997,79.07501
2024-06-12,1.1366038,21.074997,79.125
2024-06-12,1.240555,21.074997,79.17499
2024-06-12,1.3226215,21.074997,79.225006
2024-06-12,1.174701,21.125,78.975006
2024-06-12,1.2586969,21.125,79.024994
2024-06-12,1.3182627,21.125,79.07501
2024-06-12,1.2354559,21.125,79.125
2024-06-12,1.2721044,21.125,79.17499
2024-06-12,1.2962397,21.125,79.225006
2024-06-12,1.2613469,21.174995,78.975006
2024-06-12,1.5724518,21.174995,79.024994
2024-06-12,1.3174659,21.174995,79.07501
2024-06-12,1.2616544,21.174995,79.125
2024-06-12,1.2142137,21.174995,79.17499
2024-06-12,1.1231159,21.174995,79.225006
2024-06-12,1.3439134,21.224998,78.975006
2024-06-12,1.436063,21.224998,79.024994
2024-06-12,1.5785663,21.224998,79.07501
2024-06-12,1.4979582,21.224998,79.125
2024-06-12,1.3431021,21.224998,79.17499
2024-06-12,1.42948,21.224998,79.225006
2024-06-13,3.002566,21.024994,78.975006
2024-06-13,2.2263098,21.024994,79.024994
2024-06-13,1.9535708,21.024994,79.07501
2024-06-13,1.8809313,21.024994,79.125
2024-06-13,1.8825843,21.024994,79.17499
2024-06-13,1.7566997,21.024994,79.225006
2024-06-13,2.475996,21.074997,78.975006
2024-06-13,2.3581035,21.074997,79.024994
2024-06-13,1.7460929,21.074997,79.07501
2024-06-13,1.6510882,21.074997,79.125
2024-06-13,1.6965245,21.074997,79.17499
2024-06-13,1.6928884,21.074997,79.225006
2024-06-13,1.781529,21.125,78.975006
2024-06-13,1.8167386,21.125,79.024994
2024-06-13,1.796996,21.125,79.07501
2024-06-13,1.5779654,21.125,79.125
2024-06-13,1.5110898,21.125,79.17499
2024-06-13,1.4245743,21.125,79.225006
2024-06-13,1.7729229,21.174995,78.975006
2024-06-13,2.0818706,21.174995,79.024994
2024-06-13,1.6288302,21.174995,79.07501
2024-06-13,1.4439375,21.174995,79.125
2024-06-13,1.2763857,21.174995,79.17499
2024-06-13,1.07918,21.174995,79.225006
2024-06-13,1.8445971,21.224998,78.975006
2024-06-13,1.8333753,21.224998,79.024994
2024-06-13,1.8559128,21.224998,79.07501
2024-06-13,1.6060034,21.224998,79.125
2024-06-13,1.3020167,21.224998,79.17499
2024-06-13,1.2470963,21.224998,79.225006
2024-06-14,1.4872845,21.024994,78.975006
2024-06-14,1.2662607,21.024994,79.024994
2024-06-14,1.2843817,21.024994,79.07501
2024-06-14,1.4373167,21.024994,79.125
2024-06-14,1.6775731,21.024994,79.17499
2024-06-14,1.8236974,21.024994,79.225006
2024-06-14,1.2500407,21.074997,78.975006
2024-06-14,1.3713249,21.074997,79.024994
2024-06-14,1.1783125,21.074997,79.07501
2024-06-14,1.3009021,21.074997,79.125
2024-06-14,1.5666082,21.074997,79.17499
2024-06-14,1.8306928,21.074997,79.225006
2024-06-14,0.9227823,21.125,78.975006
2024-06-14,1.0869827,21.125,79.024994
2024-06-14,1.2522153,21.125,79.07501
2024-06-14,1.2895035,21.125,79.125
2024-06-14,1.4544994,21.125,79.17499
2024-06-14,1.6143204,21.125,79.225006
2024-06-14,0.9503489,21.174995,78.975006
2024-06-14,1.2920833,21.174995,79.024994
2024-06-14,1.1812699,21.174995,79.07501
2024-06-14,1.2332485,21.174995,79.125
2024-06-14,1.2905487,21.174995,79.17499
2024-06-14,1.2917825,21.174995,79.225006
2024-06-14,1.0342246,21.224998,78.975006
2024-06-14,1.1922593,21.224998,79.024994
2024-06-14,1.4143116,21.224998,79.07501
2024-06-14,1.4471192,21.224998,79.125
2024-06-14,1.3961271,21.224998,79.17499
2024-06-14,1.5929594,21.224998,79.225006
2024-06-15,11.403136,21.024994,78.975006
2024-06-15,9.484295,21.024994,79.024994
2024-06-15,9.411375,21.024994,79.07501
2024-06-15,10.3126335,21.024994,79.125
2024-06-15,11.78961,21.024994,79.17499
2024-06-15,12.551336,21.024994,79.225006
2024-06-15,9.335789,21.074997,78.975006
2024-06-15,10.002257,21.074997,79.024994
2024-06-15,8.404326,21.074997,79.07501
2024-06-15,9.081506,21.074997,79.125
2024-06-15,10.709299,21.074997,79.17499
2024-06-15,12.256356,21.074997,79.225006
2024-06-15,6.7001934,21.125,78.975006
2024-06-15,7.708962,21.125,79.024994
2024-06-15,8.683673,21.125,79.07501
2024-06-15,8.751399,21.125,79.125
2024-06-15,9.666801,21.125,79.17499
2024-06-15,10.511583,21.125,79.225006
2024-06-15,6.7011414,21.174995,78.975006
2024-06-15,8.906173,21.174995,79.024994
2024-06-15,7.9664016,21.174995,79.07501
2024-06-15,8.143993,21.174995,79.125
2024-06-15,8.351535,21.174995,79.17499
2024-06-15,8.197677,21.174995,79.225006
2024-06-15,7.0853434,21.224998,78.975006
2024-06-15,7.9989576,21.224998,79.024994
2024-06-15,9.299003,21.224998,79.07501
2024-06-15,9.331655,21.224998,79.125
2024-06-15,8.836583,21.224998,79.17499
2024-06-15,9.904266,21.224998,79.225006
2024-06-16,0.0,21.024994,78.975006
2024-06-16,0.0,21.024994,79.024994
2024-06-16,0.0,21.024994,79.07501
2024-06-16,0.0,21.024994,79.125
2024-06-16,0.0,21.024994,79.17499
2024-06-16,0.0,21.024994,79.225006
2024-06-16,0.0,21.074997,78.975006
2024-06-16,0.0,21.074997,79.024994
2024-06-16,0.0,21.074997,79.07501
2024-06-16,0.0,21.074997,79.125
2024-06-16,0.0,21.074997,79.17499
2024-06-16,0.0,21.074997,79.225006
2024-06-16,0.0,21.125,78.975006
2024-06-16,0.0,21.125,79.024994
2024-06-16,0.0,21.125,79.07501
2024-06-16,0.0,21.125,79.125
2024-06-16,0.0,21.125,79.17499
2024-06-16,0.0,21.125,79.225006
2024-06-16,0.0,21.174995,78.975006
2024-06-16,0.0,21.174995,79.024994
2024-06-16,0.0,21.174995,79.07501
2024-06-16,0.0,21.174995,79.125
2024-06-16,0.0,21.174995,79.17499
2024-06-16,0.0,21.174995,79.225006
2024-06-16,4.3893065,21.224998,78.975006
2024-06-16,4.039215,21.224998,79.024994
2024-06-16,3.7159967,21.224998,79.07501
2024-06-16,0.0,21.224998,79.125
2024-06-16,0.0,21.224998,79.17499
2024-06-16,0.0,21.224998,79.225006
2024-06-17,4.5246053,21.024994,78.975006
2024-06-17,4.469926,21.024994,79.024994
2024-06-17,4.098474,21.024994,79.07501
2024-06-17,4.792177,21.024994,79.125
2024-06-17,3.7897353,21.024994,79.17499
2024-06-17,3.805771,21.024994,79.225006
2024-06-17,4.4688263,21.074997,78.975006
2024-06-17,4.1791124,21.074997,79.024994
2024-06-17,3.755304,21.074997,79.07501
2024-06-17,4.086683,21.074997,79.125
2024-06-17,3.7361088,21.074997,79.17499
2024-06-17,3.7017236,21.074997,79.225006
2024-06-17,3.694762,21.125,78.975006
2024-06-17,4.2702594,21.125,79.024994
2024-06-17,4.2199416,21.125,79.07501
2024-06-17,3.9274602,21.125,79.125
2024-06-17,3.7984874,21.125,79.17499
2024-06-17,3.9417205,21.125,79.225006
2024-06-17,3.8045645,21.174995,78.975006
2024-06-17,4.3369017,21.174995,79.024994
2024-06-17,4.1287875,21.174995,79.07501
2024-06-17,4.016827,21.174995,79.125
2024-06-17,4.055477,21.174995,79.17499
2024-06-17,3.978175,21.174995,79.225006
2024-06-17,4.3893065,21.224998,78.975006
2024-06-17,4.039215,21.224998,79.024994
2024-06-17,3.7159967,21.224998,79.07501
2024-06-17,4.2276773,21.224998,79.125
2024-06-17,4.3861747,21.224998,79.17499
2024-06-17,4.773595,21.224998,79.225006
2024-06-18,13.573816,21.024994,78.975006
2024-06-18,13.40978,21.024994,79.024994
2024-06-18,12.295423,21.024994,79.07501
2024-06-18,14.376533,21.024994,79.125
2024-06-18,11.369205,21.024994,79.17499
2024-06-18,11.417314,21.024994,79.225006
2024-06-18,13.40648,21.074997,78.975006
2024-06-18,12.537337,21.074997,79.024994
2024-06-18,11.265912,21.074997,79.07501
2024-06-18,12.260048,21.074997,79.125
2024-06-18,11.208326,21.074997,79.17499
2024-06-18,11.105171,21.074997,79.225006
2024-06-18,11.084286,21.125,78.975006
2024-06-18,12.810779,21.125,79.024994
2024-06-18,12.659824,21.125,79.07501
2024-06-18,11.78238,21.125,79.125
2024-06-18,11.395462,21.125,79.17499
2024-06-18,11.825161,21.125,79.225006
2024-06-18,11.413693,21.174995,78.975006
2024-06-18,13.010705,21.174995,79.024994
2024-06-18,12.386362,21.174995,79.07501
2024-06-18,12.050481,21.174995,79.125
2024-06-18,12.166431,21.174995,79.17499
2024-06-18,11.934525,21.174995,79.225006
2024-06-18,13.167919,21.224998,78.975006
2024-06-18,12.117644,21.224998,79.024994
2024-06-18,11.14799,21.224998,79.07501
2024-06-18,12.683033,21.224998,79.125
2024-06-18,13.1585245,21.224998,79.17499
2024-06-18,9.54719,21.224998,79.225006
2024-06-19,4.5246053,21.024994,78.975006
2024-06-19,4.469926,21.024994,79.024994
2024-06-19,4.098474,21.024994,79.07501
2024-06-19,4.792177,21.024994,79.125
2024-06-19,7.5794706,21.024994,79.17499
2024-06-19,11.417314,21.024994,79.225006
2024-06-19,4.4688263,21.074997,78.975006
2024-06-19,8.358225,21.074997,79.024994
2024-06-19,7.510608,21.074997,79.07501
2024-06-19,8.173366,21.074997,79.125
2024-06-19,11.208326,21.074997,79.17499
2024-06-19,11.105171,21.074997,79.225006
2024-06-19,7.389524,21.125,78.975006
2024-06-19,8.540519,21.125,79.024994
2024-06-19,8.439883,21.125,79.07501
2024-06-19,7.8549204,21.125,79.125
2024-06-19,11.395462,21.125,79.17499
2024-06-19,11.825161,21.125,79.225006
2024-06-19,7.609129,21.174995,78.975006
2024-06-19,8.673803,21.174995,79.024994
2024-06-19,8.257575,21.174995,79.07501
2024-06-19,8.033654,21.174995,79.125
2024-06-19,12.166431,21.174995,79.17499
2024-06-19,11.934525,21.174995,79.225006
2024-06-19,8.778613,21.224998,78.975006
2024-06-19,8.07843,21.224998,79.024994
2024-06-19,11.14799,21.224998,79.07501
2024-06-19,12.683033,21.224998,79.125
2024-06-19,13.1585245,21.224998,79.17499
2024-06-19,14.320785,21.224998,79.225006
2024-06-20,9.049211,21.024994,78.975006
2024-06-20,8.939852,21.024994,79.024994
2024-06-20,8.196948,21.024994,79.07501
2024-06-20,4.792177,21.024994,79.125
2024-06-20,7.5794706,21.024994,79.17499
2024-06-20,3.805771,21.024994,79.225006
2024-06-20,8.937653,21.074997,78.975006
2024-06-20,4.1791124,21.074997,79.024994
2024-06-20,3.755304,21.074997,79.07501
2024-06-20,4.086683,21.074997,79.125
2024-06-20,3.7361088,21.074997,79.17499
2024-06-20,3.7017236,21.074997,79.225006
2024-06-20,7.389524,21.125,78.975006
2024-06-20,4.2702594,21.125,79.024994
2024-06-20,4.2199416,21.125,79.07501
2024-06-20,3.9274602,21.125,79.125
2024-06-20,3.7984874,21.125,79.17499
2024-06-20,3.9417205,21.125,79.225006
2024-06-20,7.609129,21.174995,78.975006
2024-06-20,4.3369017,21.174995,79.024994
2024-06-20,4.1287875,21.174995,79.07501
2024-06-20,4.016827,21.174995,79.125
2024-06-20,4.055477,21.174995,79.17499
2024-06-20,3.978175,21.174995,79.225006
2024-06-20,4.3893065,21.224998,78.975006
2024-06-20,4.039215,21.224998,79.024994
2024-06-20,3.7159967,21.224998,79.07501
2024-06-20,4.2276773,21.224998,79.125
2024-06-20,4.3861747,21.224998,79.17499
2024-06-20,4.773595,21.224998,79.225006
2024-06-21,21.630354,21.024994,78.975006
2024-06-21,14.1498575,21.024994,79.024994
2024-06-21,15.474103,21.024994,79.07501
2024-06-21,16.66323,21.024994,79.125
2024-06-21,18.383566,21.024994,79.17499
2024-06-21,24.55229,21.024994,79.225006
2024-06-21,21.721619,21.074997,78.975006
2024-06-21,22.186155,21.074997,79.024994
2024-06-21,16.198895,21.074997,79.07501
2024-06-21,17.092678,21.074997,79.125
2024-06-21,22.979326,21.074997,79.17499
2024-06-21,23.25574,21.074997,79.225006
2024-06-21,26.582989,21.125,78.975006
2024-06-21,17.373554,21.125,79.024994
2024-06-21,16.26384,21.125,79.07501
2024-06-21,16.901196,21.125,79.125
2024-06-21,13.690105,21.125,79.17499
2024-06-21,18.818083,21.125,79.225006
2024-06-21,28.7486,21.174995,78.975006
2024-06-21,27.734531,21.174995,79.024994
2024-06-21,18.451502,21.174995,79.07501
2024-06-21,13.463061,21.174995,79.125
2024-06-21,12.540491,21.174995,79.17499
2024-06-21,12.282545,21.174995,79.225006
2024-06-21,34.31547,21.224998,78.975006
2024-06-21,18.358465,21.224998,79.024994
2024-06-21,18.615196,21.224998,79.07501
2024-06-21,16.497307,21.224998,79.125
2024-06-21,14.842587,21.224998,79.17499
2024-06-21,13.8435755,21.224998,79.225006
2024-06-22,0.0,21.024994,78.975006
2024-06-22,7.0749288,21.024994,79.024994
2024-06-22,7.7370515,21.024994,79.07501
2024-06-22,5.5544105,21.024994,79.125
2024-06-22,6.1278553,21.024994,79.17499
2024-06-22,0.0,21.024994,79.225006
2024-06-22,0.0,21.074997,78.975006
2024-06-22,0.0,21.074997,79.024994
2024-06-22,5.3996315,21.074997,79.07501
2024-06-22,5.6975594,21.074997,79.125
2024-06-22,0.0,21.074997,79.17499
2024-06-22,0.0,21.074997,79.225006
2024-06-22,0.0,21.125,78.975006
2024-06-22,0.0,21.125,79.024994
2024-06-22,0.0,21.125,79.07501
2024-06-22,0.0,21.125,79.125
2024-06-22,0.0,21.125,79.17499
2024-06-22,0.0,21.125,79.225006
2024-06-22,0.0,21.174995,78.975006
2024-06-22,0.0,21.174995,79.024994
2024-06-22,0.0,21.174995,79.07501
2024-06-22,0.0,21.174995,79.125
2024-06-22,0.0,21.174995,79.17499
2024-06-22,0.0,21.174995,79.225006
2024-06-22,0.0,21.224998,78.975006
2024-06-22,0.0,21.224998,79.024994
2024-06-22,0.0,21.224998,79.07501
2024-06-22,0.0,21.224998,79.125
2024-06-22,0.0,21.224998,79.17499
2024-06-22,0.0,21.224998,79.225006
2024-06-23,0.0,21.024994,78.975006
2024-06-23,0.0,21.024994,79.024994
2024-06-23,0.0,21.024994,79.07501
2024-06-23,0.0,21.024994,79.125
2024-06-23,0.0,21.024994,79.17499
2024-06-23,0.0,21.024994,79.225006
2024-06-23,0.0,21.074997,78.975006
2024-06-23,0.0,21.074997,79.024994
2024-06-23,0.0,21.074997,79.07501
2024-06-23,0.0,21.074997,79.125
2024-06-23,0.0,21.074997,79.17499
2024-06-23,0.0,21.074997,79.225006
2024-06-23,0.0,21.125,78.975006
2024-06-23,5.791185,21.125,79.024994
2024-06-23,5.42128,21.125,79.07501
2024-06-23,5.6337323,21.125,79.125
2024-06-23,4.5633683,21.125,79.17499
2024-06-23,6.272694,21.125,79.225006
2024-06-23,0.0,21.174995,78.975006
2024-06-23,0.0,21.174995,79.024994
2024-06-23,6.1505003,21.174995,79.07501
2024-06-23,13.463061,21.174995,79.125
2024-06-23,8.360328,21.174995,79.17499
2024-06-23,8.188363,21.174995,79.225006
2024-06-23,0.0,21.224998,78.975006
2024-06-23,12.238978,21.224998,79.024994
2024-06-23,12.410131,21.224998,79.07501
2024-06-23,16.497307,21.224998,79.125
2024-06-23,14.842587,21.224998,79.17499
2024-06-23,13.8435755,21.224998,79.225006
2024-06-24,0.0,21.024994,78.975006
2024-06-24,0.0,21.024994,79.024994
2024-06-24,0.0,21.024994,79.07501
2024-06-24,0.0,21.024994,79.125
2024-06-24,0.0,21.024994,79.17499
2024-06-24,0.0,21.024994,79.225006
2024-06-24,0.0,21.074997,78.975006
2024-06-24,0.0,21.074997,79.024994
2024-06-24,0.0,21.074997,79.07501
2024-06-24,0.0,21.074997,79.125
2024-06-24,0.0,21.074997,79.17499
2024-06-24,0.0,21.074997,79.225006
2024-06-24,0.0,21.125,78.975006
2024-06-24,0.0,21.125,79.024994
2024-06-24,0.0,21.125,79.07501
2024-06-24,0.0,21.125,79.125
2024-06-24,4.5633683,21.125,79.17499
2024-06-24,0.0,21.125,79.225006
2024-06-24,0.0,21.174995,78.975006
2024-06-24,0.0,21.174995,79.024994
2024-06-24,0.0,21.174995,79.07501
2024-06-24,0.0,21.174995,79.125
2024-06-24,4.180164,21.174995,79.17499
2024-06-24,4.0941815,21.174995,79.225006
2024-06-24,0.0,21.224998,78.975006
2024-06-24,0.0,21.224998,79.024994
2024-06-24,0.0,21.224998,79.07501
2024-06-24,0.0,21.224998,79.125
2024-06-24,0.0,21.224998,79.17499
2024-06-24,0.0,21.224998,79.225006
2024-06-25,0.0,21.024994,78.975006
2024-06-25,0.0,21.024994,79.024994
2024-06-25,0.0,21.024994,79.07501
2024-06-25,0.0,21.024994,79.125
2024-06-25,0.0,21.024994,79.17499
2024-06-25,0.0,21.024994,79.225006
2024-06-25,0.0,21.074997,78.975006
2024-06-25,0.0,21.074997,79.024994
2024-06-25,0.0,21.074997,79.07501
2024-06-25,0.0,21.074997,79.125
2024-06-25,0.0,21.074997,79.17499
2024-06-25,0.0,21.074997,79.225006
2024-06-25,0.0,21.125,78.975006
2024-06-25,0.0,21.125,79.024994
2024-06-25,0.0,21.125,79.07501
2024-06-25,0.0,21.125,79.125
2024-06-25,0.0,21.125,79.17499
2024-06-25,0.0,21.125,79.225006
2024-06-25,0.0,21.174995,78.975006
2024-06-25,0.0,21.174995,79.024994
2024-06-25,0.0,21.174995,79.07501
2024-06-25,0.0,21.174995,79.125
2024-06-25,0.0,21.174995,79.17499
2024-06-25,0.0,21.174995,79.225006
2024-06-25,0.0,21.224998,78.975006
2024-06-25,0.0,21.224998,79.024994
2024-06-25,0.0,21.224998,79.07501
2024-06-25,0.0,21.224998,79.125
2024-06-25,0.0,21.224998,79.17499
2024-06-25,0.0,21.224998,79.225006
2024-06-26,6.236606,21.024994,78.975006
2024-06-26,5.790635,21.024994,79.024994
2024-06-26,5.292176,21.024994,79.07501
2024-06-26,5.4068813,21.024994,79.125
2024-06-26,5.0227666,21.024994,79.17499
2024-06-26,5.0285172,21.024994,79.225006
2024-06-26,7.020256,21.074997,78.975006
2024-06-26,5.8849792,21.074997,79.024994
2024-06-26,5.8293858,21.074997,79.07501
2024-06-26,5.3316975,21.074997,79.125
2024-06-26,5.4539313,21.074997,79.17499
2024-06-26,4.808748,21.074997,79.225006
2024-06-26,6.9054933,21.125,78.975006
2024-06-26,6.663475,21.125,79.024994
2024-06-26,6.6818485,21.125,79.07501
2024-06-26,6.337973,21.125,79.125
2024-06-26,6.3694286,21.125,79.17499
2024-06-26,6.865204,21.125,79.225006
2024-06-26,6.906656,21.174995,78.975006
2024-06-26,6.6580305,21.174995,79.024994
2024-06-26,5.9366956,21.174995,79.07501
2024-06-26,6.8724246,21.174995,79.125
2024-06-26,7.71801,21.174995,79.17499
2024-06-26,6.9449964,21.174995,79.225006
2024-06-26,7.150282,21.224998,78.975006
2024-06-26,7.9164248,21.224998,79.024994
2024-06-26,7.1445932,21.224998,79.07501
2024-06-26,7.53659,21.224998,79.125
2024-06-26,7.5834856,21.224998,79.17499
2024-06-26,6.8203435,21.224998,79.225006
2024-06-27,18.70982,21.024994,78.975006
2024-06-27,17.371906,21.024994,79.024994
2024-06-27,15.876527,21.024994,79.07501
2024-06-27,16.220644,21.024994,79.125
2024-06-27,15.068299,21.024994,79.17499
2024-06-27,15.085551,21.024994,79.225006
2024-06-27,21.06077,21.074997,78.975006
2024-06-27,17.654938,21.074997,79.024994
2024-06-27,17.488157,21.074997,79.07501
2024-06-27,15.995092,21.074997,79.125
2024-06-27,16.361794,21.074997,79.17499
2024-06-27,14.426242,21.074997,79.225006
2024-06-27,20.716478,21.125,78.975006
2024-06-27,19.990425,21.125,79.024994
2024-06-27,20.045546,21.125,79.07501
2024-06-27,19.013918,21.125,79.125
2024-06-27,19.108286,21.125,79.17499
2024-06-27,20.595612,21.125,79.225006
2024-06-27,20.719969,21.174995,78.975006
2024-06-27,19.974092,21.174995,79.024994
2024-06-27,17.810085,21.174995,79.07501
2024-06-27,20.617273,21.174995,79.125
2024-06-27,23.154028,21.174995,79.17499
2024-06-27,20.83499,21.174995,79.225006
2024-06-27,21.450846,21.224998,78.975006
2024-06-27,23.749273,21.224998,79.024994
2024-06-27,21.433779,21.224998,79.07501
2024-06-27,22.60977,21.224998,79.125
2024-06-27,22.750456,21.224998,79.17499
2024-06-27,20.461031,21.224998,79.225006
2024-06-28,37.41964,21.024994,78.975006
2024-06-28,34.743813,21.024994,79.024994
2024-06-28,31.753054,21.024994,79.07501
2024-06-28,32.441288,21.024994,79.125
2024-06-28,30.136599,21.024994,79.17499
2024-06-28,30.171103,21.024994,79.225006
2024-06-28,35.10128,21.074997,78.975006
2024-06-28,29.424896,21.074997,79.024994
2024-06-28,29.146929,21.074997,79.07501
2024-06-28,26.658485,21.074997,79.125
2024-06-28,27.269655,21.074997,79.17499
2024-06-28,28.852484,21.074997,79.225006
2024-06-28,27.621973,21.125,78.975006
2024-06-28,26.6539,21.125,79.024994
2024-06-28,26.727394,21.125,79.07501
2024-06-28,25.351892,21.125,79.125
2024-06-28,25.477715,21.125,79.17499
2024-06-28,27.460815,21.125,79.225006
2024-06-28,27.626623,21.174995,78.975006
2024-06-28,19.974092,21.174995,79.024994
2024-06-28,23.746782,21.174995,79.07501
2024-06-28,27.489698,21.174995,79.125
2024-06-28,23.154028,21.174995,79.17499
2024-06-28,27.779985,21.174995,79.225006
2024-06-28,28.601128,21.224998,78.975006
2024-06-28,15.8328495,21.224998,79.024994
2024-06-28,21.433779,21.224998,79.07501
2024-06-28,22.60977,21.224998,79.125
2024-06-28,22.750456,21.224998,79.17499
2024-06-28,27.281374,21.224998,79.225006
2024-06-29,18.70982,21.024994,78.975006
2024-06-29,17.371906,21.024994,79.024994
2024-06-29,15.876527,21.024994,79.07501
2024-06-29,16.220644,21.024994,79.125
2024-06-29,15.068299,21.024994,79.17499
2024-06-29,15.085551,21.024994,79.225006
2024-06-29,14.040512,21.074997,78.975006
2024-06-29,17.654938,21.074997,79.024994
2024-06-29,17.488157,21.074997,79.07501
2024-06-29,15.995092,21.074997,79.125
2024-06-29,16.361794,21.074997,79.17499
2024-06-29,14.426242,21.074997,79.225006
2024-06-29,20.716478,21.125,78.975006
2024-06-29,19.990425,21.125,79.024994
2024-06-29,20.045546,21.125,79.07501
2024-06-29,19.013918,21.125,79.125
2024-06-29,19.108286,21.125,79.17499
2024-06-29,20.595612,21.125,79.225006
2024-06-29,20.719969,21.174995,78.975006
2024-06-29,19.974092,21.174995,79.024994
2024-06-29,17.810085,21.174995,79.07501
2024-06-29,20.617273,21.174995,79.125
2024-06-29,23.154028,21.174995,79.17499
2024-06-29,20.83499,21.174995,79.225006
2024-06-29,14.300564,21.224998,78.975006
2024-06-29,23.749273,21.224998,79.024994
2024-06-29,21.433779,21.224998,79.07501
2024-06-29,22.60977,21.224998,79.125
2024-06-29,22.750456,21.224998,79.17499
2024-06-29,20.461031,21.224998,79.225006
2024-06-30,6.236606,21.024994,78.975006
2024-06-30,5.790635,21.024994,79.024994
2024-06-30,10.584352,21.024994,79.07501
2024-06-30,10.813763,21.024994,79.125
2024-06-30,15.068299,21.024994,79.17499
2024-06-30,15.085551,21.024994,79.225006
2024-06-30,14.040512,21.074997,78.975006
2024-06-30,11.7699585,21.074997,79.024994
2024-06-30,11.6587715,21.074997,79.07501
2024-06-30,15.995092,21.074997,79.125
2024-06-30,16.361794,21.074997,79.17499
2024-06-30,14.426242,21.074997,79.225006
2024-06-30,13.8109865,21.125,78.975006
2024-06-30,13.32695,21.125,79.024994
2024-06-30,13.363697,21.125,79.07501
2024-06-30,12.675946,21.125,79.125
2024-06-30,12.738857,21.125,79.17499
2024-06-30,6.865204,21.125,79.225006
2024-06-30,13.813312,21.174995,78.975006
2024-06-30,13.316061,21.174995,79.024994
2024-06-30,11.873391,21.174995,79.07501
2024-06-30,6.8724246,21.174995,79.125
2024-06-30,7.71801,21.174995,79.17499
2024-06-30,6.9449964,21.174995,79.225006
2024-06-30,14.300564,21.224998,78.975006
2024-06-30,15.8328495,21.224998,79.024994
2024-06-30,14.2891865,21.224998,79.07501
2024-06-30,7.53659,21.224998,79.125
2024-06-30,7.5834856,21.224998,79.17499
2024-06-30,6.8203435,21.224998,79.225006
2024-07-01,8.667204,21.024994,78.975006
2024-07-01,7.9909835,21.024994,79.024994
2024-07-01,8.192147,21.024994,79.07501
2024-07-01,8.459687,21.024994,79.125
2024-07-01,8.9332075,21.024994,79.17499
2024-07-01,8.779469,21.024994,79.225006
2024-07-01,7.5545115,21.074997,78.975006
2024-07-01,7.677269,21.074997,79.024994
2024-07-01,8.353934,21.074997,79.07501
2024-07-01,7.424653,21.074997,79.125
2024-07-01,6.671806,21.074997,79.17499
2024-07-01,7.1771746,21.074997,79.225006
2024-07-01,7.6814795,21.125,78.975006
2024-07-01,8.152214,21.125,79.024994
2024-07-01,7.7720604,21.125,79.07501
2024-07-01,7.787791,21.125,79.125
2024-07-01,9.069798,21.125,79.17499
2024-07-01,8.932033,21.125,79.225006
2024-07-01,14.183598,21.174995,78.975006
2024-07-01,14.137042,21.174995,79.024994
2024-07-01,9.251491,21.174995,79.07501
2024-07-01,8.357259,21.174995,79.125
2024-07-01,7.935768,21.174995,79.17499
2024-07-01,7.982825,21.174995,79.225006
2024-07-01,20.578798,21.224998,78.975006
2024-07-01,14.803985,21.224998,79.024994
2024-07-01,7.213337,21.224998,79.07501
2024-07-01,9.374932,21.224998,79.125
2024-07-01,11.685387,21.224998,79.17499
2024-07-01,10.736337,21.224998,79.225006
2024-07-02,0.0,21.024994,78.975006
2024-07-02,0.0,21.024994,79.024994
2024-07-02,0.0,21.024994,79.07501
2024-07-02,0.0,21.024994,79.125
2024-07-02,0.0,21.024994,79.17499
2024-07-02,0.0,21.024994,79.225006
2024-07-02,7.5545115,21.074997,78.975006
2024-07-02,7.677269,21.074997,79.024994
2024-07-02,8.353934,21.074997,79.07501
2024-07-02,7.424653,21.074997,79.125
2024-07-02,6.671806,21.074997,79.17499
2024-07-02,7.1771746,21.074997,79.225006
2024-07-02,0.0,21.125,78.975006
2024-07-02,0.0,21.125,79.024994
2024-07-02,7.7720604,21.125,79.07501
2024-07-02,7.787791,21.125,79.125
2024-07-02,9.069798,21.125,79.17499
2024-07-02,8.932033,21.125,79.225006
2024-07-02,0.0,21.174995,78.975006
2024-07-02,0.0,21.174995,79.024994
2024-07-02,0.0,21.174995,79.07501
2024-07-02,8.357259,21.174995,79.125
2024-07-02,7.935768,21.174995,79.17499
2024-07-02,7.982825,21.174995,79.225006
2024-07-02,0.0,21.224998,78.975006
2024-07-02,0.0,21.224998,79.024994
2024-07-02,7.213337,21.224998,79.07501
2024-07-02,9.374932,21.224998,79.125
2024-07-02,0.0,21.224998,79.17499
2024-07-02,0.0,21.224998,79.225006
2024-07-03,17.334408,21.024994,78.975006
2024-07-03,15.981967,21.024994,79.024994
2024-07-03,16.384295,21.024994,79.07501
2024-07-03,16.919374,21.024994,79.125
2024-07-03,17.866415,21.024994,79.17499
2024-07-03,17.558937,21.024994,79.225006
2024-07-03,7.5545115,21.074997,78.975006
2024-07-03,7.677269,21.074997,79.024994
2024-07-03,8.353934,21.074997,79.07501
2024-07-03,14.849306,21.074997,79.125
2024-07-03,13.343612,21.074997,79.17499
2024-07-03,14.354349,21.074997,79.225006
2024-07-03,7.6814795,21.125,78.975006
2024-07-03,8.152214,21.125,79.024994
2024-07-03,7.7720604,21.125,79.07501
2024-07-03,7.787791,21.125,79.125
2024-07-03,9.069798,21.125,79.17499
2024-07-03,8.932033,21.125,79.225006
2024-07-03,0.0,21.174995,78.975006
2024-07-03,0.0,21.174995,79.024994
2024-07-03,0.0,21.174995,79.07501
2024-07-03,8.357259,21.174995,79.125
2024-07-03,7.935768,21.174995,79.17499
2024-07-03,7.982825,21.174995,79.225006
2024-07-03,0.0,21.224998,78.975006
2024-07-03,0.0,21.224998,79.024994
2024-07-03,0.0,21.224998,79.07501
2024-07-03,0.0,21.224998,79.125
2024-07-03,0.0,21.224998,79.17499
2024-07-03,0.0,21.224998,79.225006
2024-07-04,17.334408,21.024994,78.975006
2024-07-04,15.981967,21.024994,79.024994
2024-07-04,16.384295,21.024994,79.07501
2024-07-04,16.919374,21.024994,79.125
2024-07-04,17.866415,21.024994,79.17499
2024-07-04,17.558937,21.024994,79.225006
2024-07-04,15.109023,21.074997,78.975006
2024-07-04,15.354538,21.074997,79.024994
2024-07-04,16.707869,21.074997,79.07501
2024-07-04,14.849306,21.074997,79.125
2024-07-04,13.343612,21.074997,79.17499
2024-07-04,14.354349,21.074997,79.225006
2024-07-04,15.362959,21.125,78.975006
2024-07-04,16.304428,21.125,79.024994
2024-07-04,15.544121,21.125,79.07501
2024-07-04,15.575582,21.125,79.125
2024-07-04,9.069798,21.125,79.17499
2024-07-04,8.932033,21.125,79.225006
2024-07-04,14.183598,21.174995,78.975006
2024-07-04,14.137042,21.174995,79.024994
2024-07-04,18.502981,21.174995,79.07501
2024-07-04,8.357259,21.174995,79.125
2024-07-04,7.935768,21.174995,79.17499
2024-07-04,7.982825,21.174995,79.225006
2024-07-04,13.719199,21.224998,78.975006
2024-07-04,14.803985,21.224998,79.024994
2024-07-04,14.426674,21.224998,79.07501
2024-07-04,9.374932,21.224998,79.125
2024-07-04,11.685387,21.224998,79.17499
2024-07-04,10.736337,21.224998,79.225006
2024-07-05,17.334408,21.024994,78.975006
2024-07-05,15.981967,21.024994,79.024994
2024-07-05,16.384295,21.024994,79.07501
2024-07-05,16.919374,21.024994,79.125
2024-07-05,17.866415,21.024994,79.17499
2024-07-05,17.558937,21.024994,79.225006
2024-07-05,15.109023,21.074997,78.975006
2024-07-05,15.354538,21.074997,79.024994
2024-07-05,16.707869,21.074997,79.07501
2024-07-05,14.849306,21.074997,79.125
2024-07-05,20.015419,21.074997,79.17499
2024-07-05,14.354349,21.074997,79.225006
2024-07-05,15.362959,21.125,78.975006
2024-07-05,16.304428,21.125,79.024994
2024-07-05,15.544121,21.125,79.07501
2024-07-05,15.575582,21.125,79.125
2024-07-05,18.139597,21.125,79.17499
2024-07-05,17.864065,21.125,79.225006
2024-07-05,14.183598,21.174995,78.975006
2024-07-05,14.137042,21.174995,79.024994
2024-07-05,18.502981,21.174995,79.07501
2024-07-05,16.714518,21.174995,79.125
2024-07-05,15.871536,21.174995,79.17499
2024-07-05,15.96565,21.174995,79.225006
2024-07-05,13.719199,21.224998,78.975006
2024-07-05,14.803985,21.224998,79.024994
2024-07-05,14.426674,21.224998,79.07501
2024-07-05,18.749865,21.224998,79.125
2024-07-05,23.370773,21.224998,79.17499
2024-07-05,21.472673,21.224998,79.225006
2024-07-06,11.903282,21.024994,78.975006
2024-07-06,11.1175375,21.024994,79.024994
2024-07-06,10.030185,21.024994,79.07501
2024-07-06,10.881174,21.024994,79.125
2024-07-06,10.49297,21.024994,79.17499
2024-07-06,15.490959,21.024994,79.225006
2024-07-06,8.881535,21.074997,78.975006
2024-07-06,9.684647,21.074997,79.024994
2024-07-06,9.577834,21.074997,79.07501
2024-07-06,9.840487,21.074997,79.125
2024-07-06,9.965721,21.074997,79.17499
2024-07-06,15.512868,21.074997,79.225006
2024-07-06,8.93911,21.125,78.975006
2024-07-06,8.437666,21.125,79.024994
2024-07-06,11.802564,21.125,79.07501
2024-07-06,10.973084,21.125,79.125
2024-07-06,9.324521,21.125,79.17499
2024-07-06,13.834676,21.125,79.225006
2024-07-06,9.596963,21.174995,78.975006
2024-07-06,9.164378,21.174995,79.024994
2024-07-06,12.219385,21.174995,79.07501
2024-07-06,9.09125,21.174995,79.125
2024-07-06,11.546224,21.174995,79.17499
2024-07-06,10.70098,21.174995,79.225006
2024-07-06,15.853918,21.224998,78.975006
2024-07-06,17.709633,21.224998,79.024994
2024-07-06,17.519876,21.224998,79.07501
2024-07-06,17.888042,21.224998,79.125
2024-07-06,12.155131,21.224998,79.17499
2024-07-06,12.388282,21.224998,79.225006
2024-07-07,0.0,21.024994,78.975006
2024-07-07,0.0,21.024994,79.024994
2024-07-07,0.0,21.024994,79.07501
2024-07-07,0.0,21.024994,79.125
2024-07-07,0.0,21.024994,79.17499
2024-07-07,0.0,21.024994,79.225006
2024-07-07,0.0,21.074997,78.975006
2024-07-07,0.0,21.074997,79.024994
2024-07-07,0.0,21.074997,79.07501
2024-07-07,0.0,21.074997,79.125
2024-07-07,0.0,21.074997,79.17499
2024-07-07,0.0,21.074997,79.225006
2024-07-07,0.0,21.125,78.975006
2024-07-07,0.0,21.125,79.024994
2024-07-07,0.0,21.125,79.07501
2024-07-07,0.0,21.125,79.125
2024-07-07,0.0,21.125,79.17499
2024-07-07,0.0,21.125,79.225006
2024-07-07,9.596963,21.174995,78.975006
2024-07-07,9.164378,21.174995,79.024994
2024-07-07,0.0,21.174995,79.07501
2024-07-07,0.0,21.174995,79.125
2024-07-07,0.0,21.174995,79.17499
2024-07-07,0.0,21.174995,79.225006
2024-07-07,7.926959,21.224998,78.975006
2024-07-07,0.0,21.224998,79.024994
2024-07-07,0.0,21.224998,79.07501
2024-07-07,0.0,21.224998,79.125
2024-07-07,0.0,21.224998,79.17499
2024-07-07,0.0,21.224998,79.225006
2024-07-08,11.903282,21.024994,78.975006
2024-07-08,11.1175375,21.024994,79.024994
2024-07-08,10.030185,21.024994,79.07501
2024-07-08,10.881174,21.024994,79.125
2024-07-08,10.49297,21.024994,79.17499
2024-07-08,0.0,21.024994,79.225006
2024-07-08,8.881535,21.074997,78.975006
2024-07-08,9.684647,21.074997,79.024994
2024-07-08,9.577834,21.074997,79.07501
2024-07-08,9.840487,21.074997,79.125
2024-07-08,9.965721,21.074997,79.17499
2024-07-08,0.0,21.074997,79.225006
2024-07-08,17.87822,21.125,78.975006
2024-07-08,16.875332,21.125,79.024994
2024-07-08,11.802564,21.125,79.07501
2024-07-08,10.973084,21.125,79.125
2024-07-08,9.324521,21.125,79.17499
2024-07-08,0.0,21.125,79.225006
2024-07-08,19.193926,21.174995,78.975006
2024-07-08,18.328756,21.174995,79.024994
2024-07-08,24.43877,21.174995,79.07501
2024-07-08,18.1825,21.174995,79.125
2024-07-08,11.546224,21.174995,79.17499
2024-07-08,10.70098,21.174995,79.225006
2024-07-08,15.853918,21.224998,78.975006
2024-07-08,17.709633,21.224998,79.024994
2024-07-08,17.519876,21.224998,79.07501
2024-07-08,17.888042,21.224998,79.125
2024-07-08,24.310263,21.224998,79.17499
2024-07-08,12.388282,21.224998,79.225006
2024-07-09,0.0,21.024994,78.975006
2024-07-09,0.0,21.024994,79.024994
2024-07-09,0.0,21.024994,79.07501
2024-07-09,0.0,21.024994,79.125
2024-07-09,0.0,21.024994,79.17499
2024-07-09,0.0,21.024994,79.225006
2024-07-09,8.881535,21.074997,78.975006
2024-07-09,0.0,21.074997,79.024994
2024-07-09,0.0,21.074997,79.07501
2024-07-09,0.0,21.074997,79.125
2024-07-09,0.0,21.074997,79.17499
2024-07-09,0.0,21.074997,79.225006
2024-07-09,0.0,21.125,78.975006
2024-07-09,0.0,21.125,79.024994
2024-07-09,0.0,21.125,79.07501
2024-07-09,0.0,21.125,79.125
2024-07-09,0.0,21.125,79.17499
2024-07-09,0.0,21.125,79.225006
2024-07-09,0.0,21.174995,78.975006
2024-07-09,0.0,21.174995,79.024994
2024-07-09,0.0,21.174995,79.07501
2024-07-09,0.0,21.174995,79.125
2024-07-09,0.0,21.174995,79.17499
2024-07-09,0.0,21.174995,79.225006
2024-07-09,0.0,21.224998,78.975006
2024-07-09,0.0,21.224998,79.024994
2024-07-09,0.0,21.224998,79.07501
2024-07-09,0.0,21.224998,79.125
2024-07-09,0.0,21.224998,79.17499
2024-07-09,0.0,21.224998,79.225006
2024-07-10,11.903282,21.024994,78.975006
2024-07-10,11.1175375,21.024994,79.024994
2024-07-10,10.030185,21.024994,79.07501
2024-07-10,10.881174,21.024994,79.125
2024-07-10,10.49297,21.024994,79.17499
2024-07-10,15.490959,21.024994,79.225006
2024-07-10,8.881535,21.074997,78.975006
2024-07-10,9.684647,21.074997,79.024994
2024-07-10,9.577834,21.074997,79.07501
2024-07-10,9.840487,21.074997,79.125
2024-07-10,9.965721,21.074997,79.17499
2024-07-10,15.512868,21.074997,79.225006
2024-07-10,8.93911,21.125,78.975006
2024-07-10,8.437666,21.125,79.024994
2024-07-10,11.802564,21.125,79.07501
2024-07-10,10.973084,21.125,79.125
2024-07-10,9.324521,21.125,79.17499
2024-07-10,13.834676,21.125,79.225006
2024-07-10,0.0,21.174995,78.975006
2024-07-10,0.0,21.174995,79.024994
2024-07-10,0.0,21.174995,79.07501
2024-07-10,9.09125,21.174995,79.125
2024-07-10,11.546224,21.174995,79.17499
2024-07-10,10.70098,21.174995,79.225006
2024-07-10,0.0,21.224998,78.975006
2024-07-10,0.0,21.224998,79.024994
2024-07-10,0.0,21.224998,79.07501
2024-07-10,0.0,21.224998,79.125
2024-07-10,0.0,21.224998,79.17499
2024-07-10,12.388282,21.224998,79.225006
2024-07-11,0.0,21.024994,78.975006
2024-07-11,0.0,21.024994,79.024994
2024-07-11,0.0,21.024994,79.07501
2024-07-11,0.0,21.024994,79.125
2024-07-11,0.0,21.024994,79.17499
2024-07-11,0.0,21.024994,79.225006
2024-07-11,0.0,21.074997,78.975006
2024-07-11,0.0,21.074997,79.024994
2024-07-11,0.0,21.074997,79.07501
2024-07-11,0.0,21.074997,79.125
2024-07-11,0.0,21.074997,79.17499
2024-07-11,0.0,21.074997,79.225006
2024-07-11,3.4883616,21.125,78.975006
2024-07-11,0.0,21.125,79.024994
2024-07-11,0.0,21.125,79.07501
2024-07-11,0.0,21.125,79.125
2024-07-11,5.3072777,21.125,79.17499
2024-07-11,4.555343,21.125,79.225006
2024-07-11,4.7707496,21.174995,78.975006
2024-07-11,4.3551335,21.174995,79.024994
2024-07-11,4.2949414,21.174995,79.07501
2024-07-11,4.0944443,21.174995,79.125
2024-07-11,5.291866,21.174995,79.17499
2024-07-11,5.8207836,21.174995,79.225006
2024-07-11,8.857142,21.224998,78.975006
2024-07-11,4.2848973,21.224998,79.024994
2024-07-11,4.5994396,21.224998,79.07501
2024-07-11,3.84071,21.224998,79.125
2024-07-11,6.348352,21.224998,79.17499
2024-07-11,6.3293715,21.224998,79.225006
2024-07-12,5.795933,21.024994,78.975006
2024-07-12,7.4109273,21.024994,79.024994
2024-07-12,9.287066,21.024994,79.07501
2024-07-12,11.143522,21.024994,79.125
2024-07-12,10.061486,21.024994,79.17499
2024-07-12,8.843614,21.024994,79.225006
2024-07-12,7.078195,21.074997,78.975006
2024-07-12,7.78096,21.074997,79.024994
2024-07-12,9.897626,21.074997,79.07501
2024-07-12,10.339289,21.074997,79.125
2024-07-12,8.925743,21.074997,79.17499
2024-07-12,9.852166,21.074997,79.225006
2024-07-12,3.4883616,21.125,78.975006
2024-07-12,5.985515,21.125,79.024994
2024-07-12,6.8820014,21.125,79.07501
2024-07-12,6.6927676,21.125,79.125
2024-07-12,5.3072777,21.125,79.17499
2024-07-12,4.555343,21.125,79.225006
2024-07-12,4.7707496,21.174995,78.975006
2024-07-12,4.3551335,21.174995,79.024994
2024-07-12,4.2949414,21.174995,79.07501
2024-07-12,4.0944443,21.174995,79.125
2024-07-12,5.291866,21.174995,79.17499
2024-07-12,5.8207836,21.174995,79.225006
2024-07-12,4.428571,21.224998,78.975006
2024-07-12,4.2848973,21.224998,79.024994
2024-07-12,4.5994396,21.224998,79.07501
2024-07-12,3.84071,21.224998,79.125
2024-07-12,6.348352,21.224998,79.17499
2024-07-12,6.3293715,21.224998,79.225006
2024-07-13,2.8979664,21.024994,78.975006
2024-07-13,3.7054636,21.024994,79.024994
2024-07-13,4.643533,21.024994,79.07501
2024-07-13,5.571761,21.024994,79.125
2024-07-13,5.030743,21.024994,79.17499
2024-07-13,4.421807,21.024994,79.225006
2024-07-13,3.5390975,21.074997,78.975006
2024-07-13,3.89048,21.074997,79.024994
2024-07-13,4.948813,21.074997,79.07501
2024-07-13,5.1696444,21.074997,79.125
2024-07-13,4.4628716,21.074997,79.17499
2024-07-13,4.926083,21.074997,79.225006
2024-07-13,3.4883616,21.125,78.975006
2024-07-13,5.985515,21.125,79.024994
2024-07-13,6.8820014,21.125,79.07501
2024-07-13,6.6927676,21.125,79.125
2024-07-13,5.3072777,21.125,79.17499
2024-07-13,4.555343,21.125,79.225006
2024-07-13,4.7707496,21.174995,78.975006
2024-07-13,4.3551335,21.174995,79.024994
2024-07-13,4.2949414,21.174995,79.07501
2024-07-13,4.0944443,21.174995,79.125
2024-07-13,2.645933,21.174995,79.17499
2024-07-13,2.9103918,21.174995,79.225006
2024-07-13,4.428571,21.224998,78.975006
2024-07-13,4.2848973,21.224998,79.024994
2024-07-13,4.5994396,21.224998,79.07501
2024-07-13,3.84071,21.224998,79.125
2024-07-13,3.174176,21.224998,79.17499
2024-07-13,3.1646857,21.224998,79.225006
2024-07-14,8.693899,21.024994,78.975006
2024-07-14,11.116391,21.024994,79.024994
2024-07-14,9.287066,21.024994,79.07501
2024-07-14,5.571761,21.024994,79.125
2024-07-14,5.030743,21.024994,79.17499
2024-07-14,4.421807,21.024994,79.225006
2024-07-14,7.078195,21.074997,78.975006
2024-07-14,7.78096,21.074997,79.024994
2024-07-14,4.948813,21.074997,79.07501
2024-07-14,5.1696444,21.074997,79.125
2024-07-14,4.4628716,21.074997,79.17499
2024-07-14,4.926083,21.074997,79.225006
2024-07-14,6.976723,21.125,78.975006
2024-07-14,5.985515,21.125,79.024994
2024-07-14,6.8820014,21.125,79.07501
2024-07-14,6.6927676,21.125,79.125
2024-07-14,5.3072777,21.125,79.17499
2024-07-14,4.555343,21.125,79.225006
2024-07-14,4.7707496,21.174995,78.975006
2024-07-14,4.3551335,21.174995,79.024994
2024-07-14,8.589883,21.174995,79.07501
2024-07-14,8.188889,21.174995,79.125
2024-07-14,5.291866,21.174995,79.17499
2024-07-14,5.8207836,21.174995,79.225006
2024-07-14,4.428571,21.224998,78.975006
2024-07-14,8.569795,21.224998,79.024994
2024-07-14,9.198879,21.224998,79.07501
2024-07-14,7.68142,21.224998,79.125
2024-07-14,6.348352,21.224998,79.17499
2024-07-14,6.3293715,21.224998,79.225006
2024-07-15,8.693899,21.024994,78.975006
2024-07-15,3.7054636,21.024994,79.024994
2024-07-15,4.643533,21.024994,79.07501
2024-07-15,5.571761,21.024994,79.125
2024-07-15,10.061486,21.024994,79.17499
2024-07-15,13.265421,21.024994,79.225006
2024-07-15,7.078195,21.074997,78.975006
2024-07-15,3.89048,21.074997,79.024994
2024-07-15,4.948813,21.074997,79.07501
2024-07-15,5.1696444,21.074997,79.125
2024-07-15,8.925743,21.074997,79.17499
2024-07-15,9.852166,21.074997,79.225006
2024-07-15,6.976723,21.125,78.975006
2024-07-15,5.985515,21.125,79.024994
2024-07-15,6.8820014,21.125,79.07501
2024-07-15,6.6927676,21.125,79.125
2024-07-15,5.3072777,21.125,79.17499
2024-07-15,9.110686,21.125,79.225006
2024-07-15,9.541499,21.174995,78.975006
2024-07-15,8.710267,21.174995,79.024994
2024-07-15,4.2949414,21.174995,79.07501
2024-07-15,4.0944443,21.174995,79.125
2024-07-15,5.291866,21.174995,79.17499
2024-07-15,5.8207836,21.174995,79.225006
2024-07-15,8.857142,21.224998,78.975006
2024-07-15,8.569795,21.224998,79.024994
2024-07-15,4.5994396,21.224998,79.07501
2024-07-15,7.68142,21.224998,79.125
2024-07-15,6.348352,21.224998,79.17499
2024-07-15,6.3293715,21.224998,79.225006
2024-07-16,17.88064,21.024994,78.975006
2024-07-16,12.354542,21.024994,79.024994
2024-07-16,13.085126,21.024994,79.07501
2024-07-16,12.072099,21.024994,79.125
2024-07-16,11.95545,21.024994,79.17499
2024-07-16,11.454319,21.024994,79.225006
2024-07-16,11.283307,21.074997,78.975006
2024-07-16,10.127838,21.074997,79.024994
2024-07-16,11.518502,21.074997,79.07501
2024-07-16,12.441324,21.074997,79.125
2024-07-16,11.455484,21.074997,79.17499
2024-07-16,11.343794,21.074997,79.225006
2024-07-16,11.013295,21.125,78.975006
2024-07-16,11.334882,21.125,79.024994
2024-07-16,12.277731,21.125,79.07501
2024-07-16,11.075243,21.125,79.125
2024-07-16,11.169238,21.125,79.17499
2024-07-16,11.386991,21.125,79.225006
2024-07-16,10.40058,21.174995,78.975006
2024-07-16,10.683501,21.174995,79.024994
2024-07-16,10.577075,21.174995,79.07501
2024-07-16,0.0,21.174995,79.125
2024-07-16,5.615676,21.174995,79.17499
2024-07-16,5.841425,21.174995,79.225006
2024-07-16,6.1699004,21.224998,78.975006
2024-07-16,10.764846,21.224998,79.024994
2024-07-16,0.0,21.224998,79.07501
2024-07-16,0.0,21.224998,79.125
2024-07-16,0.0,21.224998,79.17499
2024-07-16,6.0317326,21.224998,79.225006
2024-07-17,11.920426,21.024994,78.975006
2024-07-17,12.354542,21.024994,79.024994
2024-07-17,13.085126,21.024994,79.07501
2024-07-17,12.072099,21.024994,79.125
2024-07-17,11.95545,21.024994,79.17499
2024-07-17,11.454319,21.024994,79.225006
2024-07-17,11.283307,21.074997,78.975006
2024-07-17,10.127838,21.074997,79.024994
2024-07-17,11.518502,21.074997,79.07501
2024-07-17,12.441324,21.074997,79.125
2024-07-17,11.455484,21.074997,79.17499
2024-07-17,11.343794,21.074997,79.225006
2024-07-17,11.013295,21.125,78.975006
2024-07-17,11.334882,21.125,79.024994
2024-07-17,12.277731,21.125,79.07501
2024-07-17,11.075243,21.125,79.125
2024-07-17,11.169238,21.125,79.17499
2024-07-17,11.386991,21.125,79.225006
2024-07-17,10.40058,21.174995,78.975006
2024-07-17,10.683501,21.174995,79.024994
2024-07-17,10.577075,21.174995,79.07501
2024-07-17,12.024211,21.174995,79.125
2024-07-17,11.231352,21.174995,79.17499
2024-07-17,11.68285,21.174995,79.225006
2024-07-17,12.339801,21.224998,78.975006
2024-07-17,10.764846,21.224998,79.024994
2024-07-17,12.584189,21.224998,79.07501
2024-07-17,11.965702,21.224998,79.125
2024-07-17,12.382637,21.224998,79.17499
2024-07-17,12.063465,21.224998,79.225006
2024-07-18,0.0,21.024994,78.975006
2024-07-18,0.0,21.024994,79.024994
2024-07-18,0.0,21.024994,79.07501
2024-07-18,0.0,21.024994,79.125
2024-07-18,0.0,21.024994,79.17499
2024-07-18,5.7271595,21.024994,79.225006
2024-07-18,5.6416535,21.074997,78.975006
2024-07-18,5.063919,21.074997,79.024994
2024-07-18,5.759251,21.074997,79.07501
2024-07-18,0.0,21.074997,79.125
2024-07-18,5.727742,21.074997,79.17499
2024-07-18,5.671897,21.074997,79.225006
2024-07-18,5.5066476,21.125,78.975006
2024-07-18,5.667441,21.125,79.024994
2024-07-18,12.277731,21.125,79.07501
2024-07-18,11.075243,21.125,79.125
2024-07-18,5.584619,21.125,79.17499
2024-07-18,5.6934953,21.125,79.225006
2024-07-18,10.40058,21.174995,78.975006
2024-07-18,10.683501,21.174995,79.024994
2024-07-18,10.577075,21.174995,79.07501
2024-07-18,12.024211,21.174995,79.125
2024-07-18,11.231352,21.174995,79.17499
2024-07-18,11.68285,21.174995,79.225006
2024-07-18,6.1699004,21.224998,78.975006
2024-07-18,10.764846,21.224998,79.024994
2024-07-18,12.584189,21.224998,79.07501
2024-07-18,11.965702,21.224998,79.125
2024-07-18,12.382637,21.224998,79.17499
2024-07-18,12.063465,21.224998,79.225006
2024-07-19,23.840853,21.024994,78.975006
2024-07-19,24.709084,21.024994,79.024994
2024-07-19,26.170252,21.024994,79.07501
2024-07-19,30.180248,21.024994,79.125
2024-07-19,29.888626,21.024994,79.17499
2024-07-19,28.6358,21.024994,79.225006
2024-07-19,22.566614,21.074997,78.975006
2024-07-19,25.319597,21.074997,79.024994
2024-07-19,28.796255,21.074997,79.07501
2024-07-19,31.103313,21.074997,79.125
2024-07-19,28.63871,21.074997,79.17499
2024-07-19,28.359484,21.074997,79.225006
2024-07-19,27.53324,21.125,78.975006
2024-07-19,28.337204,21.125,79.024994
2024-07-19,30.694328,21.125,79.07501
2024-07-19,27.688107,21.125,79.125
2024-07-19,27.923096,21.125,79.17499
2024-07-19,28.467476,21.125,79.225006
2024-07-19,26.001451,21.174995,78.975006
2024-07-19,26.708755,21.174995,79.024994
2024-07-19,26.442688,21.174995,79.07501
2024-07-19,30.06053,21.174995,79.125
2024-07-19,28.07838,21.174995,79.17499
2024-07-19,29.207125,21.174995,79.225006
2024-07-19,30.849503,21.224998,78.975006
2024-07-19,26.912117,21.224998,79.024994
2024-07-19,31.460474,21.224998,79.07501
2024-07-19,29.914259,21.224998,79.125
2024-07-19,30.956593,21.224998,79.17499
2024-07-19,30.158665,21.224998,79.225006
2024-07-20,29.801067,21.024994,78.975006
2024-07-20,30.886353,21.024994,79.024994
2024-07-20,32.712814,21.024994,79.07501
2024-07-20,30.180248,21.024994,79.125
2024-07-20,29.888626,21.024994,79.17499
2024-07-20,28.6358,21.024994,79.225006
2024-07-20,28.208267,21.074997,78.975006
2024-07-20,25.319597,21.074997,79.024994
2024-07-20,28.796255,21.074997,79.07501
2024-07-20,31.103313,21.074997,79.125
2024-07-20,28.63871,21.074997,79.17499
2024-07-20,28.359484,21.074997,79.225006
2024-07-20,27.53324,21.125,78.975006
2024-07-20,28.337204,21.125,79.024994
2024-07-20,30.694328,21.125,79.07501
2024-07-20,27.688107,21.125,79.125
2024-07-20,27.923096,21.125,79.17499
2024-07-20,28.467476,21.125,79.225006
2024-07-20,26.001451,21.174995,78.975006
2024-07-20,26.708755,21.174995,79.024994
2024-07-20,26.442688,21.174995,79.07501
2024-07-20,30.06053,21.174995,79.125
2024-07-20,28.07838,21.174995,79.17499
2024-07-20,29.207125,21.174995,79.225006
2024-07-20,30.849503,21.224998,78.975006
2024-07-20,26.912117,21.224998,79.024994
2024-07-20,31.460474,21.224998,79.07501
2024-07-20,29.914259,21.224998,79.125
2024-07-20,30.956593,21.224998,79.17499
2024-07-20,30.158665,21.224998,79.225006
2024-07-21,38.135166,21.024994,78.975006
2024-07-21,41.98792,21.024994,79.024994
2024-07-21,41.750557,21.024994,79.07501
2024-07-21,52.351162,21.024994,79.125
2024-07-21,55.265465,21.024994,79.17499
2024-07-21,57.3355,21.024994,79.225006
2024-07-21,33.26283,21.074997,78.975006
2024-07-21,36.789238,21.074997,79.024994
2024-07-21,46.527706,21.074997,79.07501
2024-07-21,37.42015,21.074997,79.125
2024-07-21,37.86712,21.074997,79.17499
2024-07-21,43.681652,21.074997,79.225006
2024-07-21,27.470833,21.125,78.975006
2024-07-21,27.71524,21.125,79.024994
2024-07-21,36.507122,21.125,79.07501
2024-07-21,35.86061,21.125,79.125
2024-07-21,35.197796,21.125,79.17499
2024-07-21,46.23487,21.125,79.225006
2024-07-21,29.15975,21.174995,78.975006
2024-07-21,28.124681,21.174995,79.024994
2024-07-21,29.166876,21.174995,79.07501
2024-07-21,35.46313,21.174995,79.125
2024-07-21,39.30423,21.174995,79.17499
2024-07-21,39.44543,21.174995,79.225006
2024-07-21,34.50236,21.224998,78.975006
2024-07-21,27.971613,21.224998,79.024994
2024-07-21,25.195442,21.224998,79.07501
2024-07-21,24.987612,21.224998,79.125
2024-07-21,24.220318,21.224998,79.17499
2024-07-21,38.45123,21.224998,79.225006
2024-07-22,38.135166,21.024994,78.975006
2024-07-22,41.98792,21.024994,79.024994
2024-07-22,41.750557,21.024994,79.07501
2024-07-22,39.26337,21.024994,79.125
2024-07-22,41.449093,21.024994,79.17499
2024-07-22,43.00162,21.024994,79.225006
2024-07-22,33.26283,21.074997,78.975006
2024-07-22,36.789238,21.074997,79.024994
2024-07-22,46.527706,21.074997,79.07501
2024-07-22,56.130226,21.074997,79.125
2024-07-22,56.800682,21.074997,79.17499
2024-07-22,43.681652,21.074997,79.225006
2024-07-22,27.470833,21.125,78.975006
2024-07-22,27.71524,21.125,79.024994
2024-07-22,36.507122,21.125,79.07501
2024-07-22,35.86061,21.125,79.125
2024-07-22,35.197796,21.125,79.17499
2024-07-22,30.82325,21.125,79.225006
2024-07-22,29.15975,21.174995,78.975006
2024-07-22,28.124681,21.174995,79.024994
2024-07-22,29.166876,21.174995,79.07501
2024-07-22,35.46313,21.174995,79.125
2024-07-22,39.30423,21.174995,79.17499
2024-07-22,39.44543,21.174995,79.225006
2024-07-22,34.50236,21.224998,78.975006
2024-07-22,27.971613,21.224998,79.024994
2024-07-22,25.195442,21.224998,79.07501
2024-07-22,24.987612,21.224998,79.125
2024-07-22,24.220318,21.224998,79.17499
2024-07-22,25.634155,21.224998,79.225006
2024-07-23,38.135166,21.024994,78.975006
2024-07-23,27.991945,21.024994,79.024994
2024-07-23,27.833704,21.024994,79.07501
2024-07-23,26.175581,21.024994,79.125
2024-07-23,27.632732,21.024994,79.17499
2024-07-23,28.66775,21.024994,79.225006
2024-07-23,33.26283,21.074997,78.975006
2024-07-23,24.52616,21.074997,79.024994
2024-07-23,15.509235,21.074997,79.07501
2024-07-23,18.710075,21.074997,79.125
2024-07-23,18.93356,21.074997,79.17499
2024-07-23,29.121101,21.074997,79.225006
2024-07-23,41.206245,21.125,78.975006
2024-07-23,41.572857,21.125,79.024994
2024-07-23,36.507122,21.125,79.07501
2024-07-23,35.86061,21.125,79.125
2024-07-23,35.197796,21.125,79.17499
2024-07-23,30.82325,21.125,79.225006
2024-07-23,43.739624,21.174995,78.975006
2024-07-23,42.18702,21.174995,79.024994
2024-07-23,43.750313,21.174995,79.07501
2024-07-23,35.46313,21.174995,79.125
2024-07-23,26.202822,21.174995,79.17499
2024-07-23,26.296953,21.174995,79.225006
2024-07-23,34.50236,21.224998,78.975006
2024-07-23,41.95742,21.224998,79.024994
2024-07-23,50.390884,21.224998,79.07501
2024-07-23,49.975224,21.224998,79.125
2024-07-23,48.440636,21.224998,79.17499
2024-07-23,38.45123,21.224998,79.225006
2024-07-24,0.0,21.024994,78.975006
2024-07-24,0.0,21.024994,79.024994
2024-07-24,0.0,21.024994,79.07501
2024-07-24,0.0,21.024994,79.125
2024-07-24,0.0,21.024994,79.17499
2024-07-24,0.0,21.024994,79.225006
2024-07-24,0.0,21.074997,78.975006
2024-07-24,0.0,21.074997,79.024994
2024-07-24,0.0,21.074997,79.07501
2024-07-24,0.0,21.074997,79.125
2024-07-24,0.0,21.074997,79.17499
2024-07-24,0.0,21.074997,79.225006
2024-07-24,0.0,21.125,78.975006
2024-07-24,0.0,21.125,79.024994
2024-07-24,0.0,21.125,79.07501
2024-07-24,0.0,21.125,79.125
2024-07-24,0.0,21.125,79.17499
2024-07-24,0.0,21.125,79.225006
2024-07-24,0.0,21.174995,78.975006
2024-07-24,0.0,21.174995,79.024994
2024-07-24,0.0,21.174995,79.07501
2024-07-24,0.0,21.174995,79.125
2024-07-24,0.0,21.174995,79.17499
2024-07-24,0.0,21.174995,79.225006
2024-07-24,0.0,21.224998,78.975006
2024-07-24,0.0,21.224998,79.024994
2024-07-24,0.0,21.224998,79.07501
2024-07-24,0.0,21.224998,79.125
2024-07-24,0.0,21.224998,79.17499
2024-07-24,0.0,21.224998,79.225006
2024-07-25,0.0,21.024994,78.975006
2024-07-25,0.0,21.024994,79.024994
2024-07-25,0.0,21.024994,79.07501
2024-07-25,0.0,21.024994,79.125
2024-07-25,0.0,21.024994,79.17499
2024-07-25,0.0,21.024994,79.225006
2024-07-25,0.0,21.074997,78.975006
2024-07-25,0.0,21.074997,79.024994
2024-07-25,0.0,21.074997,79.07501
2024-07-25,0.0,21.074997,79.125
2024-07-25,0.0,21.074997,79.17499
2024-07-25,0.0,21.074997,79.225006
2024-07-25,0.0,21.125,78.975006
2024-07-25,0.0,21.125,79.024994
2024-07-25,0.0,21.125,79.07501
2024-07-25,0.0,21.125,79.125
2024-07-25,0.0,21.125,79.17499
2024-07-25,0.0,21.125,79.225006
2024-07-25,0.0,21.174995,78.975006
2024-07-25,0.0,21.174995,79.024994
2024-07-25,0.0,21.174995,79.07501
2024-07-25,0.0,21.174995,79.125
2024-07-25,0.0,21.174995,79.17499
2024-07-25,0.0,21.174995,79.225006
2024-07-25,0.0,21.224998,78.975006
2024-07-25,0.0,21.224998,79.024994
2024-07-25,0.0,21.224998,79.07501
2024-07-25,0.0,21.224998,79.125
2024-07-25,0.0,21.224998,79.17499
2024-07-25,0.0,21.224998,79.225006
2024-07-26,17.231104,21.024994,78.975006
2024-07-26,9.026192,21.024994,79.024994
2024-07-26,9.691549,21.024994,79.07501
2024-07-26,10.352781,21.024994,79.125
2024-07-26,9.228979,21.024994,79.17499
2024-07-26,10.817856,21.024994,79.225006
2024-07-26,0.0,21.074997,78.975006
2024-07-26,6.7597394,21.074997,79.024994
2024-07-26,7.5187106,21.074997,79.07501
2024-07-26,8.456666,21.074997,79.125
2024-07-26,7.7296257,21.074997,79.17499
2024-07-26,7.1874094,21.074997,79.225006
2024-07-26,0.0,21.125,78.975006
2024-07-26,0.0,21.125,79.024994
2024-07-26,0.0,21.125,79.07501
2024-07-26,8.530441,21.125,79.125
2024-07-26,7.6812854,21.125,79.17499
2024-07-26,6.6247516,21.125,79.225006
2024-07-26,0.0,21.174995,78.975006
2024-07-26,0.0,21.174995,79.024994
2024-07-26,0.0,21.174995,79.07501
2024-07-26,0.0,21.174995,79.125
2024-07-26,0.0,21.174995,79.17499
2024-07-26,7.5803814,21.174995,79.225006
2024-07-26,0.0,21.224998,78.975006
2024-07-26,0.0,21.224998,79.024994
2024-07-26,0.0,21.224998,79.07501
2024-07-26,0.0,21.224998,79.125
2024-07-26,6.962133,21.224998,79.17499
2024-07-26,6.9191203,21.224998,79.225006
2024-07-27,8.615552,21.024994,78.975006
2024-07-27,9.026192,21.024994,79.024994
2024-07-27,9.691549,21.024994,79.07501
2024-07-27,10.352781,21.024994,79.125
2024-07-27,9.228979,21.024994,79.17499
2024-07-27,10.817856,21.024994,79.225006
2024-07-27,10.633896,21.074997,78.975006
2024-07-27,6.7597394,21.074997,79.024994
2024-07-27,7.5187106,21.074997,79.07501
2024-07-27,8.456666,21.074997,79.125
2024-07-27,7.7296257,21.074997,79.17499
2024-07-27,14.374819,21.074997,79.225006
2024-07-27,9.532791,21.125,78.975006
2024-07-27,9.379094,21.125,79.024994
2024-07-27,10.145548,21.125,79.07501
2024-07-27,8.530441,21.125,79.125
2024-07-27,15.362571,21.125,79.17499
2024-07-27,13.249503,21.125,79.225006
2024-07-27,0.0,21.174995,78.975006
2024-07-27,20.964556,21.174995,79.024994
2024-07-27,17.626144,21.174995,79.07501
2024-07-27,16.031164,21.174995,79.125
2024-07-27,16.757738,21.174995,79.17499
2024-07-27,15.160763,21.174995,79.225006
2024-07-27,14.459023,21.224998,78.975006
2024-07-27,23.298294,21.224998,79.024994
2024-07-27,19.363867,21.224998,79.07501
2024-07-27,17.449358,21.224998,79.125
2024-07-27,13.924266,21.224998,79.17499
2024-07-27,13.838241,21.224998,79.225006
2024-07-28,8.615552,21.024994,78.975006
2024-07-28,9.026192,21.024994,79.024994
2024-07-28,9.691549,21.024994,79.07501
2024-07-28,10.352781,21.024994,79.125
2024-07-28,18.457958,21.024994,79.17499
2024-07-28,21.635712,21.024994,79.225006
2024-07-28,21.267792,21.074997,78.975006
2024-07-28,13.519479,21.074997,79.024994
2024-07-28,15.037421,21.074997,79.07501
2024-07-28,16.913332,21.074997,79.125
2024-07-28,15.459251,21.074997,79.17499
2024-07-28,14.374819,21.074997,79.225006
2024-07-28,19.065582,21.125,78.975006
2024-07-28,18.758188,21.125,79.024994
2024-07-28,20.291096,21.125,79.07501
2024-07-28,17.060883,21.125,79.125
2024-07-28,15.362571,21.125,79.17499
2024-07-28,19.874254,21.125,79.225006
2024-07-28,30.987131,21.174995,78.975006
2024-07-28,20.964556,21.174995,79.024994
2024-07-28,17.626144,21.174995,79.07501
2024-07-28,16.031164,21.174995,79.125
2024-07-28,16.757738,21.174995,79.17499
2024-07-28,15.160763,21.174995,79.225006
2024-07-28,14.459023,21.224998,78.975006
2024-07-28,11.649147,21.224998,79.024994
2024-07-28,9.681933,21.224998,79.07501
2024-07-28,17.449358,21.224998,79.125
2024-07-28,13.924266,21.224998,79.17499
2024-07-28,13.838241,21.224998,79.225006
2024-07-29,0.0,21.024994,78.975006
2024-07-29,0.0,21.024994,79.024994
2024-07-29,0.0,21.024994,79.07501
2024-07-29,0.0,21.024994,79.125
2024-07-29,0.0,21.024994,79.17499
2024-07-29,0.0,21.024994,79.225006
2024-07-29,0.0,21.074997,78.975006
2024-07-29,0.0,21.074997,79.024994
2024-07-29,0.0,21.074997,79.07501
2024-07-29,0.0,21.074997,79.125
2024-07-29,0.0,21.074997,79.17499
2024-07-29,0.0,21.074997,79.225006
2024-07-29,0.0,21.125,78.975006
2024-07-29,0.0,21.125,79.024994
2024-07-29,0.0,21.125,79.07501
2024-07-29,0.0,21.125,79.125
2024-07-29,0.0,21.125,79.17499
2024-07-29,0.0,21.125,79.225006
2024-07-29,0.0,21.174995,78.975006
2024-07-29,0.0,21.174995,79.024994
2024-07-29,0.0,21.174995,79.07501
2024-07-29,0.0,21.174995,79.125
2024-07-29,0.0,21.174995,79.17499
2024-07-29,0.0,21.174995,79.225006
2024-07-29,0.0,21.224998,78.975006
2024-07-29,0.0,21.224998,79.024994
2024-07-29,0.0,21.224998,79.07501
2024-07-29,0.0,21.224998,79.125
2024-07-29,0.0,21.224998,79.17499
2024-07-29,0.0,21.224998,79.225006
2024-07-30,0.0,21.024994,78.975006
2024-07-30,0.0,21.024994,79.024994
2024-07-30,0.0,21.024994,79.07501
2024-07-30,0.0,21.024994,79.125
2024-07-30,0.0,21.024994,79.17499
2024-07-30,0.0,21.024994,79.225006
2024-07-30,0.0,21.074997,78.975006
2024-07-30,0.0,21.074997,79.024994
2024-07-30,0.0,21.074997,79.07501
2024-07-30,0.0,21.074997,79.125
2024-07-30,0.0,21.074997,79.17499
2024-07-30,0.0,21.074997,79.225006
2024-07-30,0.0,21.125,78.975006
2024-07-30,0.0,21.125,79.024994
2024-07-30,0.0,21.125,79.07501
2024-07-30,0.0,21.125,79.125
2024-07-30,0.0,21.125,79.17499
2024-07-30,0.0,21.125,79.225006
2024-07-30,0.0,21.174995,78.975006
2024-07-30,0.0,21.174995,79.024994
2024-07-30,0.0,21.174995,79.07501
2024-07-30,0.0,21.174995,79.125
2024-07-30,0.0,21.174995,79.17499
2024-07-30,0.0,21.174995,79.225006
2024-07-30,0.0,21.224998,78.975006
2024-07-30,0.0,21.224998,79.024994
2024-07-30,0.0,21.224998,79.07501
2024-07-30,0.0,21.224998,79.125
2024-07-30,0.0,21.224998,79.17499
2024-07-30,0.0,21.224998,79.225006
2024-07-31,25.846657,21.024994,78.975006
2024-07-31,27.078575,21.024994,79.024994
2024-07-31,29.074648,21.024994,79.07501
2024-07-31,31.058346,21.024994,79.125
2024-07-31,27.686937,21.024994,79.17499
2024-07-31,21.635712,21.024994,79.225006
2024-07-31,31.90169,21.074997,78.975006
2024-07-31,27.038958,21.074997,79.024994
2024-07-31,30.074842,21.074997,79.07501
2024-07-31,33.826664,21.074997,79.125
2024-07-31,30.918503,21.074997,79.17499
2024-07-31,28.749638,21.074997,79.225006
2024-07-31,38.131165,21.125,78.975006
2024-07-31,37.516376,21.125,79.024994
2024-07-31,40.58219,21.125,79.07501
2024-07-31,34.121765,21.125,79.125
2024-07-31,30.725142,21.125,79.17499
2024-07-31,26.499006,21.125,79.225006
2024-07-31,30.987131,21.174995,78.975006
2024-07-31,20.964556,21.174995,79.024994
2024-07-31,26.439217,21.174995,79.07501
2024-07-31,32.06233,21.174995,79.125
2024-07-31,33.515476,21.174995,79.17499
2024-07-31,30.321526,21.174995,79.225006
2024-07-31,28.918047,21.224998,78.975006
2024-07-31,23.298294,21.224998,79.024994
2024-07-31,29.0458,21.224998,79.07501
2024-07-31,26.17404,21.224998,79.125
2024-07-31,27.848532,21.224998,79.17499
2024-07-31,27.676481,21.224998,79.225006
2024-08-01,0.0,21.024994,78.975006
2024-08-01,0.0,21.024994,79.024994
2024-08-01,0.0,21.024994,79.07501
2024-08-01,0.0,21.024994,79.125
2024-08-01,0.0,21.024994,79.17499
2024-08-01,0.0,21.024994,79.225006
2024-08-01,9.473025,21.074997,78.975006
2024-08-01,0.0,21.074997,79.024994
2024-08-01,0.0,21.074997,79.07501
2024-08-01,0.0,21.074997,79.125
2024-08-01,0.0,21.074997,79.17499
2024-08-01,0.0,21.074997,79.225006
2024-08-01,20.073149,21.125,78.975006
2024-08-01,10.495308,21.125,79.024994
2024-08-01,0.0,21.125,79.07501
2024-08-01,0.0,21.125,79.125
2024-08-01,0.0,21.125,79.17499
2024-08-01,0.0,21.125,79.225006
2024-08-01,27.139204,21.174995,78.975006
2024-08-01,19.885117,21.174995,79.024994
2024-08-01,10.813353,21.174995,79.07501
2024-08-01,0.0,21.174995,79.125
2024-08-01,0.0,21.174995,79.17499
2024-08-01,0.0,21.174995,79.225006
2024-08-01,28.812628,21.224998,78.975006
2024-08-01,17.795057,21.224998,79.024994
2024-08-01,8.241991,21.224998,79.07501
2024-08-01,8.650184,21.224998,79.125
2024-08-01,0.0,21.224998,79.17499
2024-08-01,0.0,21.224998,79.225006
2024-08-02,0.0,21.024994,78.975006
2024-08-02,0.0,21.024994,79.024994
2024-08-02,0.0,21.024994,79.07501
2024-08-02,0.0,21.024994,79.125
2024-08-02,8.546146,21.024994,79.17499
2024-08-02,8.55371,21.024994,79.225006
2024-08-02,0.0,21.074997,78.975006
2024-08-02,0.0,21.074997,79.024994
2024-08-02,0.0,21.074997,79.07501
2024-08-02,8.208515,21.074997,79.125
2024-08-02,8.89718,21.074997,79.17499
2024-08-02,7.7587214,21.074997,79.225006
2024-08-02,0.0,21.125,78.975006
2024-08-02,0.0,21.125,79.024994
2024-08-02,0.0,21.125,79.07501
2024-08-02,0.0,21.125,79.125
2024-08-02,0.0,21.125,79.17499
2024-08-02,6.356691,21.125,79.225006
2024-08-02,0.0,21.174995,78.975006
2024-08-02,0.0,21.174995,79.024994
2024-08-02,0.0,21.174995,79.07501
2024-08-02,0.0,21.174995,79.125
2024-08-02,0.0,21.174995,79.17499
2024-08-02,0.0,21.174995,79.225006
2024-08-02,0.0,21.224998,78.975006
2024-08-02,8.897529,21.224998,79.024994
2024-08-02,8.241991,21.224998,79.07501
2024-08-02,0.0,21.224998,79.125
2024-08-02,0.0,21.224998,79.17499
2024-08-02,0.0,21.224998,79.225006
2024-08-03,29.250471,21.024994,78.975006
2024-08-03,28.244143,21.024994,79.024994
2024-08-03,27.721443,21.024994,79.07501
2024-08-03,27.97977,21.024994,79.125
2024-08-03,25.63844,21.024994,79.17499
2024-08-03,25.661133,21.024994,79.225006
2024-08-03,18.94605,21.074997,78.975006
2024-08-03,27.547388,21.074997,79.024994
2024-08-03,27.75445,21.074997,79.07501
2024-08-03,24.625546,21.074997,79.125
2024-08-03,26.69154,21.074997,79.17499
2024-08-03,23.276165,21.074997,79.225006
2024-08-03,20.073149,21.125,78.975006
2024-08-03,20.990616,21.125,79.024994
2024-08-03,31.50922,21.125,79.07501
2024-08-03,31.493351,21.125,79.125
2024-08-03,33.726784,21.125,79.17499
2024-08-03,25.426764,21.125,79.225006
2024-08-03,18.092802,21.174995,78.975006
2024-08-03,19.885117,21.174995,79.024994
2024-08-03,21.626705,21.174995,79.07501
2024-08-03,36.765476,21.174995,79.125
2024-08-03,32.432743,21.174995,79.17499
2024-08-03,32.156555,21.174995,79.225006
2024-08-03,19.208418,21.224998,78.975006
2024-08-03,17.795057,21.224998,79.024994
2024-08-03,24.725973,21.224998,79.07501
2024-08-03,34.600735,21.224998,79.125
2024-08-03,41.229042,21.224998,79.17499
2024-08-03,39.145058,21.224998,79.225006
2024-08-04,39.000626,21.024994,78.975006
2024-08-04,37.65886,21.024994,79.024994
2024-08-04,36.961926,21.024994,79.07501
2024-08-04,37.306362,21.024994,79.125
2024-08-04,25.63844,21.024994,79.17499
2024-08-04,25.661133,21.024994,79.225006
2024-08-04,37.8921,21.074997,78.975006
2024-08-04,36.72985,21.074997,79.024994
2024-08-04,37.00593,21.074997,79.07501
2024-08-04,32.83406,21.074997,79.125
2024-08-04,26.69154,21.074997,79.17499
2024-08-04,23.276165,21.074997,79.225006
2024-08-04,30.109724,21.125,78.975006
2024-08-04,31.485926,21.125,79.024994
2024-08-04,31.50922,21.125,79.07501
2024-08-04,31.493351,21.125,79.125
2024-08-04,33.726784,21.125,79.17499
2024-08-04,25.426764,21.125,79.225006
2024-08-04,27.139204,21.174995,78.975006
2024-08-04,29.827677,21.174995,79.024994
2024-08-04,32.44006,21.174995,79.07501
2024-08-04,27.57411,21.174995,79.125
2024-08-04,32.432743,21.174995,79.17499
2024-08-04,32.156555,21.174995,79.225006
2024-08-04,28.812628,21.224998,78.975006
2024-08-04,26.692587,21.224998,79.024994
2024-08-04,24.725973,21.224998,79.07501
2024-08-04,25.950552,21.224998,79.125
2024-08-04,30.921783,21.224998,79.17499
2024-08-04,29.358793,21.224998,79.225006
2024-08-05,0.0,21.024994,78.975006
2024-08-05,0.0,21.024994,79.024994
2024-08-05,0.0,21.024994,79.07501
2024-08-05,0.0,21.024994,79.125
2024-08-05,0.0,21.024994,79.17499
2024-08-05,0.0,21.024994,79.225006
2024-08-05,0.0,21.074997,78.975006
2024-08-05,0.0,21.074997,79.024994
2024-08-05,0.0,21.074997,79.07501
2024-08-05,0.0,21.074997,79.125
2024-08-05,0.0,21.074997,79.17499
2024-08-05,0.0,21.074997,79.225006
2024-08-05,0.0,21.125,78.975006
2024-08-05,0.0,21.125,79.024994
2024-08-05,0.0,21.125,79.07501
2024-08-05,0.0,21.125,79.125
2024-08-05,0.0,21.125,79.17499
2024-08-05,0.0,21.125,79.225006
2024-08-05,0.0,21.174995,78.975006
2024-08-05,0.0,21.174995,79.024994
2024-08-05,0.0,21.174995,79.07501
2024-08-05,0.0,21.174995,79.125
2024-08-05,0.0,21.174995,79.17499
2024-08-05,0.0,21.174995,79.225006
2024-08-05,0.0,21.224998,78.975006
2024-08-05,0.0,21.224998,79.024994
2024-08-05,0.0,21.224998,79.07501
2024-08-05,0.0,21.224998,79.125
2024-08-05,0.0,21.224998,79.17499
2024-08-05,0.0,21.224998,79.225006
2024-08-06,19.017487,21.024994,78.975006
2024-08-06,19.98484,21.024994,79.024994
2024-08-06,21.026253,21.024994,79.07501
2024-08-06,22.710371,21.024994,79.125
2024-08-06,21.1747,21.024994,79.17499
2024-08-06,24.873665,21.024994,79.225006
2024-08-06,26.240156,21.074997,78.975006
2024-08-06,17.098995,21.074997,79.024994
2024-08-06,16.761322,21.074997,79.07501
2024-08-06,17.312092,21.074997,79.125
2024-08-06,17.501028,21.074997,79.17499
2024-08-06,15.300729,21.074997,79.225006
2024-08-06,24.806557,21.125,78.975006
2024-08-06,23.647968,21.125,79.024994
2024-08-06,20.999346,21.125,79.07501
2024-08-06,20.895508,21.125,79.125
2024-08-06,18.005016,21.125,79.17499
2024-08-06,17.079725,21.125,79.225006
2024-08-06,22.297146,21.174995,78.975006
2024-08-06,23.071384,21.174995,79.024994
2024-08-06,17.320965,21.174995,79.07501
2024-08-06,17.790806,21.174995,79.125
2024-08-06,18.160088,21.174995,79.17499
2024-08-06,14.58528,21.174995,79.225006
2024-08-06,17.675005,21.224998,78.975006
2024-08-06,19.496126,21.224998,79.024994
2024-08-06,19.114359,21.224998,79.07501
2024-08-06,19.860598,21.224998,79.125
2024-08-06,15.44418,21.224998,79.17499
2024-08-06,14.376842,21.224998,79.225006
2024-08-07,9.508743,21.024994,78.975006
2024-08-07,7.9939365,21.024994,79.024994
2024-08-07,8.410501,21.024994,79.07501
2024-08-07,11.3551855,21.024994,79.125
2024-08-07,10.58735,21.024994,79.17499
2024-08-07,12.436832,21.024994,79.225006
2024-08-07,8.746718,21.074997,78.975006
2024-08-07,11.39933,21.074997,79.024994
2024-08-07,11.174214,21.074997,79.07501
2024-08-07,11.541394,21.074997,79.125
2024-08-07,11.667353,21.074997,79.17499
2024-08-07,10.200486,21.074997,79.225006
2024-08-07,8.268852,21.125,78.975006
2024-08-07,7.882656,21.125,79.024994
2024-08-07,6.999782,21.125,79.07501
2024-08-07,6.965169,21.125,79.125
2024-08-07,12.003345,21.125,79.17499
2024-08-07,5.6932416,21.125,79.225006
2024-08-07,7.4323826,21.174995,78.975006
2024-08-07,7.690462,21.174995,79.024994
2024-08-07,11.54731,21.174995,79.07501
2024-08-07,11.860537,21.174995,79.125
2024-08-07,12.106725,21.174995,79.17499
2024-08-07,9.723519,21.174995,79.225006
2024-08-07,11.783337,21.224998,78.975006
2024-08-07,12.997418,21.224998,79.024994
2024-08-07,12.742906,21.224998,79.07501
2024-08-07,13.240398,21.224998,79.125
2024-08-07,10.29612,21.224998,79.17499
2024-08-07,9.584561,21.224998,79.225006
2024-08-08,0.0,21.024994,78.975006
2024-08-08,0.0,21.024994,79.024994
2024-08-08,0.0,21.024994,79.07501
2024-08-08,0.0,21.024994,79.125
2024-08-08,0.0,21.024994,79.17499
2024-08-08,0.0,21.024994,79.225006
2024-08-08,0.0,21.074997,78.975006
2024-08-08,0.0,21.074997,79.024994
2024-08-08,0.0,21.074997,79.07501
2024-08-08,0.0,21.074997,79.125
2024-08-08,0.0,21.074997,79.17499
2024-08-08,0.0,21.074997,79.225006
2024-08-08,0.0,21.125,78.975006
2024-08-08,0.0,21.125,79.024994
2024-08-08,0.0,21.125,79.07501
2024-08-08,0.0,21.125,79.125
2024-08-08,0.0,21.125,79.17499
2024-08-08,0.0,21.125,79.225006
2024-08-08,0.0,21.174995,78.975006
2024-08-08,0.0,21.174995,79.024994
2024-08-08,0.0,21.174995,79.07501
2024-08-08,0.0,21.174995,79.125
2024-08-08,0.0,21.174995,79.17499
2024-08-08,0.0,21.174995,79.225006
2024-08-08,0.0,21.224998,78.975006
2024-08-08,0.0,21.224998,79.024994
2024-08-08,0.0,21.224998,79.07501
2024-08-08,0.0,21.224998,79.125
2024-08-08,0.0,21.224998,79.17499
2024-08-08,0.0,21.224998,79.225006
2024-08-09,4.7543716,21.024994,78.975006
2024-08-09,3.9969683,21.024994,79.024994
2024-08-09,4.2052503,21.024994,79.07501
2024-08-09,5.6775928,21.024994,79.125
2024-08-09,5.293675,21.024994,79.17499
2024-08-09,0.0,21.024994,79.225006
2024-08-09,0.0,21.074997,78.975006
2024-08-09,5.699665,21.074997,79.024994
2024-08-09,5.587107,21.074997,79.07501
2024-08-09,5.770697,21.074997,79.125
2024-08-09,5.8336763,21.074997,79.17499
2024-08-09,10.200486,21.074997,79.225006
2024-08-09,0.0,21.125,78.975006
2024-08-09,0.0,21.125,79.024994
2024-08-09,6.999782,21.125,79.07501
2024-08-09,6.965169,21.125,79.125
2024-08-09,6.0016723,21.125,79.17499
2024-08-09,11.386483,21.125,79.225006
2024-08-09,7.4323826,21.174995,78.975006
2024-08-09,7.690462,21.174995,79.024994
2024-08-09,5.773655,21.174995,79.07501
2024-08-09,5.9302683,21.174995,79.125
2024-08-09,6.0533624,21.174995,79.17499
2024-08-09,9.723519,21.174995,79.225006
2024-08-09,5.8916683,21.224998,78.975006
2024-08-09,6.498709,21.224998,79.024994
2024-08-09,6.371453,21.224998,79.07501
2024-08-09,6.620199,21.224998,79.125
2024-08-09,15.44418,21.224998,79.17499
2024-08-09,14.376842,21.224998,79.225006
2024-08-10,0.0,21.024994,78.975006
2024-08-10,0.0,21.024994,79.024994
2024-08-10,0.0,21.024994,79.07501
2024-08-10,0.0,21.024994,79.125
2024-08-10,0.0,21.024994,79.17499
2024-08-10,0.0,21.024994,79.225006
2024-08-10,0.0,21.074997,78.975006
2024-08-10,0.0,21.074997,79.024994
2024-08-10,0.0,21.074997,79.07501
2024-08-10,0.0,21.074997,79.125
2024-08-10,0.0,21.074997,79.17499
2024-08-10,0.0,21.074997,79.225006
2024-08-10,0.0,21.125,78.975006
2024-08-10,0.0,21.125,79.024994
2024-08-10,0.0,21.125,79.07501
2024-08-10,0.0,21.125,79.125
2024-08-10,0.0,21.125,79.17499
2024-08-10,0.0,21.125,79.225006
2024-08-10,0.0,21.174995,78.975006
2024-08-10,0.0,21.174995,79.024994
2024-08-10,0.0,21.174995,79.07501
2024-08-10,0.0,21.174995,79.125
2024-08-10,0.0,21.174995,79.17499
2024-08-10,0.0,21.174995,79.225006
2024-08-10,0.0,21.224998,78.975006
2024-08-10,0.0,21.224998,79.024994
2024-08-10,0.0,21.224998,79.07501
2024-08-10,0.0,21.224998,79.125
2024-08-10,0.0,21.224998,79.17499
2024-08-10,0.0,21.224998,79.225006
2024-08-11,0.0,21.024994,78.975006
2024-08-11,0.0,21.024994,79.024994
2024-08-11,0.0,21.024994,79.07501
2024-08-11,0.0,21.024994,79.125
2024-08-11,0.0,21.024994,79.17499
2024-08-11,0.0,21.024994,79.225006
2024-08-11,0.0,21.074997,78.975006
2024-08-11,0.0,21.074997,79.024994
2024-08-11,0.0,21.074997,79.07501
2024-08-11,0.0,21.074997,79.125
2024-08-11,0.0,21.074997,79.17499
2024-08-11,0.0,21.074997,79.225006
2024-08-11,0.0,21.125,78.975006
2024-08-11,0.0,21.125,79.024994
2024-08-11,0.0,21.125,79.07501
2024-08-11,0.0,21.125,79.125
2024-08-11,0.0,21.125,79.17499
2024-08-11,0.0,21.125,79.225006
2024-08-11,0.0,21.174995,78.975006
2024-08-11,0.0,21.174995,79.024994
2024-08-11,0.0,21.174995,79.07501
2024-08-11,0.0,21.174995,79.125
2024-08-11,0.0,21.174995,79.17499
2024-08-11,0.0,21.174995,79.225006
2024-08-11,0.0,21.224998,78.975006
2024-08-11,0.0,21.224998,79.024994
2024-08-11,0.0,21.224998,79.07501
2024-08-11,0.0,21.224998,79.125
2024-08-11,0.0,21.224998,79.17499
2024-08-11,0.0,21.224998,79.225006
2024-08-12,0.0,21.024994,78.975006
2024-08-12,0.0,21.024994,79.024994
2024-08-12,0.0,21.024994,79.07501
2024-08-12,0.0,21.024994,79.125
2024-08-12,0.0,21.024994,79.17499
2024-08-12,0.0,21.024994,79.225006
2024-08-12,0.0,21.074997,78.975006
2024-08-12,0.0,21.074997,79.024994
2024-08-12,0.0,21.074997,79.07501
2024-08-12,0.0,21.074997,79.125
2024-08-12,0.0,21.074997,79.17499
2024-08-12,0.0,21.074997,79.225006
2024-08-12,0.0,21.125,78.975006
2024-08-12,0.0,21.125,79.024994
2024-08-12,0.0,21.125,79.07501
2024-08-12,0.0,21.125,79.125
2024-08-12,0.0,21.125,79.17499
2024-08-12,0.0,21.125,79.225006
2024-08-12,0.0,21.174995,78.975006
2024-08-12,0.0,21.174995,79.024994
2024-08-12,0.0,21.174995,79.07501
2024-08-12,0.0,21.174995,79.125
2024-08-12,0.0,21.174995,79.17499
2024-08-12,0.0,21.174995,79.225006
2024-08-12,0.0,21.224998,78.975006
2024-08-12,0.0,21.224998,79.024994
2024-08-12,0.0,21.224998,79.07501
2024-08-12,0.0,21.224998,79.125
2024-08-12,0.0,21.224998,79.17499
2024-08-12,0.0,21.224998,79.225006
2024-08-13,0.0,21.024994,78.975006
2024-08-13,0.0,21.024994,79.024994
2024-08-13,0.0,21.024994,79.07501
2024-08-13,0.0,21.024994,79.125
2024-08-13,0.0,21.024994,79.17499
2024-08-13,0.0,21.024994,79.225006
2024-08-13,0.0,21.074997,78.975006
2024-08-13,0.0,21.074997,79.024994
2024-08-13,0.0,21.074997,79.07501
2024-08-13,0.0,21.074997,79.125
2024-08-13,0.0,21.074997,79.17499
2024-08-13,0.0,21.074997,79.225006
2024-08-13,0.0,21.125,78.975006
2024-08-13,0.0,21.125,79.024994
2024-08-13,0.0,21.125,79.07501
2024-08-13,0.0,21.125,79.125
2024-08-13,0.0,21.125,79.17499
2024-08-13,0.0,21.125,79.225006
2024-08-13,0.0,21.174995,78.975006
2024-08-13,0.0,21.174995,79.024994
2024-08-13,0.0,21.174995,79.07501
2024-08-13,0.0,21.174995,79.125
2024-08-13,0.0,21.174995,79.17499
2024-08-13,0.0,21.174995,79.225006
2024-08-13,0.0,21.224998,78.975006
2024-08-13,0.0,21.224998,79.024994
2024-08-13,0.0,21.224998,79.07501
2024-08-13,0.0,21.224998,79.125
2024-08-13,0.0,21.224998,79.17499
2024-08-13,0.0,21.224998,79.225006
2024-08-14,0.0,21.024994,78.975006
2024-08-14,0.0,21.024994,79.024994
2024-08-14,0.0,21.024994,79.07501
2024-08-14,0.0,21.024994,79.125
2024-08-14,0.0,21.024994,79.17499
2024-08-14,0.0,21.024994,79.225006
2024-08-14,4.809494,21.074997,78.975006
2024-08-14,5.111202,21.074997,79.024994
2024-08-14,4.7711,21.074997,79.07501
2024-08-14,4.926993,21.074997,79.125
2024-08-14,5.6179786,21.074997,79.17499
2024-08-14,5.8219037,21.074997,79.225006
2024-08-14,8.044923,21.125,78.975006
2024-08-14,6.9465804,21.125,79.024994
2024-08-14,4.551752,21.125,79.07501
2024-08-14,4.6673594,21.125,79.125
2024-08-14,5.299624,21.125,79.17499
2024-08-14,10.041286,21.125,79.225006
2024-08-14,11.742109,21.174995,78.975006
2024-08-14,10.585234,21.174995,79.024994
2024-08-14,7.159915,21.174995,79.07501
2024-08-14,7.1542335,21.174995,79.125
2024-08-14,9.598154,21.174995,79.17499
2024-08-14,10.409734,21.174995,79.225006
2024-08-14,11.481123,21.224998,78.975006
2024-08-14,12.246424,21.224998,79.024994
2024-08-14,11.103099,21.224998,79.07501
2024-08-14,11.90258,21.224998,79.125
2024-08-14,10.743405,21.224998,79.17499
2024-08-14,12.789634,21.224998,79.225006
2024-08-15,14.361539,21.024994,78.975006
2024-08-15,13.702657,21.024994,79.024994
2024-08-15,13.14685,21.024994,79.07501
2024-08-15,14.617592,21.024994,79.125
2024-08-15,16.614273,21.024994,79.17499
2024-08-15,18.112148,21.024994,79.225006
2024-08-15,9.618988,21.074997,78.975006
2024-08-15,10.222404,21.074997,79.024994
2024-08-15,9.5422,21.074997,79.07501
2024-08-15,9.853986,21.074997,79.125
2024-08-15,11.235957,21.074997,79.17499
2024-08-15,11.643807,21.074997,79.225006
2024-08-15,8.044923,21.125,78.975006
2024-08-15,6.9465804,21.125,79.024994
2024-08-15,9.103504,21.125,79.07501
2024-08-15,9.334719,21.125,79.125
2024-08-15,10.599248,21.125,79.17499
2024-08-15,6.694191,21.125,79.225006
2024-08-15,5.8710546,21.174995,78.975006
2024-08-15,5.292617,21.174995,79.024994
2024-08-15,7.159915,21.174995,79.07501
2024-08-15,7.1542335,21.174995,79.125
2024-08-15,6.3987694,21.174995,79.17499
2024-08-15,6.9398227,21.174995,79.225006
2024-08-15,5.7405615,21.224998,78.975006
2024-08-15,6.123212,21.224998,79.024994
2024-08-15,5.5515494,21.224998,79.07501
2024-08-15,5.95129,21.224998,79.125
2024-08-15,10.743405,21.224998,79.17499
2024-08-15,8.5264225,21.224998,79.225006
2024-08-16,6.3670373,21.024994,78.975006
2024-08-16,7.7311945,21.024994,79.024994
2024-08-16,7.096373,21.024994,79.07501
2024-08-16,9.23237,21.024994,79.125
2024-08-16,14.680484,21.024994,79.17499
2024-08-16,9.228755,21.024994,79.225006
2024-08-16,0.0,21.074997,78.975006
2024-08-16,0.0,21.074997,79.024994
2024-08-16,0.0,21.074997,79.07501
2024-08-16,0.0,21.074997,79.125
2024-08-16,7.754743,21.074997,79.17499
2024-08-16,6.471846,21.074997,79.225006
2024-08-16,0.0,21.125,78.975006
2024-08-16,7.9666405,21.125,79.024994
2024-08-16,7.422681,21.125,79.07501
2024-08-16,10.775663,21.125,79.125
2024-08-16,11.9534025,21.125,79.17499
2024-08-16,9.255896,21.125,79.225006
2024-08-16,0.0,21.174995,78.975006
2024-08-16,0.0,21.174995,79.024994
2024-08-16,5.790547,21.174995,79.07501
2024-08-16,7.9175024,21.174995,79.125
2024-08-16,7.6321445,21.174995,79.17499
2024-08-16,14.196686,21.174995,79.225006
2024-08-16,7.728423,21.224998,78.975006
2024-08-16,0.0,21.224998,79.024994
2024-08-16,0.0,21.224998,79.07501
2024-08-16,7.757351,21.224998,79.125
2024-08-16,13.844346,21.224998,79.17499
2024-08-16,18.119524,21.224998,79.225006
2024-08-17,0.0,21.024994,78.975006
2024-08-17,0.0,21.024994,79.024994
2024-08-17,0.0,21.024994,79.07501
2024-08-17,0.0,21.024994,79.125
2024-08-17,14.680484,21.024994,79.17499
2024-08-17,9.228755,21.024994,79.225006
2024-08-17,0.0,21.074997,78.975006
2024-08-17,0.0,21.074997,79.024994
2024-08-17,0.0,21.074997,79.07501
2024-08-17,0.0,21.074997,79.125
2024-08-17,7.754743,21.074997,79.17499
2024-08-17,6.471846,21.074997,79.225006
2024-08-17,0.0,21.125,78.975006
2024-08-17,0.0,21.125,79.024994
2024-08-17,0.0,21.125,79.07501
2024-08-17,0.0,21.125,79.125
2024-08-17,0.0,21.125,79.17499
2024-08-17,9.255896,21.125,79.225006
2024-08-17,0.0,21.174995,78.975006
2024-08-17,0.0,21.174995,79.024994
2024-08-17,0.0,21.174995,79.07501
2024-08-17,0.0,21.174995,79.125
2024-08-17,0.0,21.174995,79.17499
2024-08-17,7.098343,21.174995,79.225006
2024-08-17,0.0,21.224998,78.975006
2024-08-17,0.0,21.224998,79.024994
2024-08-17,0.0,21.224998,79.07501
2024-08-17,0.0,21.224998,79.125
2024-08-17,0.0,21.224998,79.17499
2024-08-17,0.0,21.224998,79.225006
2024-08-18,0.0,21.024994,78.975006
2024-08-18,0.0,21.024994,79.024994
2024-08-18,0.0,21.024994,79.07501
2024-08-18,0.0,21.024994,79.125
2024-08-18,0.0,21.024994,79.17499
2024-08-18,0.0,21.024994,79.225006
2024-08-18,0.0,21.074997,78.975006
2024-08-18,0.0,21.074997,79.024994
2024-08-18,0.0,21.074997,79.07501
2024-08-18,0.0,21.074997,79.125
2024-08-18,0.0,21.074997,79.17499
2024-08-18,0.0,21.074997,79.225006
2024-08-18,0.0,21.125,78.975006
2024-08-18,0.0,21.125,79.024994
2024-08-18,0.0,21.125,79.07501
2024-08-18,0.0,21.125,79.125
2024-08-18,0.0,21.125,79.17499
2024-08-18,0.0,21.125,79.225006
2024-08-18,0.0,21.174995,78.975006
2024-08-18,0.0,21.174995,79.024994
2024-08-18,0.0,21.174995,79.07501
2024-08-18,0.0,21.174995,79.125
2024-08-18,0.0,21.174995,79.17499
2024-08-18,0.0,21.174995,79.225006
2024-08-18,0.0,21.224998,78.975006
2024-08-18,0.0,21.224998,79.024994
2024-08-18,0.0,21.224998,79.07501
2024-08-18,0.0,21.224998,79.125
2024-08-18,0.0,21.224998,79.17499
2024-08-18,0.0,21.224998,79.225006
2024-08-19,19.10111,21.024994,78.975006
2024-08-19,23.193583,21.024994,79.024994
2024-08-19,21.28912,21.024994,79.07501
2024-08-19,18.46474,21.024994,79.125
2024-08-19,0.0,21.024994,79.17499
2024-08-19,9.228755,21.024994,79.225006
2024-08-19,32.310326,21.074997,78.975006
2024-08-19,29.222237,21.074997,79.024994
2024-08-19,28.093983,21.074997,79.07501
2024-08-19,28.744965,21.074997,79.125
2024-08-19,7.754743,21.074997,79.17499
2024-08-19,6.471846,21.074997,79.225006
2024-08-19,33.041965,21.125,78.975006
2024-08-19,15.933281,21.125,79.024994
2024-08-19,14.845362,21.125,79.07501
2024-08-19,10.775663,21.125,79.125
2024-08-19,11.9534025,21.125,79.17499
2024-08-19,0.0,21.125,79.225006
2024-08-19,26.625145,21.174995,78.975006
2024-08-19,25.00203,21.174995,79.024994
2024-08-19,17.371641,21.174995,79.07501
2024-08-19,15.835005,21.174995,79.125
2024-08-19,15.264289,21.174995,79.17499
2024-08-19,0.0,21.174995,79.225006
2024-08-19,15.456846,21.224998,78.975006
2024-08-19,25.91175,21.224998,79.024994
2024-08-19,24.038233,21.224998,79.07501
2024-08-19,15.514702,21.224998,79.125
2024-08-19,6.922173,21.224998,79.17499
2024-08-19,0.0,21.224998,79.225006
2024-08-20,0.0,21.024994,78.975006
2024-08-20,0.0,21.024994,79.024994
2024-08-20,0.0,21.024994,79.07501
2024-08-20,0.0,21.024994,79.125
2024-08-20,0.0,21.024994,79.17499
2024-08-20,0.0,21.024994,79.225006
2024-08-20,0.0,21.074997,78.975006
2024-08-20,0.0,21.074997,79.024994
2024-08-20,0.0,21.074997,79.07501
2024-08-20,0.0,21.074997,79.125
2024-08-20,0.0,21.074997,79.17499
2024-08-20,0.0,21.074997,79.225006
2024-08-20,0.0,21.125,78.975006
2024-08-20,0.0,21.125,79.024994
2024-08-20,0.0,21.125,79.07501
2024-08-20,0.0,21.125,79.125
2024-08-20,0.0,21.125,79.17499
2024-08-20,0.0,21.125,79.225006
2024-08-20,0.0,21.174995,78.975006
2024-08-20,0.0,21.174995,79.024994
2024-08-20,0.0,21.174995,79.07501
2024-08-20,0.0,21.174995,79.125
2024-08-20,0.0,21.174995,79.17499
2024-08-20,0.0,21.174995,79.225006
2024-08-20,0.0,21.224998,78.975006
2024-08-20,0.0,21.224998,79.024994
2024-08-20,0.0,21.224998,79.07501
2024-08-20,0.0,21.224998,79.125
2024-08-20,0.0,21.224998,79.17499
2024-08-20,0.0,21.224998,79.225006
2024-08-21,7.352643,21.024994,78.975006
2024-08-21,7.9612055,21.024994,79.024994
2024-08-21,6.7274313,21.024994,79.07501
2024-08-21,7.2796893,21.024994,79.125
2024-08-21,7.9977875,21.024994,79.17499
2024-08-21,7.311324,21.024994,79.225006
2024-08-21,9.032696,21.074997,78.975006
2024-08-21,7.1208434,21.074997,79.024994
2024-08-21,6.5434823,21.074997,79.07501
2024-08-21,5.931431,21.074997,79.125
2024-08-21,6.661166,21.074997,79.17499
2024-08-21,7.2015567,21.074997,79.225006
2024-08-21,11.329255,21.125,78.975006
2024-08-21,8.898474,21.125,79.024994
2024-08-21,6.7825584,21.125,79.07501
2024-08-21,6.6711564,21.125,79.125
2024-08-21,7.5235543,21.125,79.17499
2024-08-21,6.971768,21.125,79.225006
2024-08-21,10.566673,21.174995,78.975006
2024-08-21,9.5568495,21.174995,79.024994
2024-08-21,9.031893,21.174995,79.07501
2024-08-21,9.325672,21.174995,79.125
2024-08-21,8.959678,21.174995,79.17499
2024-08-21,8.526054,21.174995,79.225006
2024-08-21,11.457859,21.224998,78.975006
2024-08-21,12.120451,21.224998,79.024994
2024-08-21,10.095237,21.224998,79.07501
2024-08-21,10.360106,21.224998,79.125
2024-08-21,8.885411,21.224998,79.17499
2024-08-21,8.90081,21.224998,79.225006
2024-08-22,9.47325,21.024994,78.975006
2024-08-22,10.272028,21.024994,79.024994
2024-08-22,8.690775,21.024994,79.07501
2024-08-22,9.409934,21.024994,79.125
2024-08-22,10.3334465,21.024994,79.17499
2024-08-22,9.427483,21.024994,79.225006
2024-08-22,12.072322,21.074997,78.975006
2024-08-22,9.537884,21.074997,79.024994
2024-08-22,8.781912,21.074997,79.07501
2024-08-22,7.97154,21.074997,79.125
2024-08-22,8.955536,21.074997,79.17499
2024-08-22,9.671107,21.074997,79.225006
2024-08-22,15.706039,21.125,78.975006
2024-08-22,12.372692,21.125,79.024994
2024-08-22,9.456759,21.125,79.07501
2024-08-22,9.321908,21.125,79.125
2024-08-22,10.525834,21.125,79.17499
2024-08-22,9.751746,21.125,79.225006
2024-08-22,15.181672,21.174995,78.975006
2024-08-22,13.782598,21.174995,79.024994
2024-08-22,13.072398,21.174995,79.07501
2024-08-22,13.538978,21.174995,79.125
2024-08-22,13.035331,21.174995,79.17499
2024-08-22,12.413732,21.174995,79.225006
2024-08-22,17.031895,21.224998,78.975006
2024-08-22,18.10028,21.224998,79.024994
2024-08-22,15.143646,21.224998,79.07501
2024-08-22,15.603168,21.224998,79.125
2024-08-22,13.423822,21.224998,79.17499
2024-08-22,13.471034,21.224998,79.225006
2024-08-23,4.412282,21.024994,78.975006
2024-08-23,4.9509244,21.024994,79.024994
2024-08-23,4.335063,21.024994,79.07501
2024-08-23,4.852749,21.024994,79.125
2024-08-23,5.4978814,21.024994,79.17499
2024-08-23,5.1579742,21.024994,79.225006
2024-08-23,5.4764953,21.074997,78.975006
2024-08-23,4.4771028,21.074997,79.024994
2024-08-23,4.265489,21.074997,79.07501
2024-08-23,4.001986,21.074997,79.125
2024-08-23,4.6368575,21.074997,79.17499
2024-08-23,5.146947,21.074997,79.225006
2024-08-23,6.963853,21.125,78.975006
2024-08-23,5.675329,21.125,79.024994
2024-08-23,4.487263,21.125,79.07501
2024-08-23,4.5703053,21.125,79.125
2024-08-23,5.3200297,21.125,79.17499
2024-08-23,5.063716,21.125,79.225006
2024-08-23,6.608766,21.174995,78.975006
2024-08-23,6.2044816,21.174995,79.024994
2024-08-23,6.0848036,21.174995,79.07501
2024-08-23,6.508224,21.174995,79.125
2024-08-23,6.456276,21.174995,79.17499
2024-08-23,6.3130846,21.174995,79.225006
2024-08-23,7.3186164,21.224998,78.975006
2024-08-23,8.038051,21.224998,79.024994
2024-08-23,6.94899,21.224998,79.07501
2024-08-23,7.3890576,21.224998,79.125
2024-08-23,6.545317,21.224998,79.17499
2024-08-23,6.7395,21.224998,79.225006
2024-08-24,7.9772534,21.024994,78.975006
2024-08-24,8.923961,21.024994,79.024994
2024-08-24,7.792733,21.024994,79.07501
2024-08-24,8.7075,21.024994,79.125
2024-08-24,9.861398,21.024994,79.17499
2024-08-24,9.266677,21.024994,79.225006
2024-08-24,10.059199,21.074997,78.975006
2024-08-24,8.175254,21.074997,79.024994
2024-08-24,7.746373,21.074997,79.07501
2024-08-24,7.2360463,21.074997,79.125
2024-08-24,8.361689,21.074997,79.17499
2024-08-24,9.27878,21.074997,79.225006
2024-08-24,12.957018,21.125,78.975006
2024-08-24,10.473122,21.125,79.024994
2024-08-24,8.21686,21.125,79.07501
2024-08-24,8.314597,21.125,79.125
2024-08-24,9.634405,21.125,79.17499
2024-08-24,9.152728,21.125,79.225006
2024-08-24,12.409161,21.174995,78.975006
2024-08-24,11.535523,21.174995,79.024994
2024-08-24,11.207586,21.174995,79.07501
2024-08-24,11.891377,21.174995,79.125
2024-08-24,11.726282,21.174995,79.17499
2024-08-24,11.430611,21.174995,79.225006
2024-08-24,13.805574,21.224998,78.975006
2024-08-24,15.001209,21.224998,79.024994
2024-08-24,12.837282,21.224998,79.07501
2024-08-24,13.529991,21.224998,79.125
2024-08-24,11.9047985,21.224998,79.17499
2024-08-24,12.21169,21.224998,79.225006
2024-08-25,3.1154213,21.024994,78.975006
2024-08-25,3.6203513,21.024994,79.024994
2024-08-25,3.283536,21.024994,79.07501
2024-08-25,3.806377,21.024994,79.125
2024-08-25,4.4638386,21.024994,79.17499
2024-08-25,4.3327236,21.024994,79.225006
2024-08-25,3.9126306,21.074997,78.975006
2024-08-25,3.3140304,21.074997,79.024994
2024-08-25,3.2720633,21.074997,79.07501
2024-08-25,3.180916,21.074997,79.125
2024-08-25,3.8174536,21.074997,79.17499
2024-08-25,4.3872595,21.074997,79.225006
2024-08-25,5.0223465,21.125,78.975006
2024-08-25,4.243009,21.125,79.024994
2024-08-25,3.4786494,21.125,79.07501
2024-08-25,3.6734402,21.125,79.125
2024-08-25,4.4321356,21.125,79.17499
2024-08-25,4.3710113,21.125,79.225006
2024-08-25,4.797523,21.174995,78.975006
2024-08-25,4.672489,21.174995,79.024994
2024-08-25,4.755127,21.174995,79.07501
2024-08-25,5.277242,21.174995,79.125
2024-08-25,5.430356,21.174995,79.17499
2024-08-25,5.5058775,21.174995,79.225006
2024-08-25,5.329629,21.224998,78.975006
2024-08-25,6.0786614,21.224998,79.024994
2024-08-25,5.4586163,21.224998,79.07501
2024-08-25,6.028222,21.224998,79.125
2024-08-25,5.543874,21.224998,79.17499
2024-08-25,5.9236536,21.224998,79.225006
2024-08-26,1.0924003,21.024994,78.975006
2024-08-26,1.1846919,21.024994,79.024994
2024-08-26,1.1023505,21.024994,79.07501
2024-08-26,1.233635,21.024994,79.125
2024-08-26,1.1863502,21.024994,79.17499
2024-08-26,1.2936808,21.024994,79.225006
2024-08-26,1.1119069,21.074997,78.975006
2024-08-26,1.1699501,21.074997,79.024994
2024-08-26,1.1638176,21.074997,79.07501
2024-08-26,1.2104123,21.074997,79.125
2024-08-26,1.1198286,21.074997,79.17499
2024-08-26,1.1975291,21.074997,79.225006
2024-08-26,1.0677645,21.125,78.975006
2024-08-26,1.1258942,21.125,79.024994
2024-08-26,1.0735387,21.125,79.07501
2024-08-26,1.0696807,21.125,79.125
2024-08-26,1.0847703,21.125,79.17499
2024-08-26,1.2267606,21.125,79.225006
2024-08-26,1.2591841,21.174995,78.975006
2024-08-26,1.1778686,21.174995,79.024994
2024-08-26,1.0270042,21.174995,79.07501
2024-08-26,1.0816708,21.174995,79.125
2024-08-26,1.2096502,21.174995,79.17499
2024-08-26,1.142208,21.174995,79.225006
2024-08-26,1.2125171,21.224998,78.975006
2024-08-26,1.2066423,21.224998,79.024994
2024-08-26,1.1273249,21.224998,79.07501
2024-08-26,1.2256997,21.224998,79.125
2024-08-26,1.2995648,21.224998,79.17499
2024-08-26,1.1893282,21.224998,79.225006
2024-08-27,1.1402642,21.024994,78.975006
2024-08-27,1.1928102,21.024994,79.024994
2024-08-27,1.0685847,21.024994,79.07501
2024-08-27,1.149032,21.024994,79.125
2024-08-27,1.0593673,21.024994,79.17499
2024-08-27,1.1047189,21.024994,79.225006
2024-08-27,1.0696375,21.074997,78.975006
2024-08-27,1.084069,21.074997,79.024994
2024-08-27,1.036731,21.074997,79.07501
2024-08-27,1.0343837,21.074997,79.125
2024-08-27,0.9157878,21.074997,79.17499
2024-08-27,0.9344885,21.074997,79.225006
2024-08-27,0.94623435,21.125,78.975006
2024-08-27,0.95953923,21.125,79.024994
2024-08-27,0.87815887,21.125,79.07501
2024-08-27,0.8379274,21.125,79.125
2024-08-27,0.81151503,21.125,79.17499
2024-08-27,0.87358737,21.125,79.225006
2024-08-27,1.0285766,21.174995,78.975006
2024-08-27,0.9237443,21.174995,79.024994
2024-08-27,0.77168965,21.174995,79.07501
2024-08-27,0.77678466,21.174995,79.125
2024-08-27,0.8277054,21.174995,79.17499
2024-08-27,0.7419407,21.174995,79.225006
2024-08-27,0.9147731,21.224998,78.975006
2024-08-27,0.87242794,21.224998,79.024994
2024-08-27,0.7794081,21.224998,79.07501
2024-08-27,0.8081143,21.224998,79.125
2024-08-27,0.81429183,21.224998,79.17499
2024-08-27,0.70530456,21.224998,79.225006
2024-08-28,0.18812284,21.024994,78.975006
2024-08-28,0.21424109,21.024994,79.024994
2024-08-28,0.20995505,21.024994,79.07501
2024-08-28,0.2481827,21.024994,79.125
2024-08-28,0.25284004,21.024994,79.17499
2024-08-28,0.292924,21.024994,79.225006
2024-08-28,0.18631625,21.074997,78.975006
2024-08-28,0.20349039,21.074997,79.024994
2024-08-28,0.21109384,21.074997,79.07501
2024-08-28,0.23012964,21.074997,79.125
2024-08-28,0.22438909,21.074997,79.17499
2024-08-28,0.25429523,21.074997,79.225006
2024-08-28,0.18111171,21.125,78.975006
2024-08-28,0.19552551,21.125,79.024994
2024-08-28,0.19203404,21.125,79.07501
2024-08-28,0.19851269,21.125,79.125
2024-08-28,0.21051909,21.125,79.17499
2024-08-28,0.2510279,21.125,79.225006
2024-08-28,0.22588252,21.174995,78.975006
2024-08-28,0.21319646,21.174995,79.024994
2024-08-28,0.188836,21.174995,79.07501
2024-08-28,0.20379409,21.174995,79.125
2024-08-28,0.23587766,21.174995,79.17499
2024-08-28,0.23301497,21.174995,79.225006
2024-08-28,0.2400274,21.224998,78.975006
2024-08-28,0.23769037,21.224998,79.024994
2024-08-28,0.22246586,21.224998,79.07501
2024-08-28,0.24456745,21.224998,79.125
2024-08-28,0.2651598,21.224998,79.17499
2024-08-28,0.25129694,21.224998,79.225006
2024-08-29,8.161812,21.024994,78.975006
2024-08-29,8.581971,21.024994,79.024994
2024-08-29,7.7418323,21.024994,79.07501
2024-08-29,8.405889,21.024994,79.125
2024-08-29,7.855256,21.024994,79.17499
2024-08-29,8.343702,21.024994,79.225006
2024-08-29,8.29151,21.074997,78.975006
2024-08-29,8.452754,21.074997,79.024994
2024-08-29,8.145303,21.074997,79.07501
2024-08-29,8.211564,21.074997,79.125
2024-08-29,7.3744946,21.074997,79.17499
2024-08-29,7.6722956,21.074997,79.225006
2024-08-29,7.9582443,21.125,78.975006
2024-08-29,8.124586,21.125,79.024994
2024-08-29,7.498248,21.125,79.07501
2024-08-29,7.2351737,21.125,79.125
2024-08-29,7.114217,21.125,79.17499
2024-08-29,7.816838,21.125,79.225006
2024-08-29,9.3921995,21.174995,78.975006
2024-08-29,8.500646,21.174995,79.024994
2024-08-29,7.168401,21.174995,79.07501
2024-08-29,7.3042517,21.174995,79.125
2024-08-29,7.9107747,21.174995,79.17499
2024-08-29,7.247128,21.174995,79.225006
2024-08-29,9.061796,21.224998,78.975006
2024-08-29,8.720207,21.224998,79.024994
2024-08-29,7.873517,21.224998,79.07501
2024-08-29,8.274029,21.224998,79.125
2024-08-29,8.48552,21.224998,79.17499
2024-08-29,7.522891,21.224998,79.225006
2024-08-30,9.54117,21.024994,78.975006
2024-08-30,10.036911,21.024994,79.024994
2024-08-30,9.072243,21.024994,79.07501
2024-08-30,9.877578,21.024994,79.125
2024-08-30,9.256154,21.024994,79.17499
2024-08-30,9.851431,21.024994,79.225006
2024-08-30,9.454771,21.074997,78.975006
2024-08-30,9.646165,21.074997,79.024994
2024-08-30,9.316746,21.074997,79.07501
2024-08-30,9.42149,21.074997,79.125
2024-08-30,8.487173,21.074997,79.17499
2024-08-30,8.850036,21.074997,79.225006
2024-08-30,8.859507,21.125,78.975006
2024-08-30,9.055624,21.125,79.024994
2024-08-30,8.380404,21.125,79.07501
2024-08-30,8.11478,21.125,79.125
2024-08-30,8.007021,21.125,79.17499
2024-08-30,8.821207,21.125,79.225006
2024-08-30,10.220558,21.174995,78.975006
2024-08-30,9.266693,21.174995,79.024994
2024-08-30,7.840173,21.174995,79.07501
2024-08-30,8.0212755,21.174995,79.125
2024-08-30,8.7224655,21.174995,79.17499
2024-08-30,8.016107,21.174995,79.225006
2024-08-30,9.654688,21.224998,78.975006
2024-08-30,9.313722,21.224998,79.024994
2024-08-30,8.443159,21.224998,79.07501
2024-08-30,8.915135,21.224998,79.125
2024-08-30,9.186503,21.224998,79.17499
2024-08-30,8.175872,21.224998,79.225006
2024-08-31,12.361806,21.024994,78.975006
2024-08-31,12.805895,21.024994,79.024994
2024-08-31,11.402864,21.024994,79.07501
2024-08-31,12.237328,21.024994,79.125
2024-08-31,11.311781,21.024994,79.17499
2024-08-31,11.887101,21.024994,79.225006
2024-08-31,12.317886,21.074997,78.975006
2024-08-31,12.38904,21.074997,79.024994
2024-08-31,11.800033,21.074997,79.07501
2024-08-31,11.773477,21.074997,79.125
2024-08-31,10.4720335,21.074997,79.17499
2024-08-31,10.792066,21.074997,79.225006
2024-08-31,11.577361,21.125,78.975006
2024-08-31,11.6785145,21.125,79.024994
2024-08-31,10.669019,21.125,79.07501
2024-08-31,10.203321,21.125,79.125
2024-08-31,9.950527,21.125,79.17499
2024-08-31,10.844641,21.125,79.225006
2024-08-31,13.348522,21.174995,78.975006
2024-08-31,11.9575205,21.174995,79.024994
2024-08-31,9.99794,21.174995,79.07501
2024-08-31,10.113439,21.174995,79.125
2024-08-31,10.880673,21.174995,79.17499
2024-08-31,9.902093,21.174995,79.225006
2024-08-31,12.542917,21.224998,78.975006
2024-08-31,11.969152,21.224998,79.024994
2024-08-31,10.735787,21.224998,79.07501
2024-08-31,11.221129,21.224998,79.125
2024-08-31,11.452747,21.224998,79.17499
2024-08-31,10.104195,21.224998,79.225006
2024-09-01,0.0,21.024994,78.975006
2024-09-01,0.0,21.024994,79.024994
2024-09-01,0.0,21.024994,79.07501
2024-09-01,0.0,21.024994,79.125
2024-09-01,0.0,21.024994,79.17499
2024-09-01,0.0,21.024994,79.225006
2024-09-01,0.0,21.074997,78.975006
2024-09-01,0.0,21.074997,79.024994
2024-09-01,0.0,21.074997,79.07501
2024-09-01,0.0,21.074997,79.125
2024-09-01,0.0,21.074997,79.17499
2024-09-01,0.0,21.074997,79.225006
2024-09-01,8.265451,21.125,78.975006
2024-09-01,6.853218,21.125,79.024994
2024-09-01,0.0,21.125,79.07501
2024-09-01,0.0,21.125,79.125
2024-09-01,9.130521,21.125,79.17499
2024-09-01,9.676473,21.125,79.225006
2024-09-01,0.0,21.174995,78.975006
2024-09-01,9.413176,21.174995,79.024994
2024-09-01,8.96682,21.174995,79.07501
2024-09-01,0.0,21.174995,79.125
2024-09-01,8.932095,21.174995,79.17499
2024-09-01,9.768842,21.174995,79.225006
2024-09-01,0.0,21.224998,78.975006
2024-09-01,0.0,21.224998,79.024994
2024-09-01,7.864005,21.224998,79.07501
2024-09-01,0.0,21.224998,79.125
2024-09-01,9.465178,21.224998,79.17499
2024-09-01,9.109629,21.224998,79.225006
2024-09-02,33.47888,21.024994,78.975006
2024-09-02,34.298897,21.024994,79.024994
2024-09-02,37.336487,21.024994,79.07501
2024-09-02,32.944668,21.024994,79.125
2024-09-02,25.00793,21.024994,79.17499
2024-09-02,26.56795,21.024994,79.225006
2024-09-02,32.15204,21.074997,78.975006
2024-09-02,31.069052,21.074997,79.024994
2024-09-02,35.96111,21.074997,79.07501
2024-09-02,27.640268,21.074997,79.125
2024-09-02,29.536894,21.074997,79.17499
2024-09-02,29.515661,21.074997,79.225006
2024-09-02,24.796352,21.125,78.975006
2024-09-02,27.412872,21.125,79.024994
2024-09-02,35.26688,21.125,79.07501
2024-09-02,34.238426,21.125,79.125
2024-09-02,27.391563,21.125,79.17499
2024-09-02,29.029417,21.125,79.225006
2024-09-02,29.599873,21.174995,78.975006
2024-09-02,28.239527,21.174995,79.024994
2024-09-02,26.900463,21.174995,79.07501
2024-09-02,28.075926,21.174995,79.125
2024-09-02,26.796286,21.174995,79.17499
2024-09-02,29.306522,21.174995,79.225006
2024-09-02,25.216002,21.224998,78.975006
2024-09-02,24.55351,21.224998,79.024994
2024-09-02,23.592014,21.224998,79.07501
2024-09-02,26.836086,21.224998,79.125
2024-09-02,28.395533,21.224998,79.17499
2024-09-02,27.328886,21.224998,79.225006
2024-09-03,0.0,21.024994,78.975006
2024-09-03,0.0,21.024994,79.024994
2024-09-03,0.0,21.024994,79.07501
2024-09-03,0.0,21.024994,79.125
2024-09-03,0.0,21.024994,79.17499
2024-09-03,0.0,21.024994,79.225006
2024-09-03,8.03801,21.074997,78.975006
2024-09-03,0.0,21.074997,79.024994
2024-09-03,0.0,21.074997,79.07501
2024-09-03,0.0,21.074997,79.125
2024-09-03,0.0,21.074997,79.17499
2024-09-03,0.0,21.074997,79.225006
2024-09-03,8.265451,21.125,78.975006
2024-09-03,6.853218,21.125,79.024994
2024-09-03,8.81672,21.125,79.07501
2024-09-03,8.559607,21.125,79.125
2024-09-03,9.130521,21.125,79.17499
2024-09-03,9.676473,21.125,79.225006
2024-09-03,9.866624,21.174995,78.975006
2024-09-03,0.0,21.174995,79.024994
2024-09-03,8.96682,21.174995,79.07501
2024-09-03,9.358642,21.174995,79.125
2024-09-03,8.932095,21.174995,79.17499
2024-09-03,9.768842,21.174995,79.225006
2024-09-03,8.4053335,21.224998,78.975006
2024-09-03,8.184504,21.224998,79.024994
2024-09-03,7.864005,21.224998,79.07501
2024-09-03,8.945361,21.224998,79.125
2024-09-03,9.465178,21.224998,79.17499
2024-09-03,9.109629,21.224998,79.225006
2024-09-04,8.36972,21.024994,78.975006
2024-09-04,8.574724,21.024994,79.024994
2024-09-04,9.334122,21.024994,79.07501
2024-09-04,10.981556,21.024994,79.125
2024-09-04,25.00793,21.024994,79.17499
2024-09-04,26.56795,21.024994,79.225006
2024-09-04,8.03801,21.074997,78.975006
2024-09-04,15.534526,21.074997,79.024994
2024-09-04,17.980555,21.074997,79.07501
2024-09-04,27.640268,21.074997,79.125
2024-09-04,29.536894,21.074997,79.17499
2024-09-04,29.515661,21.074997,79.225006
2024-09-04,16.530903,21.125,78.975006
2024-09-04,20.559652,21.125,79.024994
2024-09-04,26.45016,21.125,79.07501
2024-09-04,25.678822,21.125,79.125
2024-09-04,27.391563,21.125,79.17499
2024-09-04,29.029417,21.125,79.225006
2024-09-04,19.733248,21.174995,78.975006
2024-09-04,28.239527,21.174995,79.024994
2024-09-04,26.900463,21.174995,79.07501
2024-09-04,37.434566,21.174995,79.125
2024-09-04,35.72838,21.174995,79.17499
2024-09-04,29.306522,21.174995,79.225006
2024-09-04,25.216002,21.224998,78.975006
2024-09-04,32.738014,21.224998,79.024994
2024-09-04,31.45602,21.224998,79.07501
2024-09-04,35.781445,21.224998,79.125
2024-09-04,28.395533,21.224998,79.17499
2024-09-04,27.328886,21.224998,79.225006
2024-09-05,16.73944,21.024994,78.975006
2024-09-05,17.149448,21.024994,79.024994
2024-09-05,18.668243,21.024994,79.07501
2024-09-05,21.963112,21.024994,79.125
2024-09-05,16.671953,21.024994,79.17499
2024-09-05,17.711966,21.024994,79.225006
2024-09-05,16.07602,21.074997,78.975006
2024-09-05,15.534526,21.074997,79.024994
2024-09-05,17.980555,21.074997,79.07501
2024-09-05,18.426846,21.074997,79.125
2024-09-05,19.691263,21.074997,79.17499
2024-09-05,19.677107,21.074997,79.225006
2024-09-05,16.530903,21.125,78.975006
2024-09-05,13.706436,21.125,79.024994
2024-09-05,17.63344,21.125,79.07501
2024-09-05,17.119213,21.125,79.125
2024-09-05,18.261042,21.125,79.17499
2024-09-05,19.352945,21.125,79.225006
2024-09-05,19.733248,21.174995,78.975006
2024-09-05,18.826351,21.174995,79.024994
2024-09-05,17.93364,21.174995,79.07501
2024-09-05,18.717283,21.174995,79.125
2024-09-05,17.86419,21.174995,79.17499
2024-09-05,19.537683,21.174995,79.225006
2024-09-05,16.810667,21.224998,78.975006
2024-09-05,16.369007,21.224998,79.024994
2024-09-05,15.72801,21.224998,79.07501
2024-09-05,17.890722,21.224998,79.125
2024-09-05,18.930355,21.224998,79.17499
2024-09-05,18.219257,21.224998,79.225006
2024-09-06,0.0,21.024994,78.975006
2024-09-06,0.0,21.024994,79.024994
2024-09-06,0.0,21.024994,79.07501
2024-09-06,5.069417,21.024994,79.125
2024-09-06,5.381269,21.024994,79.17499
2024-09-06,5.388226,21.024994,79.225006
2024-09-06,0.0,21.074997,78.975006
2024-09-06,0.0,21.074997,79.024994
2024-09-06,0.0,21.074997,79.07501
2024-09-06,5.9007506,21.074997,79.125
2024-09-06,5.8281198,21.074997,79.17499
2024-09-06,5.467167,21.074997,79.225006
2024-09-06,0.0,21.125,78.975006
2024-09-06,0.0,21.125,79.024994
2024-09-06,6.364965,21.125,79.07501
2024-09-06,6.1418853,21.125,79.125
2024-09-06,5.996335,21.125,79.17499
2024-09-06,6.3725953,21.125,79.225006
2024-09-06,0.0,21.174995,78.975006
2024-09-06,6.9040513,21.174995,79.024994
2024-09-06,6.8407,21.174995,79.07501
2024-09-06,6.5255127,21.174995,79.125
2024-09-06,6.3654532,21.174995,79.17499
2024-09-06,6.0981803,21.174995,79.225006
2024-09-06,0.0,21.224998,78.975006
2024-09-06,0.0,21.224998,79.024994
2024-09-06,6.603084,21.224998,79.07501
2024-09-06,6.542937,21.224998,79.125
2024-09-06,0.0,21.224998,79.17499
2024-09-06,5.8881454,21.224998,79.225006
2024-09-07,10.0198765,21.024994,78.975006
2024-09-07,4.936693,21.024994,79.024994
2024-09-07,5.3696566,21.024994,79.07501
2024-09-07,5.069417,21.024994,79.125
2024-09-07,5.381269,21.024994,79.17499
2024-09-07,5.388226,21.024994,79.225006
2024-09-07,5.132914,21.074997,78.975006
2024-09-07,4.8157277,21.074997,79.024994
2024-09-07,5.694438,21.074997,79.07501
2024-09-07,5.9007506,21.074997,79.125
2024-09-07,5.8281198,21.074997,79.17499
2024-09-07,5.467167,21.074997,79.225006
2024-09-07,6.1076617,21.125,78.975006
2024-09-07,6.4182134,21.125,79.024994
2024-09-07,6.364965,21.125,79.07501
2024-09-07,6.1418853,21.125,79.125
2024-09-07,5.996335,21.125,79.17499
2024-09-07,6.3725953,21.125,79.225006
2024-09-07,6.624623,21.174995,78.975006
2024-09-07,6.9040513,21.174995,79.024994
2024-09-07,6.8407,21.174995,79.07501
2024-09-07,6.5255127,21.174995,79.125
2024-09-07,6.3654532,21.174995,79.17499
2024-09-07,6.0981803,21.174995,79.225006
2024-09-07,7.0202003,21.224998,78.975006
2024-09-07,7.2866745,21.224998,79.024994
2024-09-07,6.603084,21.224998,79.07501
2024-09-07,6.542937,21.224998,79.125
2024-09-07,12.915105,21.224998,79.17499
2024-09-07,11.776291,21.224998,79.225006
2024-09-08,0.0,21.024994,78.975006
2024-09-08,0.0,21.024994,79.024994
2024-09-08,0.0,21.024994,79.07501
2024-09-08,0.0,21.024994,79.125
2024-09-08,0.0,21.024994,79.17499
2024-09-08,0.0,21.024994,79.225006
2024-09-08,0.0,21.074997,78.975006
2024-09-08,0.0,21.074997,79.024994
2024-09-08,0.0,21.074997,79.07501
2024-09-08,0.0,21.074997,79.125
2024-09-08,0.0,21.074997,79.17499
2024-09-08,0.0,21.074997,79.225006
2024-09-08,0.0,21.125,78.975006
2024-09-08,0.0,21.125,79.024994
2024-09-08,0.0,21.125,79.07501
2024-09-08,0.0,21.125,79.125
2024-09-08,0.0,21.125,79.17499
2024-09-08,0.0,21.125,79.225006
2024-09-08,0.0,21.174995,78.975006
2024-09-08,0.0,21.174995,79.024994
2024-09-08,0.0,21.174995,79.07501
2024-09-08,0.0,21.174995,79.125
2024-09-08,0.0,21.174995,79.17499
2024-09-08,0.0,21.174995,79.225006
2024-09-08,0.0,21.224998,78.975006
2024-09-08,0.0,21.224998,79.024994
2024-09-08,6.603084,21.224998,79.07501
2024-09-08,6.542937,21.224998,79.125
2024-09-08,0.0,21.224998,79.17499
2024-09-08,0.0,21.224998,79.225006
2024-09-09,25.049688,21.024994,78.975006
2024-09-09,24.683464,21.024994,79.024994
2024-09-09,26.848284,21.024994,79.07501
2024-09-09,25.347088,21.024994,79.125
2024-09-09,26.906347,21.024994,79.17499
2024-09-09,26.94113,21.024994,79.225006
2024-09-09,25.664572,21.074997,78.975006
2024-09-09,24.07864,21.074997,79.024994
2024-09-09,28.472189,21.074997,79.07501
2024-09-09,29.503756,21.074997,79.125
2024-09-09,29.140596,21.074997,79.17499
2024-09-09,27.335838,21.074997,79.225006
2024-09-09,24.430647,21.125,78.975006
2024-09-09,25.672853,21.125,79.024994
2024-09-09,31.824825,21.125,79.07501
2024-09-09,30.709425,21.125,79.125
2024-09-09,29.981674,21.125,79.17499
2024-09-09,31.862976,21.125,79.225006
2024-09-09,26.498491,21.174995,78.975006
2024-09-09,27.616205,21.174995,79.024994
2024-09-09,27.3628,21.174995,79.07501
2024-09-09,26.10205,21.174995,79.125
2024-09-09,31.827267,21.174995,79.17499
2024-09-09,30.490902,21.174995,79.225006
2024-09-09,28.080801,21.224998,78.975006
2024-09-09,29.146698,21.224998,79.024994
2024-09-09,26.412336,21.224998,79.07501
2024-09-09,26.171747,21.224998,79.125
2024-09-09,32.28776,21.224998,79.17499
2024-09-09,29.440727,21.224998,79.225006
2024-09-10,35.069565,21.024994,78.975006
2024-09-10,34.55685,21.024994,79.024994
2024-09-10,37.587593,21.024994,79.07501
2024-09-10,35.48592,21.024994,79.125
2024-09-10,37.668884,21.024994,79.17499
2024-09-10,43.10581,21.024994,79.225006
2024-09-10,35.930397,21.074997,78.975006
2024-09-10,33.710094,21.074997,79.024994
2024-09-10,39.861065,21.074997,79.07501
2024-09-10,41.305256,21.074997,79.125
2024-09-10,40.796837,21.074997,79.17499
2024-09-10,43.737335,21.074997,79.225006
2024-09-10,36.64597,21.125,78.975006
2024-09-10,44.927498,21.125,79.024994
2024-09-10,44.55476,21.125,79.07501
2024-09-10,42.9932,21.125,79.125
2024-09-10,41.97435,21.125,79.17499
2024-09-10,44.60817,21.125,79.225006
2024-09-10,39.747734,21.174995,78.975006
2024-09-10,41.42431,21.174995,79.024994
2024-09-10,47.884903,21.174995,79.07501
2024-09-10,45.67858,21.174995,79.125
2024-09-10,44.55817,21.174995,79.17499
2024-09-10,42.687267,21.174995,79.225006
2024-09-10,42.1212,21.224998,78.975006
2024-09-10,43.720043,21.224998,79.024994
2024-09-10,46.221584,21.224998,79.07501
2024-09-10,45.80056,21.224998,79.125
2024-09-10,45.202866,21.224998,79.17499
2024-09-10,41.21702,21.224998,79.225006
2024-09-11,0.79378283,21.024994,78.975006
2024-09-11,0.42056724,21.024994,79.024994
2024-09-11,0.42962778,21.024994,79.07501
2024-09-11,0.43935773,21.024994,79.125
2024-09-11,0.4522149,21.024994,79.17499
2024-09-11,0.47901085,21.024994,79.225006
2024-09-11,0.7625929,21.074997,78.975006
2024-09-11,0.40184185,21.074997,79.024994
2024-09-11,0.46748966,21.074997,79.07501
2024-09-11,0.5093473,21.074997,79.125
2024-09-11,0.5011358,21.074997,79.17499
2024-09-11,0.8847665,21.074997,79.225006
2024-09-11,1.0793196,21.125,78.975006
2024-09-11,0.8391152,21.125,79.024994
2024-09-11,0.52931947,21.125,79.07501
2024-09-11,0.504717,21.125,79.125
2024-09-11,0.8696904,21.125,79.17499
2024-09-11,0.91908604,21.125,79.225006
2024-09-11,1.4339952,21.174995,78.975006
2024-09-11,1.1900245,21.174995,79.024994
2024-09-11,1.2411995,21.174995,79.07501
2024-09-11,0.83954155,21.174995,79.125
2024-09-11,0.88664526,21.174995,79.17499
2024-09-11,1.2550527,21.174995,79.225006
2024-09-11,1.4526149,21.224998,78.975006
2024-09-11,1.4587704,21.224998,79.024994
2024-09-11,1.1980855,21.224998,79.07501
2024-09-11,0.8529967,21.224998,79.125
2024-09-11,0.8533947,21.224998,79.17499
2024-09-11,1.2417201,21.224998,79.225006
2024-09-12,2.3364727,21.024994,78.975006
2024-09-12,1.222132,21.024994,79.024994
2024-09-12,1.2312692,21.024994,79.07501
2024-09-12,1.2412376,21.024994,79.125
2024-09-12,1.2593788,21.024994,79.17499
2024-09-12,1.3155458,21.024994,79.225006
2024-09-12,2.329242,21.074997,78.975006
2024-09-12,1.2104958,21.074997,79.024994
2024-09-12,1.3874123,21.074997,79.07501
2024-09-12,1.4885486,21.074997,79.125
2024-09-12,1.4421731,21.074997,79.17499
2024-09-12,2.5083199,21.074997,79.225006
2024-09-12,3.4187107,21.125,78.975006
2024-09-12,2.619094,21.125,79.024994
2024-09-12,1.6262546,21.125,79.07501
2024-09-12,1.5256054,21.125,79.125
2024-09-12,2.5863056,21.125,79.17499
2024-09-12,2.6901596,21.125,79.225006
2024-09-12,4.70524,21.174995,78.975006
2024-09-12,3.84522,21.174995,79.024994
2024-09-12,3.9450068,21.174995,79.07501
2024-09-12,2.6234126,21.174995,79.125
2024-09-12,2.7239108,21.174995,79.17499
2024-09-12,3.7924578,21.174995,79.225006
2024-09-12,4.929751,21.224998,78.975006
2024-09-12,4.873102,21.224998,79.024994
2024-09-12,3.9350266,21.224998,79.07501
2024-09-12,2.7531185,21.224998,79.125
2024-09-12,2.706794,21.224998,79.17499
2024-09-12,3.872342,21.224998,79.225006
2024-09-13,0.9147298,21.024994,78.975006
2024-09-13,0.4886541,21.024994,79.024994
2024-09-13,0.5035889,21.024994,79.07501
2024-09-13,0.520359,21.024994,79.125
2024-09-13,0.5425168,21.024994,79.17499
2024-09-13,0.5840416,21.024994,79.225006
2024-09-13,0.94975847,21.074997,78.975006
2024-09-13,0.5042056,21.074997,79.024994
2024-09-13,0.5912061,21.074997,79.07501
2024-09-13,0.6501532,21.074997,79.125
2024-09-13,0.6471554,21.074997,79.17499
2024-09-13,1.1596022,21.074997,79.225006
2024-09-13,1.4553609,21.125,78.975006
2024-09-13,1.1391617,21.125,79.024994
2024-09-13,0.7236664,21.125,79.07501
2024-09-13,0.6957825,21.125,79.125
2024-09-13,1.2115319,21.125,79.17499
2024-09-13,1.2976707,21.125,79.225006
2024-09-13,2.0957925,21.174995,78.975006
2024-09-13,1.7500712,21.174995,79.024994
2024-09-13,1.8368673,21.174995,79.07501
2024-09-13,1.25165,21.174995,79.125
2024-09-13,1.3342909,21.174995,79.17499
2024-09-13,1.9117312,21.174995,79.225006
2024-09-13,2.3022528,21.224998,78.975006
2024-09-13,2.3253155,21.224998,79.024994
2024-09-13,1.9205601,21.224998,79.07501
2024-09-13,1.3763057,21.224998,79.125
2024-09-13,1.3883922,21.224998,79.17499
2024-09-13,2.0421789,21.224998,79.225006
2024-09-14,0.319908,21.024994,78.975006
2024-09-14,0.17655239,21.024994,79.024994
2024-09-14,0.18820886,21.024994,79.07501
2024-09-14,0.20145449,21.024994,79.125
2024-09-14,0.21789514,21.024994,79.17499
2024-09-14,0.24370936,21.024994,79.225006
2024-09-14,0.34081158,21.074997,78.975006
2024-09-14,0.18711367,21.074997,79.024994
2024-09-14,0.22707477,21.074997,79.07501
2024-09-14,0.25865552,21.074997,79.125
2024-09-14,0.26688904,21.074997,79.17499
2024-09-14,0.49608278,21.074997,79.225006
2024-09-14,0.5334286,21.125,78.975006
2024-09-14,0.43205434,21.125,79.024994
2024-09-14,0.28412378,21.125,79.07501
2024-09-14,0.2828735,21.125,79.125
2024-09-14,0.51015943,21.125,79.17499
2024-09-14,0.5660348,21.125,79.225006
2024-09-14,0.7815311,21.174995,78.975006
2024-09-14,0.6753732,21.174995,79.024994
2024-09-14,0.733678,21.174995,79.07501
2024-09-14,0.5174094,21.174995,79.125
2024-09-14,0.57076794,21.174995,79.17499
2024-09-14,0.8459997,21.174995,79.225006
2024-09-14,0.87046504,21.224998,78.975006
2024-09-14,0.90950507,21.224998,79.024994
2024-09-14,0.7770542,21.224998,79.07501
2024-09-14,0.57587814,21.224998,79.125
2024-09-14,0.60055315,21.224998,79.17499
2024-09-14,0.91269356,21.224998,79.225006
2024-09-15,0.15049492,21.024994,78.975006
2024-09-15,0.07761959,21.024994,79.024994
2024-09-15,0.077032946,21.024994,79.07501
2024-09-15,0.07650891,21.024994,79.125
2024-09-15,0.07657458,21.024994,79.17499
2024-09-15,0.0790911,21.024994,79.225006
2024-09-15,0.15974455,21.074997,78.975006
2024-09-15,0.08203739,21.074997,79.024994
2024-09-15,0.092822775,21.074997,79.07501
2024-09-15,0.098313965,21.074997,79.125
2024-09-15,0.09412469,21.074997,79.17499
2024-09-15,0.16209485,21.074997,79.225006
2024-09-15,0.2481026,21.125,78.975006
2024-09-15,0.1881662,21.125,79.024994
2024-09-15,0.11554441,21.125,79.07501
2024-09-15,0.10718167,21.125,79.125
2024-09-15,0.1798091,21.125,79.17499
2024-09-15,0.1853925,21.125,79.225006
2024-09-15,0.3591239,21.174995,78.975006
2024-09-15,0.29094973,21.174995,79.024994
2024-09-15,0.29560468,21.174995,79.07501
2024-09-15,0.19462356,21.174995,79.125
2024-09-15,0.20018864,21.174995,79.17499
2024-09-15,0.2764998,21.174995,79.225006
2024-09-15,0.3933219,21.224998,78.975006
2024-09-15,0.38582623,21.224998,79.024994
2024-09-15,0.308825,21.224998,79.07501
2024-09-15,0.21410282,21.224998,79.125
2024-09-15,0.20867312,21.224998,79.17499
2024-09-15,0.29628405,21.224998,79.225006
2024-09-16,3.5014246,21.024994,78.975006
2024-09-16,3.120657,21.024994,79.024994
2024-09-16,3.197312,21.024994,79.07501
2024-09-16,3.2732816,21.024994,79.125
2024-09-16,4.8299727,21.024994,79.17499
2024-09-16,5.1226406,21.024994,79.225006
2024-09-16,3.5675004,21.074997,78.975006
2024-09-16,3.1630685,21.074997,79.024994
2024-09-16,0.0,21.074997,79.07501
2024-09-16,0.0,21.074997,79.125
2024-09-16,0.0,21.074997,79.17499
2024-09-16,5.642072,21.074997,79.225006
2024-09-16,3.6992214,21.125,78.975006
2024-09-16,0.0,21.125,79.024994
2024-09-16,0.0,21.125,79.07501
2024-09-16,0.0,21.125,79.125
2024-09-16,0.0,21.125,79.17499
2024-09-16,0.0,21.125,79.225006
2024-09-16,3.980923,21.174995,78.975006
2024-09-16,0.0,21.174995,79.024994
2024-09-16,0.0,21.174995,79.07501
2024-09-16,0.0,21.174995,79.125
2024-09-16,0.0,21.174995,79.17499
2024-09-16,0.0,21.174995,79.225006
2024-09-16,0.0,21.224998,78.975006
2024-09-16,0.0,21.224998,79.024994
2024-09-16,0.0,21.224998,79.07501
2024-09-16,0.0,21.224998,79.125
2024-09-16,0.0,21.224998,79.17499
2024-09-16,0.0,21.224998,79.225006
2024-09-17,0.0,21.024994,78.975006
2024-09-17,0.0,21.024994,79.024994
2024-09-17,0.0,21.024994,79.07501
2024-09-17,0.0,21.024994,79.125
2024-09-17,0.0,21.024994,79.17499
2024-09-17,0.0,21.024994,79.225006
2024-09-17,0.0,21.074997,78.975006
2024-09-17,0.0,21.074997,79.024994
2024-09-17,0.0,21.074997,79.07501
2024-09-17,0.0,21.074997,79.125
2024-09-17,0.0,21.074997,79.17499
2024-09-17,0.0,21.074997,79.225006
2024-09-17,0.0,21.125,78.975006
2024-09-17,0.0,21.125,79.024994
2024-09-17,0.0,21.125,79.07501
2024-09-17,0.0,21.125,79.125
2024-09-17,0.0,21.125,79.17499
2024-09-17,0.0,21.125,79.225006
2024-09-17,0.0,21.174995,78.975006
2024-09-17,0.0,21.174995,79.024994
2024-09-17,0.0,21.174995,79.07501
2024-09-17,0.0,21.174995,79.125
2024-09-17,0.0,21.174995,79.17499
2024-09-17,0.0,21.174995,79.225006
2024-09-17,0.0,21.224998,78.975006
2024-09-17,0.0,21.224998,79.024994
2024-09-17,0.0,21.224998,79.07501
2024-09-17,0.0,21.224998,79.125
2024-09-17,0.0,21.224998,79.17499
2024-09-17,0.0,21.224998,79.225006
2024-09-18,0.0,21.024994,78.975006
2024-09-18,0.0,21.024994,79.024994
2024-09-18,0.0,21.024994,79.07501
2024-09-18,0.0,21.024994,79.125
2024-09-18,0.0,21.024994,79.17499
2024-09-18,0.0,21.024994,79.225006
2024-09-18,0.0,21.074997,78.975006
2024-09-18,0.0,21.074997,79.024994
2024-09-18,0.0,21.074997,79.07501
2024-09-18,0.0,21.074997,79.125
2024-09-18,0.0,21.074997,79.17499
2024-09-18,0.0,21.074997,79.225006
2024-09-18,0.0,21.125,78.975006
2024-09-18,0.0,21.125,79.024994
2024-09-18,0.0,21.125,79.07501
2024-09-18,0.0,21.125,79.125
2024-09-18,0.0,21.125,79.17499
2024-09-18,0.0,21.125,79.225006
2024-09-18,0.0,21.174995,78.975006
2024-09-18,0.0,21.174995,79.024994
2024-09-18,0.0,21.174995,79.07501
2024-09-18,0.0,21.174995,79.125
2024-09-18,0.0,21.174995,79.17499
2024-09-18,0.0,21.174995,79.225006
2024-09-18,0.0,21.224998,78.975006
2024-09-18,0.0,21.224998,79.024994
2024-09-18,0.0,21.224998,79.07501
2024-09-18,0.0,21.224998,79.125
2024-09-18,0.0,21.224998,79.17499
2024-09-18,0.0,21.224998,79.225006
2024-09-19,0.0,21.024994,78.975006
2024-09-19,0.0,21.024994,79.024994
2024-09-19,0.0,21.024994,79.07501
2024-09-19,0.0,21.024994,79.125
2024-09-19,0.0,21.024994,79.17499
2024-09-19,0.0,21.024994,79.225006
2024-09-19,0.0,21.074997,78.975006
2024-09-19,0.0,21.074997,79.024994
2024-09-19,0.0,21.074997,79.07501
2024-09-19,0.0,21.074997,79.125
2024-09-19,0.0,21.074997,79.17499
2024-09-19,0.0,21.074997,79.225006
2024-09-19,0.0,21.125,78.975006
2024-09-19,0.0,21.125,79.024994
2024-09-19,0.0,21.125,79.07501
2024-09-19,0.0,21.125,79.125
2024-09-19,0.0,21.125,79.17499
2024-09-19,0.0,21.125,79.225006
2024-09-19,0.0,21.174995,78.975006
2024-09-19,0.0,21.174995,79.024994
2024-09-19,0.0,21.174995,79.07501
2024-09-19,0.0,21.174995,79.125
2024-09-19,0.0,21.174995,79.17499
2024-09-19,0.0,21.174995,79.225006
2024-09-19,0.0,21.224998,78.975006
2024-09-19,0.0,21.224998,79.024994
2024-09-19,0.0,21.224998,79.07501
2024-09-19,0.0,21.224998,79.125
2024-09-19,0.0,21.224998,79.17499
2024-09-19,0.0,21.224998,79.225006
2024-09-20,0.0,21.024994,78.975006
2024-09-20,0.0,21.024994,79.024994
2024-09-20,0.0,21.024994,79.07501
2024-09-20,0.0,21.024994,79.125
2024-09-20,0.0,21.024994,79.17499
2024-09-20,0.0,21.024994,79.225006
2024-09-20,0.0,21.074997,78.975006
2024-09-20,0.0,21.074997,79.024994
2024-09-20,0.0,21.074997,79.07501
2024-09-20,0.0,21.074997,79.125
2024-09-20,0.0,21.074997,79.17499
2024-09-20,0.0,21.074997,79.225006
2024-09-20,0.0,21.125,78.975006
2024-09-20,0.0,21.125,79.024994
2024-09-20,0.0,21.125,79.07501
2024-09-20,0.0,21.125,79.125
2024-09-20,0.0,21.125,79.17499
2024-09-20,0.0,21.125,79.225006
2024-09-20,0.0,21.174995,78.975006
2024-09-20,0.0,21.174995,79.024994
2024-09-20,0.0,21.174995,79.07501
2024-09-20,0.0,21.174995,79.125
2024-09-20,0.0,21.174995,79.17499
2024-09-20,0.0,21.174995,79.225006
2024-09-20,0.0,21.224998,78.975006
2024-09-20,0.0,21.224998,79.024994
2024-09-20,0.0,21.224998,79.07501
2024-09-20,0.0,21.224998,79.125
2024-09-20,0.0,21.224998,79.17499
2024-09-20,0.0,21.224998,79.225006
2024-09-21,0.0,21.024994,78.975006
2024-09-21,0.0,21.024994,79.024994
2024-09-21,0.0,21.024994,79.07501
2024-09-21,0.0,21.024994,79.125
2024-09-21,5.3512135,21.024994,79.17499
2024-09-21,5.801639,21.024994,79.225006
2024-09-21,0.0,21.074997,78.975006
2024-09-21,0.0,21.074997,79.024994
2024-09-21,0.0,21.074997,79.07501
2024-09-21,0.0,21.074997,79.125
2024-09-21,5.9493823,21.074997,79.17499
2024-09-21,7.2474093,21.074997,79.225006
2024-09-21,0.0,21.125,78.975006
2024-09-21,0.0,21.125,79.024994
2024-09-21,0.0,21.125,79.07501
2024-09-21,0.0,21.125,79.125
2024-09-21,6.334298,21.125,79.17499
2024-09-21,8.756999,21.125,79.225006
2024-09-21,0.0,21.174995,78.975006
2024-09-21,0.0,21.174995,79.024994
2024-09-21,0.0,21.174995,79.07501
2024-09-21,0.0,21.174995,79.125
2024-09-21,0.0,21.174995,79.17499
2024-09-21,6.340321,21.174995,79.225006
2024-09-21,0.0,21.224998,78.975006
2024-09-21,0.0,21.224998,79.024994
2024-09-21,0.0,21.224998,79.07501
2024-09-21,0.0,21.224998,79.125
2024-09-21,0.0,21.224998,79.17499
2024-09-21,0.0,21.224998,79.225006
2024-09-22,16.768208,21.024994,78.975006
2024-09-22,15.590383,21.024994,79.024994
2024-09-22,18.154644,21.024994,79.07501
2024-09-22,19.481888,21.024994,79.125
2024-09-22,21.404854,21.024994,79.17499
2024-09-22,23.206556,21.024994,79.225006
2024-09-22,18.477741,21.074997,78.975006
2024-09-22,16.35757,21.074997,79.024994
2024-09-22,18.628105,21.074997,79.07501
2024-09-22,28.3324,21.074997,79.125
2024-09-22,23.79753,21.074997,79.17499
2024-09-22,28.989637,21.074997,79.225006
2024-09-22,18.540146,21.125,78.975006
2024-09-22,17.652079,21.125,79.024994
2024-09-22,24.77576,21.125,79.07501
2024-09-22,23.332874,21.125,79.125
2024-09-22,19.002895,21.125,79.17499
2024-09-22,26.270998,21.125,79.225006
2024-09-22,17.569895,21.174995,78.975006
2024-09-22,20.932312,21.174995,79.024994
2024-09-22,17.829874,21.174995,79.07501
2024-09-22,17.275938,21.174995,79.125
2024-09-22,24.26773,21.174995,79.17499
2024-09-22,19.020964,21.174995,79.225006
2024-09-22,17.782763,21.224998,78.975006
2024-09-22,15.600342,21.224998,79.024994
2024-09-22,16.601818,21.224998,79.07501
2024-09-22,19.11772,21.224998,79.125
2024-09-22,19.629463,21.224998,79.17499
2024-09-22,16.652527,21.224998,79.225006
2024-09-23,4.192052,21.024994,78.975006
2024-09-23,3.8975956,21.024994,79.024994
2024-09-23,4.538661,21.024994,79.07501
2024-09-23,4.870472,21.024994,79.125
2024-09-23,0.0,21.024994,79.17499
2024-09-23,0.0,21.024994,79.225006
2024-09-23,4.6194353,21.074997,78.975006
2024-09-23,4.0893927,21.074997,79.024994
2024-09-23,0.0,21.074997,79.07501
2024-09-23,0.0,21.074997,79.125
2024-09-23,0.0,21.074997,79.17499
2024-09-23,0.0,21.074997,79.225006
2024-09-23,6.180048,21.125,78.975006
2024-09-23,4.4130197,21.125,79.024994
2024-09-23,0.0,21.125,79.07501
2024-09-23,0.0,21.125,79.125
2024-09-23,0.0,21.125,79.17499
2024-09-23,0.0,21.125,79.225006
2024-09-23,5.8566313,21.174995,78.975006
2024-09-23,6.9774375,21.174995,79.024994
2024-09-23,5.9432917,21.174995,79.07501
2024-09-23,5.7586465,21.174995,79.125
2024-09-23,8.089243,21.174995,79.17499
2024-09-23,6.340321,21.174995,79.225006
2024-09-23,5.927587,21.224998,78.975006
2024-09-23,5.200114,21.224998,79.024994
2024-09-23,5.5339394,21.224998,79.07501
2024-09-23,6.372574,21.224998,79.125
2024-09-23,6.5431542,21.224998,79.17499
2024-09-23,8.326263,21.224998,79.225006
2024-09-24,8.384104,21.024994,78.975006
2024-09-24,7.7951913,21.024994,79.024994
2024-09-24,9.077322,21.024994,79.07501
2024-09-24,4.870472,21.024994,79.125
2024-09-24,5.3512135,21.024994,79.17499
2024-09-24,5.801639,21.024994,79.225006
2024-09-24,9.238871,21.074997,78.975006
2024-09-24,8.178785,21.074997,79.024994
2024-09-24,12.418736,21.074997,79.07501
2024-09-24,7.0831,21.074997,79.125
2024-09-24,5.9493823,21.074997,79.17499
2024-09-24,7.2474093,21.074997,79.225006
2024-09-24,6.180048,21.125,78.975006
2024-09-24,13.2390585,21.125,79.024994
2024-09-24,8.258586,21.125,79.07501
2024-09-24,7.777624,21.125,79.125
2024-09-24,6.334298,21.125,79.17499
2024-09-24,8.756999,21.125,79.225006
2024-09-24,5.8566313,21.174995,78.975006
2024-09-24,6.9774375,21.174995,79.024994
2024-09-24,11.886583,21.174995,79.07501
2024-09-24,5.7586465,21.174995,79.125
2024-09-24,8.089243,21.174995,79.17499
2024-09-24,6.340321,21.174995,79.225006
2024-09-24,5.927587,21.224998,78.975006
2024-09-24,5.200114,21.224998,79.024994
2024-09-24,11.067879,21.224998,79.07501
2024-09-24,6.372574,21.224998,79.125
2024-09-24,6.5431542,21.224998,79.17499
2024-09-24,8.326263,21.224998,79.225006
2024-09-25,4.192052,21.024994,78.975006
2024-09-25,3.8975956,21.024994,79.024994
2024-09-25,4.538661,21.024994,79.07501
2024-09-25,4.870472,21.024994,79.125
2024-09-25,5.3512135,21.024994,79.17499
2024-09-25,5.801639,21.024994,79.225006
2024-09-25,4.6194353,21.074997,78.975006
2024-09-25,4.0893927,21.074997,79.024994
2024-09-25,6.209368,21.074997,79.07501
2024-09-25,7.0831,21.074997,79.125
2024-09-25,5.9493823,21.074997,79.17499
2024-09-25,0.0,21.074997,79.225006
2024-09-25,0.0,21.125,78.975006
2024-09-25,4.4130197,21.125,79.024994
2024-09-25,8.258586,21.125,79.07501
2024-09-25,7.777624,21.125,79.125
2024-09-25,6.334298,21.125,79.17499
2024-09-25,0.0,21.125,79.225006
2024-09-25,0.0,21.174995,78.975006
2024-09-25,0.0,21.174995,79.024994
2024-09-25,0.0,21.174995,79.07501
2024-09-25,5.7586465,21.174995,79.125
2024-09-25,0.0,21.174995,79.17499
2024-09-25,0.0,21.174995,79.225006
2024-09-25,0.0,21.224998,78.975006
2024-09-25,0.0,21.224998,79.024994
2024-09-25,0.0,21.224998,79.07501
2024-09-25,0.0,21.224998,79.125
2024-09-25,0.0,21.224998,79.17499
2024-09-25,0.0,21.224998,79.225006
2024-09-26,17.629938,21.024994,78.975006
2024-09-26,17.24072,21.024994,79.024994
2024-09-26,17.167927,21.024994,79.07501
2024-09-26,19.466244,21.024994,79.125
2024-09-26,19.960268,21.024994,79.17499
2024-09-26,21.803337,21.024994,79.225006
2024-09-26,18.83989,21.074997,78.975006
2024-09-26,17.368662,21.074997,79.024994
2024-09-26,20.627052,21.074997,79.07501
2024-09-26,22.9063,21.074997,79.125
2024-09-26,24.080032,21.074997,79.17499
2024-09-26,25.534437,21.074997,79.225006
2024-09-26,20.21743,21.125,78.975006
2024-09-26,22.463018,21.125,79.024994
2024-09-26,19.096724,21.125,79.07501
2024-09-26,19.904722,21.125,79.125
2024-09-26,25.089186,21.125,79.17499
2024-09-26,27.605955,21.125,79.225006
2024-09-26,20.499763,21.174995,78.975006
2024-09-26,21.0781,21.174995,79.024994
2024-09-26,25.419777,21.174995,79.07501
2024-09-26,26.843216,21.174995,79.125
2024-09-26,28.70909,21.174995,79.17499
2024-09-26,27.524893,21.174995,79.225006
2024-09-26,20.977388,21.224998,78.975006
2024-09-26,26.534792,21.224998,79.024994
2024-09-26,19.732212,21.224998,79.07501
2024-09-26,21.361444,21.224998,79.125
2024-09-26,21.711702,21.224998,79.17499
2024-09-26,21.88688,21.224998,79.225006
2024-09-27,17.629938,21.024994,78.975006
2024-09-27,17.24072,21.024994,79.024994
2024-09-27,17.167927,21.024994,79.07501
2024-09-27,19.466244,21.024994,79.125
2024-09-27,19.960268,21.024994,79.17499
2024-09-27,21.803337,21.024994,79.225006
2024-09-27,18.83989,21.074997,78.975006
2024-09-27,17.368662,21.074997,79.024994
2024-09-27,20.627052,21.074997,79.07501
2024-09-27,22.9063,21.074997,79.125
2024-09-27,24.080032,21.074997,79.17499
2024-09-27,25.534437,21.074997,79.225006
2024-09-27,20.21743,21.125,78.975006
2024-09-27,22.463018,21.125,79.024994
2024-09-27,28.645086,21.125,79.07501
2024-09-27,29.85708,21.125,79.125
2024-09-27,25.089186,21.125,79.17499
2024-09-27,27.605955,21.125,79.225006
2024-09-27,20.499763,21.174995,78.975006
2024-09-27,21.0781,21.174995,79.024994
2024-09-27,25.419777,21.174995,79.07501
2024-09-27,26.843216,21.174995,79.125
2024-09-27,28.70909,21.174995,79.17499
2024-09-27,27.524893,21.174995,79.225006
2024-09-27,20.977388,21.224998,78.975006
2024-09-27,17.689861,21.224998,79.024994
2024-09-27,19.732212,21.224998,79.07501
2024-09-27,21.361444,21.224998,79.125
2024-09-27,21.711702,21.224998,79.17499
2024-09-27,21.88688,21.224998,79.225006
2024-09-28,0.0,21.024994,78.975006
2024-09-28,0.0,21.024994,79.024994
2024-09-28,0.0,21.024994,79.07501
2024-09-28,0.0,21.024994,79.125
2024-09-28,0.0,21.024994,79.17499
2024-09-28,0.0,21.024994,79.225006
2024-09-28,0.0,21.074997,78.975006
2024-09-28,0.0,21.074997,79.024994
2024-09-28,0.0,21.074997,79.07501
2024-09-28,0.0,21.074997,79.125
2024-09-28,0.0,21.074997,79.17499
2024-09-28,0.0,21.074997,79.225006
2024-09-28,0.0,21.125,78.975006
2024-09-28,0.0,21.125,79.024994
2024-09-28,0.0,21.125,79.07501
2024-09-28,0.0,21.125,79.125
2024-09-28,0.0,21.125,79.17499
2024-09-28,0.0,21.125,79.225006
2024-09-28,0.0,21.174995,78.975006
2024-09-28,0.0,21.174995,79.024994
2024-09-28,0.0,21.174995,79.07501
2024-09-28,0.0,21.174995,79.125
2024-09-28,0.0,21.174995,79.17499
2024-09-28,0.0,21.174995,79.225006
2024-09-28,0.0,21.224998,78.975006
2024-09-28,0.0,21.224998,79.024994
2024-09-28,0.0,21.224998,79.07501
2024-09-28,0.0,21.224998,79.125
2024-09-28,0.0,21.224998,79.17499
2024-09-28,0.0,21.224998,79.225006
2024-09-29,0.0,21.024994,78.975006
2024-09-29,0.0,21.024994,79.024994
2024-09-29,0.0,21.024994,79.07501
2024-09-29,0.0,21.024994,79.125
2024-09-29,0.0,21.024994,79.17499
2024-09-29,0.0,21.024994,79.225006
2024-09-29,0.0,21.074997,78.975006
2024-09-29,0.0,21.074997,79.024994
2024-09-29,0.0,21.074997,79.07501
2024-09-29,0.0,21.074997,79.125
2024-09-29,0.0,21.074997,79.17499
2024-09-29,0.0,21.074997,79.225006
2024-09-29,0.0,21.125,78.975006
2024-09-29,0.0,21.125,79.024994
2024-09-29,0.0,21.125,79.07501
2024-09-29,0.0,21.125,79.125
2024-09-29,0.0,21.125,79.17499
2024-09-29,0.0,21.125,79.225006
2024-09-29,0.0,21.174995,78.975006
2024-09-29,0.0,21.174995,79.024994
2024-09-29,0.0,21.174995,79.07501
2024-09-29,0.0,21.174995,79.125
2024-09-29,0.0,21.174995,79.17499
2024-09-29,0.0,21.174995,79.225006
2024-09-29,0.0,21.224998,78.975006
2024-09-29,0.0,21.224998,79.024994
2024-09-29,0.0,21.224998,79.07501
2024-09-29,0.0,21.224998,79.125
2024-09-29,0.0,21.224998,79.17499
2024-09-29,0.0,21.224998,79.225006
2024-09-30,0.0,21.024994,78.975006
2024-09-30,0.0,21.024994,79.024994
2024-09-30,0.0,21.024994,79.07501
2024-09-30,0.0,21.024994,79.125
2024-09-30,0.0,21.024994,79.17499
2024-09-30,0.0,21.024994,79.225006
2024-09-30,0.0,21.074997,78.975006
2024-09-30,0.0,21.074997,79.024994
2024-09-30,0.0,21.074997,79.07501
2024-09-30,0.0,21.074997,79.125
2024-09-30,0.0,21.074997,79.17499
2024-09-30,0.0,21.074997,79.225006
2024-09-30,0.0,21.125,78.975006
2024-09-30,0.0,21.125,79.024994
2024-09-30,0.0,21.125,79.07501
2024-09-30,0.0,21.125,79.125
2024-09-30,0.0,21.125,79.17499
2024-09-30,0.0,21.125,79.225006
2024-09-30,0.0,21.174995,78.975006
2024-09-30,0.0,21.174995,79.024994
2024-09-30,0.0,21.174995,79.07501
2024-09-30,0.0,21.174995,79.125
2024-09-30,0.0,21.174995,79.17499
2024-09-30,0.0,21.174995,79.225006
2024-09-30,0.0,21.224998,78.975006
2024-09-30,0.0,21.224998,79.024994
2024-09-30,9.866106,21.224998,79.07501
2024-09-30,10.680722,21.224998,79.125
2024-09-30,10.855851,21.224998,79.17499
2024-09-30,10.94344,21.224998,79.225006
2024-10-01,1.6107479,21.024994,78.975006
2024-10-01,1.4568908,21.024994,79.024994
2024-10-01,1.3945998,21.024994,79.07501
2024-10-01,1.5149325,21.024994,79.125
2024-10-01,1.9149339,21.024994,79.17499
2024-10-01,1.5838531,21.024994,79.225006
2024-10-01,1.5764128,21.074997,78.975006
2024-10-01,1.565551,21.074997,79.024994
2024-10-01,1.5797974,21.074997,79.07501
2024-10-01,1.5994214,21.074997,79.125
2024-10-01,1.6386476,21.074997,79.17499
2024-10-01,2.1654477,21.074997,79.225006
2024-10-01,1.7560697,21.125,78.975006
2024-10-01,1.7192584,21.125,79.024994
2024-10-01,1.7060229,21.125,79.07501
2024-10-01,1.7121675,21.125,79.125
2024-10-01,1.7608792,21.125,79.17499
2024-10-01,3.9886222,21.125,79.225006
2024-10-01,1.841191,21.174995,78.975006
2024-10-01,1.8174605,21.174995,79.024994
2024-10-01,1.7679445,21.174995,79.07501
2024-10-01,2.2137396,21.174995,79.125
2024-10-01,2.3108537,21.174995,79.17499
2024-10-01,15.460523,21.174995,79.225006
2024-10-01,2.0275764,21.224998,78.975006
2024-10-01,1.9332502,21.224998,79.024994
2024-10-01,1.9653096,21.224998,79.07501
2024-10-01,2.533697,21.224998,79.125
2024-10-01,3.4496183,21.224998,79.17499
2024-10-01,14.942108,21.224998,79.225006
2024-10-02,0.0,21.024994,78.975006
2024-10-02,0.0,21.024994,79.024994
2024-10-02,0.0,21.024994,79.07501
2024-10-02,0.0,21.024994,79.125
2024-10-02,0.0,21.024994,79.17499
2024-10-02,0.0,21.024994,79.225006
2024-10-02,0.0,21.074997,78.975006
2024-10-02,0.0,21.074997,79.024994
2024-10-02,0.0,21.074997,79.07501
2024-10-02,0.0,21.074997,79.125
2024-10-02,0.0,21.074997,79.17499
2024-10-02,0.0,21.074997,79.225006
2024-10-02,0.0,21.125,78.975006
2024-10-02,0.0,21.125,79.024994
2024-10-02,0.0,21.125,79.07501
2024-10-02,0.0,21.125,79.125
2024-10-02,0.0,21.125,79.17499
2024-10-02,0.009944169,21.125,79.225006
2024-10-02,0.0,21.174995,78.975006
2024-10-02,0.0,21.174995,79.024994
2024-10-02,0.0,21.174995,79.07501
2024-10-02,0.0022802749,21.174995,79.125
2024-10-02,0.005855355,21.174995,79.17499
2024-10-02,0.068340406,21.174995,79.225006
2024-10-02,0.0,21.224998,78.975006
2024-10-02,0.0,21.224998,79.024994
2024-10-02,0.0004020396,21.224998,79.07501
2024-10-02,0.0016724373,21.224998,79.125
2024-10-02,0.004897826,21.224998,79.17499
2024-10-02,0.037509236,21.224998,79.225006
2024-10-03,0.2473458,21.024994,78.975006
2024-10-03,0.20904721,21.024994,79.024994
2024-10-03,0.18659191,21.024994,79.07501
2024-10-03,0.1883993,21.024994,79.125
2024-10-03,0.22048013,21.024994,79.17499
2024-10-03,0.16812551,21.024994,79.225006
2024-10-03,0.23967989,21.074997,78.975006
2024-10-03,0.22131531,21.074997,79.024994
2024-10-03,0.20692547,21.074997,79.07501
2024-10-03,0.1932282,21.074997,79.125
2024-10-03,0.18166469,21.074997,79.17499
2024-10-03,0.21921873,21.074997,79.225006
2024-10-03,0.26331946,21.125,78.975006
2024-10-03,0.23841354,21.125,79.024994
2024-10-03,0.2176542,21.125,79.07501
2024-10-03,0.19970074,21.125,79.125
2024-10-03,0.1865111,21.125,79.17499
2024-10-03,0.38137728,21.125,79.225006
2024-10-03,0.26979497,21.174995,78.975006
2024-10-03,0.24485692,21.174995,79.024994
2024-10-03,0.2174212,21.174995,79.07501
2024-10-03,0.24641009,21.174995,79.125
2024-10-03,0.23077859,21.174995,79.17499
2024-10-03,1.3750712,21.174995,79.225006
2024-10-03,0.28539506,21.224998,78.975006
2024-10-03,0.24853455,21.224998,79.024994
2024-10-03,0.2285881,21.224998,79.07501
2024-10-03,0.26369935,21.224998,79.125
2024-10-03,0.31765828,21.224998,79.17499
2024-10-03,1.2062337,21.224998,79.225006
2024-10-04,0.037026767,21.024994,78.975006
2024-10-04,0.02658282,21.024994,79.024994
2024-10-04,0.019217148,21.024994,79.07501
2024-10-04,0.014730681,21.024994,79.125
2024-10-04,0.011905575,21.024994,79.17499
2024-10-04,0.0053748745,21.024994,79.225006
2024-10-04,0.040866803,21.074997,78.975006
2024-10-04,0.033076983,21.074997,79.024994
2024-10-04,0.02613584,21.074997,79.07501
2024-10-04,0.019682491,21.074997,79.125
2024-10-04,0.014034583,21.074997,79.17499
2024-10-04,0.011851263,21.074997,79.225006
2024-10-04,0.05084375,21.125,78.975006
2024-10-04,0.041550405,21.125,79.024994
2024-10-04,0.03330655,21.125,79.07501
2024-10-04,0.025931219,21.125,79.125
2024-10-04,0.01970556,21.125,79.17499
2024-10-04,0.03123313,21.125,79.225006
2024-10-04,0.057686087,21.174995,78.975006
2024-10-04,0.048407786,21.174995,79.024994
2024-10-04,0.038912456,21.174995,79.07501
2024-10-04,0.038893137,21.174995,79.125
2024-10-04,0.031124609,21.174995,79.17499
2024-10-04,0.15299551,21.174995,79.225006
2024-10-04,0.06506437,21.224998,78.975006
2024-10-04,0.053262603,21.224998,79.024994
2024-10-04,0.04525407,21.224998,79.07501
2024-10-04,0.047171317,21.224998,79.125
2024-10-04,0.049956128,21.224998,79.17499
2024-10-04,0.16163403,21.224998,79.225006
2024-10-05,0.0,21.024994,78.975006
2024-10-05,0.0,21.024994,79.024994
2024-10-05,0.0,21.024994,79.07501
2024-10-05,0.0,21.024994,79.125
2024-10-05,0.0,21.024994,79.17499
2024-10-05,0.0,21.024994,79.225006
2024-10-05,0.0,21.074997,78.975006
2024-10-05,0.0,21.074997,79.024994
2024-10-05,0.0,21.074997,79.07501
2024-10-05,0.0,21.074997,79.125
2024-10-05,0.0,21.074997,79.17499
2024-10-05,0.0,21.074997,79.225006
2024-10-05,0.0,21.125,78.975006
2024-10-05,0.0,21.125,79.024994
2024-10-05,0.0,21.125,79.07501
2024-10-05,0.0,21.125,79.125
2024-10-05,0.0,21.125,79.17499
2024-10-05,0.0,21.125,79.225006
2024-10-05,0.004262094,21.174995,78.975006
2024-10-05,0.0028956942,21.174995,79.024994
2024-10-05,0.0015896678,21.174995,79.07501
2024-10-05,0.000614805,21.174995,79.125
2024-10-05,0.0,21.174995,79.17499
2024-10-05,0.0,21.174995,79.225006
2024-10-05,0.0068095583,21.224998,78.975006
2024-10-05,0.005072628,21.224998,79.024994
2024-10-05,0.0037357225,21.224998,79.07501
2024-10-05,0.0031166081,21.224998,79.125
2024-10-05,0.0022740795,21.224998,79.17499
2024-10-05,0.0035423245,21.224998,79.225006
2024-10-06,0.0,21.024994,78.975006
2024-10-06,0.0,21.024994,79.024994
2024-10-06,0.0,21.024994,79.07501
2024-10-06,0.0,21.024994,79.125
2024-10-06,0.0,21.024994,79.17499
2024-10-06,0.0,21.024994,79.225006
2024-10-06,0.0,21.074997,78.975006
2024-10-06,0.0,21.074997,79.024994
2024-10-06,0.0,21.074997,79.07501
2024-10-06,0.0,21.074997,79.125
2024-10-06,0.0,21.074997,79.17499
2024-10-06,0.0,21.074997,79.225006
2024-10-06,0.0,21.125,78.975006
2024-10-06,0.0,21.125,79.024994
2024-10-06,0.0,21.125,79.07501
2024-10-06,0.0,21.125,79.125
2024-10-06,0.0,21.125,79.17499
2024-10-06,0.0,21.125,79.225006
2024-10-06,0.0,21.174995,78.975006
2024-10-06,0.0,21.174995,79.024994
2024-10-06,0.0,21.174995,79.07501
2024-10-06,0.0,21.174995,79.125
2024-10-06,0.0,21.174995,79.17499
2024-10-06,0.0,21.174995,79.225006
2024-10-06,0.0,21.224998,78.975006
2024-10-06,0.0,21.224998,79.024994
2024-10-06,0.0,21.224998,79.07501
2024-10-06,0.0,21.224998,79.125
2024-10-06,0.0,21.224998,79.17499
2024-10-06,0.0,21.224998,79.225006
2024-10-07,0.0,21.024994,78.975006
2024-10-07,0.0,21.024994,79.024994
2024-10-07,0.0,21.024994,79.07501
2024-10-07,0.0,21.024994,79.125
2024-10-07,0.0,21.024994,79.17499
2024-10-07,0.0,21.024994,79.225006
2024-10-07,0.0,21.074997,78.975006
2024-10-07,0.0,21.074997,79.024994
2024-10-07,0.0,21.074997,79.07501
2024-10-07,0.0,21.074997,79.125
2024-10-07,0.0,21.074997,79.17499
2024-10-07,0.0,21.074997,79.225006
2024-10-07,0.0,21.125,78.975006
2024-10-07,0.0,21.125,79.024994
2024-10-07,0.0,21.125,79.07501
2024-10-07,0.0,21.125,79.125
2024-10-07,0.0,21.125,79.17499
2024-10-07,0.0,21.125,79.225006
2024-10-07,0.0,21.174995,78.975006
2024-10-07,0.0,21.174995,79.024994
2024-10-07,0.0,21.174995,79.07501
2024-10-07,0.0,21.174995,79.125
2024-10-07,0.0,21.174995,79.17499
2024-10-07,0.0,21.174995,79.225006
2024-10-07,0.0,21.224998,78.975006
2024-10-07,0.0,21.224998,79.024994
2024-10-07,0.0,21.224998,79.07501
2024-10-07,0.0,21.224998,79.125
2024-10-07,0.0,21.224998,79.17499
2024-10-07,0.0,21.224998,79.225006
2024-10-08,0.0,21.024994,78.975006
2024-10-08,0.0,21.024994,79.024994
2024-10-08,0.0,21.024994,79.07501
2024-10-08,0.0,21.024994,79.125
2024-10-08,0.0,21.024994,79.17499
2024-10-08,0.0,21.024994,79.225006
2024-10-08,0.0,21.074997,78.975006
2024-10-08,0.0,21.074997,79.024994
2024-10-08,0.0,21.074997,79.07501
2024-10-08,0.0,21.074997,79.125
2024-10-08,0.0,21.074997,79.17499
2024-10-08,0.0,21.074997,79.225006
2024-10-08,3.2188857,21.125,78.975006
2024-10-08,2.8788304,21.125,79.024994
2024-10-08,2.453683,21.125,79.07501
2024-10-08,2.4110188,21.125,79.125
2024-10-08,0.0,21.125,79.17499
2024-10-08,0.0,21.125,79.225006
2024-10-08,3.5663757,21.174995,78.975006
2024-10-08,3.2322657,21.174995,79.024994
2024-10-08,3.3140726,21.174995,79.07501
2024-10-08,2.9522598,21.174995,79.125
2024-10-08,3.7606783,21.174995,79.17499
2024-10-08,12.010624,21.174995,79.225006
2024-10-08,6.624837,21.224998,78.975006
2024-10-08,3.660143,21.224998,79.024994
2024-10-08,3.6704178,21.224998,79.07501
2024-10-08,5.0835648,21.224998,79.125
2024-10-08,3.9836419,21.224998,79.17499
2024-10-08,13.049409,21.224998,79.225006
2024-10-09,0.0,21.024994,78.975006
2024-10-09,0.0,21.024994,79.024994
2024-10-09,0.0,21.024994,79.07501
2024-10-09,0.0,21.024994,79.125
2024-10-09,1.9366897,21.024994,79.17499
2024-10-09,2.0163085,21.024994,79.225006
2024-10-09,0.0,21.074997,78.975006
2024-10-09,0.0,21.074997,79.024994
2024-10-09,0.0,21.074997,79.07501
2024-10-09,0.0,21.074997,79.125
2024-10-09,0.0,21.074997,79.17499
2024-10-09,2.5841808,21.074997,79.225006
2024-10-09,0.0,21.125,78.975006
2024-10-09,0.0,21.125,79.024994
2024-10-09,0.0,21.125,79.07501
2024-10-09,0.0,21.125,79.125
2024-10-09,0.0,21.125,79.17499
2024-10-09,0.0,21.125,79.225006
2024-10-09,0.0,21.174995,78.975006
2024-10-09,0.0,21.174995,79.024994
2024-10-09,0.0,21.174995,79.07501
2024-10-09,0.0,21.174995,79.125
2024-10-09,0.0,21.174995,79.17499
2024-10-09,0.0,21.174995,79.225006
2024-10-09,0.0,21.224998,78.975006
2024-10-09,0.0,21.224998,79.024994
2024-10-09,0.0,21.224998,79.07501
2024-10-09,0.0,21.224998,79.125
2024-10-09,0.0,21.224998,79.17499
2024-10-09,0.0,21.224998,79.225006
2024-10-10,7.5636744,21.024994,78.975006
2024-10-10,6.819219,21.024994,79.024994
2024-10-10,6.351931,21.024994,79.07501
2024-10-10,7.378831,21.024994,79.125
2024-10-10,3.8733795,21.024994,79.17499
2024-10-10,4.032617,21.024994,79.225006
2024-10-10,7.323045,21.074997,78.975006
2024-10-10,8.2685585,21.074997,79.024994
2024-10-10,7.7954116,21.074997,79.07501
2024-10-10,7.483517,21.074997,79.125
2024-10-10,7.6118245,21.074997,79.17499
2024-10-10,5.1683617,21.074997,79.225006
2024-10-10,6.4377713,21.125,78.975006
2024-10-10,5.757661,21.125,79.024994
2024-10-10,4.907366,21.125,79.07501
2024-10-10,4.8220377,21.125,79.125
2024-10-10,8.143776,21.125,79.17499
2024-10-10,8.571914,21.125,79.225006
2024-10-10,7.1327515,21.174995,78.975006
2024-10-10,6.4645314,21.174995,79.024994
2024-10-10,6.628145,21.174995,79.07501
2024-10-10,5.9045196,21.174995,79.125
2024-10-10,3.7606783,21.174995,79.17499
2024-10-10,12.010624,21.174995,79.225006
2024-10-10,6.624837,21.224998,78.975006
2024-10-10,7.320286,21.224998,79.024994
2024-10-10,7.3408356,21.224998,79.07501
2024-10-10,5.0835648,21.224998,79.125
2024-10-10,3.9836419,21.224998,79.17499
2024-10-10,13.049409,21.224998,79.225006
2024-10-11,0.0,21.024994,78.975006
2024-10-11,0.0,21.024994,79.024994
2024-10-11,0.0,21.024994,79.07501
2024-10-11,0.0,21.024994,79.125
2024-10-11,0.0,21.024994,79.17499
2024-10-11,0.0,21.024994,79.225006
2024-10-11,0.0,21.074997,78.975006
2024-10-11,0.0,21.074997,79.024994
2024-10-11,0.0,21.074997,79.07501
2024-10-11,0.0,21.074997,79.125
2024-10-11,0.0,21.074997,79.17499
2024-10-11,0.0,21.074997,79.225006
2024-10-11,0.0,21.125,78.975006
2024-10-11,0.0,21.125,79.024994
2024-10-11,0.0,21.125,79.07501
2024-10-11,0.0,21.125,79.125
2024-10-11,0.0,21.125,79.17499
2024-10-11,0.0,21.125,79.225006
2024-10-11,0.0,21.174995,78.975006
2024-10-11,0.0,21.174995,79.024994
2024-10-11,0.0,21.174995,79.07501
2024-10-11,0.0,21.174995,79.125
2024-10-11,0.0,21.174995,79.17499
2024-10-11,0.0,21.174995,79.225006
2024-10-11,0.0,21.224998,78.975006
2024-10-11,0.0,21.224998,79.024994
2024-10-11,0.0,21.224998,79.07501
2024-10-11,0.0,21.224998,79.125
2024-10-11,0.0,21.224998,79.17499
2024-10-11,0.0,21.224998,79.225006
2024-10-12,0.0,21.024994,78.975006
2024-10-12,0.0,21.024994,79.024994
2024-10-12,0.0,21.024994,79.07501
2024-10-12,0.0,21.024994,79.125
2024-10-12,0.0,21.024994,79.17499
2024-10-12,0.0,21.024994,79.225006
2024-10-12,0.0,21.074997,78.975006
2024-10-12,0.0,21.074997,79.024994
2024-10-12,0.0,21.074997,79.07501
2024-10-12,0.0,21.074997,79.125
2024-10-12,0.0,21.074997,79.17499
2024-10-12,0.0,21.074997,79.225006
2024-10-12,0.0,21.125,78.975006
2024-10-12,0.0,21.125,79.024994
2024-10-12,0.0,21.125,79.07501
2024-10-12,0.0,21.125,79.125
2024-10-12,0.0,21.125,79.17499
2024-10-12,0.0,21.125,79.225006
2024-10-12,0.0,21.174995,78.975006
2024-10-12,0.0,21.174995,79.024994
2024-10-12,0.0,21.174995,79.07501
2024-10-12,0.0,21.174995,79.125
2024-10-12,0.0,21.174995,79.17499
2024-10-12,0.0,21.174995,79.225006
2024-10-12,0.0,21.224998,78.975006
2024-10-12,0.0,21.224998,79.024994
2024-10-12,0.0,21.224998,79.07501
2024-10-12,0.0,21.224998,79.125
2024-10-12,0.0,21.224998,79.17499
2024-10-12,0.0,21.224998,79.225006
2024-10-13,0.0,21.024994,78.975006
2024-10-13,0.0,21.024994,79.024994
2024-10-13,0.0,21.024994,79.07501
2024-10-13,0.0,21.024994,79.125
2024-10-13,0.0,21.024994,79.17499
2024-10-13,0.0,21.024994,79.225006
2024-10-13,0.0,21.074997,78.975006
2024-10-13,0.0,21.074997,79.024994
2024-10-13,0.0,21.074997,79.07501
2024-10-13,0.0,21.074997,79.125
2024-10-13,0.0,21.074997,79.17499
2024-10-13,0.0,21.074997,79.225006
2024-10-13,0.0,21.125,78.975006
2024-10-13,0.0,21.125,79.024994
2024-10-13,0.0,21.125,79.07501
2024-10-13,0.0,21.125,79.125
2024-10-13,0.0,21.125,79.17499
2024-10-13,0.0,21.125,79.225006
2024-10-13,0.0,21.174995,78.975006
2024-10-13,0.0,21.174995,79.024994
2024-10-13,0.0,21.174995,79.07501
2024-10-13,0.0,21.174995,79.125
2024-10-13,0.0,21.174995,79.17499
2024-10-13,0.0,21.174995,79.225006
2024-10-13,0.0,21.224998,78.975006
2024-10-13,0.0,21.224998,79.024994
2024-10-13,0.0,21.224998,79.07501
2024-10-13,0.0,21.224998,79.125
2024-10-13,2.3018253,21.224998,79.17499
2024-10-13,0.0,21.224998,79.225006
2024-10-14,0.0,21.024994,78.975006
2024-10-14,0.0,21.024994,79.024994
2024-10-14,0.0,21.024994,79.07501
2024-10-14,0.0,21.024994,79.125
2024-10-14,0.0,21.024994,79.17499
2024-10-14,0.0,21.024994,79.225006
2024-10-14,0.0,21.074997,78.975006
2024-10-14,0.0,21.074997,79.024994
2024-10-14,0.0,21.074997,79.07501
2024-10-14,0.0,21.074997,79.125
2024-10-14,0.0,21.074997,79.17499
2024-10-14,0.0,21.074997,79.225006
2024-10-14,0.0,21.125,78.975006
2024-10-14,0.0,21.125,79.024994
2024-10-14,0.0,21.125,79.07501
2024-10-14,0.0,21.125,79.125
2024-10-14,0.0,21.125,79.17499
2024-10-14,0.0,21.125,79.225006
2024-10-14,0.0,21.174995,78.975006
2024-10-14,0.0,21.174995,79.024994
2024-10-14,0.0,21.174995,79.07501
2024-10-14,0.0,21.174995,79.125
2024-10-14,0.0,21.174995,79.17499
2024-10-14,0.0,21.174995,79.225006
2024-10-14,0.0,21.224998,78.975006
2024-10-14,0.0,21.224998,79.024994
2024-10-14,0.0,21.224998,79.07501
2024-10-14,0.0,21.224998,79.125
2024-10-14,0.0,21.224998,79.17499
2024-10-14,0.0,21.224998,79.225006
2024-10-15,0.0,21.024994,78.975006
2024-10-15,0.0,21.024994,79.024994
2024-10-15,0.0,21.024994,79.07501
2024-10-15,0.0,21.024994,79.125
2024-10-15,0.0,21.024994,79.17499
2024-10-15,0.0,21.024994,79.225006
2024-10-15,0.0,21.074997,78.975006
2024-10-15,0.0,21.074997,79.024994
2024-10-15,0.0,21.074997,79.07501
2024-10-15,0.0,21.074997,79.125
2024-10-15,0.0,21.074997,79.17499
2024-10-15,0.0,21.074997,79.225006
2024-10-15,0.0,21.125,78.975006
2024-10-15,0.0,21.125,79.024994
2024-10-15,0.0,21.125,79.07501
2024-10-15,0.0,21.125,79.125
2024-10-15,0.0,21.125,79.17499
2024-10-15,0.0,21.125,79.225006
2024-10-15,0.0,21.174995,78.975006
2024-10-15,0.0,21.174995,79.024994
2024-10-15,0.0,21.174995,79.07501
2024-10-15,0.0,21.174995,79.125
2024-10-15,0.0,21.174995,79.17499
2024-10-15,0.0,21.174995,79.225006
2024-10-15,0.0,21.224998,78.975006
2024-10-15,0.0,21.224998,79.024994
2024-10-15,0.0,21.224998,79.07501
2024-10-15,0.0,21.224998,79.125
2024-10-15,0.0,21.224998,79.17499
2024-10-15,0.0,21.224998,79.225006
2024-10-16,0.0,21.024994,78.975006
2024-10-16,0.0,21.024994,79.024994
2024-10-16,0.0,21.024994,79.07501
2024-10-16,0.0,21.024994,79.125
2024-10-16,0.0,21.024994,79.17499
2024-10-16,0.0,21.024994,79.225006
2024-10-16,0.0,21.074997,78.975006
2024-10-16,0.0,21.074997,79.024994
2024-10-16,0.0,21.074997,79.07501
2024-10-16,0.0,21.074997,79.125
2024-10-16,0.0,21.074997,79.17499
2024-10-16,0.0,21.074997,79.225006
2024-10-16,0.0,21.125,78.975006
2024-10-16,0.0,21.125,79.024994
2024-10-16,0.0,21.125,79.07501
2024-10-16,0.0,21.125,79.125
2024-10-16,0.0,21.125,79.17499
2024-10-16,0.0,21.125,79.225006
2024-10-16,0.0,21.174995,78.975006
2024-10-16,0.0,21.174995,79.024994
2024-10-16,0.0,21.174995,79.07501
2024-10-16,0.0,21.174995,79.125
2024-10-16,0.0,21.174995,79.17499
2024-10-16,0.0,21.174995,79.225006
2024-10-16,0.0,21.224998,78.975006
2024-10-16,0.0,21.224998,79.024994
2024-10-16,0.0,21.224998,79.07501
2024-10-16,0.0,21.224998,79.125
2024-10-16,0.0,21.224998,79.17499
2024-10-16,0.0,21.224998,79.225006
2024-10-17,0.0,21.024994,78.975006
2024-10-17,0.0,21.024994,79.024994
2024-10-17,0.0,21.024994,79.07501
2024-10-17,0.0,21.024994,79.125
2024-10-17,0.0,21.024994,79.17499
2024-10-17,0.0,21.024994,79.225006
2024-10-17,0.0,21.074997,78.975006
2024-10-17,0.0,21.074997,79.024994
2024-10-17,0.0,21.074997,79.07501
2024-10-17,0.0,21.074997,79.125
2024-10-17,0.0,21.074997,79.17499
2024-10-17,0.0,21.074997,79.225006
2024-10-17,0.0,21.125,78.975006
2024-10-17,0.0,21.125,79.024994
2024-10-17,0.0,21.125,79.07501
2024-10-17,0.0,21.125,79.125
2024-10-17,0.0,21.125,79.17499
2024-10-17,0.0,21.125,79.225006
2024-10-17,0.0,21.174995,78.975006
2024-10-17,0.0,21.174995,79.024994
2024-10-17,0.0,21.174995,79.07501
2024-10-17,0.0,21.174995,79.125
2024-10-17,0.0,21.174995,79.17499
2024-10-17,0.0,21.174995,79.225006
2024-10-17,10.001898,21.224998,78.975006
2024-10-17,0.0,21.224998,79.024994
2024-10-17,0.0,21.224998,79.07501
2024-10-17,0.0,21.224998,79.125
2024-10-17,0.0,21.224998,79.17499
2024-10-17,0.0,21.224998,79.225006
2024-10-18,0.0,21.024994,78.975006
2024-10-18,0.0,21.024994,79.024994
2024-10-18,0.0,21.024994,79.07501
2024-10-18,0.0,21.024994,79.125
2024-10-18,0.0,21.024994,79.17499
2024-10-18,0.0,21.024994,79.225006
2024-10-18,0.0,21.074997,78.975006
2024-10-18,0.0,21.074997,79.024994
2024-10-18,0.0,21.074997,79.07501
2024-10-18,0.0,21.074997,79.125
2024-10-18,0.0,21.074997,79.17499
2024-10-18,0.0,21.074997,79.225006
2024-10-18,0.0,21.125,78.975006
2024-10-18,0.0,21.125,79.024994
2024-10-18,0.0,21.125,79.07501
2024-10-18,0.0,21.125,79.125
2024-10-18,0.0,21.125,79.17499
2024-10-18,0.0,21.125,79.225006
2024-10-18,0.0,21.174995,78.975006
2024-10-18,0.0,21.174995,79.024994
2024-10-18,0.0,21.174995,79.07501
2024-10-18,0.0,21.174995,79.125
2024-10-18,0.0,21.174995,79.17499
2024-10-18,0.0,21.174995,79.225006
2024-10-18,0.0,21.224998,78.975006
2024-10-18,0.0,21.224998,79.024994
2024-10-18,0.0,21.224998,79.07501
2024-10-18,0.0,21.224998,79.125
2024-10-18,0.0,21.224998,79.17499
2024-10-18,0.0,21.224998,79.225006
2024-10-19,34.017735,21.024994,78.975006
2024-10-19,29.659294,21.024994,79.024994
2024-10-19,28.71311,21.024994,79.07501
2024-10-19,28.545544,21.024994,79.125
2024-10-19,27.273098,21.024994,79.17499
2024-10-19,27.256374,21.024994,79.225006
2024-10-19,32.598427,21.074997,78.975006
2024-10-19,33.44963,21.074997,79.024994
2024-10-19,30.635063,21.074997,79.07501
2024-10-19,28.043978,21.074997,79.125
2024-10-19,27.671892,21.074997,79.17499
2024-10-19,27.343487,21.074997,79.225006
2024-10-19,34.35344,21.125,78.975006
2024-10-19,32.89712,21.125,79.024994
2024-10-19,29.19754,21.125,79.07501
2024-10-19,29.118237,21.125,79.125
2024-10-19,29.599854,21.125,79.17499
2024-10-19,29.420015,21.125,79.225006
2024-10-19,33.996593,21.174995,78.975006
2024-10-19,32.393856,21.174995,79.024994
2024-10-19,28.492,21.174995,79.07501
2024-10-19,28.402761,21.174995,79.125
2024-10-19,28.811459,21.174995,79.17499
2024-10-19,0.0,21.174995,79.225006
2024-10-19,20.003796,21.224998,78.975006
2024-10-19,30.82113,21.224998,79.024994
2024-10-19,31.417814,21.224998,79.07501
2024-10-19,29.615602,21.224998,79.125
2024-10-19,28.050184,21.224998,79.17499
2024-10-19,0.0,21.224998,79.225006
2024-10-20,0.0,21.024994,78.975006
2024-10-20,0.0,21.024994,79.024994
2024-10-20,0.0,21.024994,79.07501
2024-10-20,0.0,21.024994,79.125
2024-10-20,0.0,21.024994,79.17499
2024-10-20,0.0,21.024994,79.225006
2024-10-20,0.0,21.074997,78.975006
2024-10-20,0.0,21.074997,79.024994
2024-10-20,0.0,21.074997,79.07501
2024-10-20,0.0,21.074997,79.125
2024-10-20,0.0,21.074997,79.17499
2024-10-20,0.0,21.074997,79.225006
2024-10-20,0.0,21.125,78.975006
2024-10-20,0.0,21.125,79.024994
2024-10-20,0.0,21.125,79.07501
2024-10-20,0.0,21.125,79.125
2024-10-20,0.0,21.125,79.17499
2024-10-20,0.0,21.125,79.225006
2024-10-20,0.0,21.174995,78.975006
2024-10-20,0.0,21.174995,79.024994
2024-10-20,0.0,21.174995,79.07501
2024-10-20,0.0,21.174995,79.125
2024-10-20,0.0,21.174995,79.17499
2024-10-20,0.0,21.174995,79.225006
2024-10-20,0.0,21.224998,78.975006
2024-10-20,0.0,21.224998,79.024994
2024-10-20,0.0,21.224998,79.07501
2024-10-20,0.0,21.224998,79.125
2024-10-20,0.0,21.224998,79.17499
2024-10-20,0.0,21.224998,79.225006
2024-10-21,0.0,21.024994,78.975006
2024-10-21,0.0,21.024994,79.024994
2024-10-21,0.0,21.024994,79.07501
2024-10-21,0.0,21.024994,79.125
2024-10-21,0.0,21.024994,79.17499
2024-10-21,0.0,21.024994,79.225006
2024-10-21,0.0,21.074997,78.975006
2024-10-21,0.0,21.074997,79.024994
2024-10-21,0.0,21.074997,79.07501
2024-10-21,0.0,21.074997,79.125
2024-10-21,0.0,21.074997,79.17499
2024-10-21,0.0,21.074997,79.225006
2024-10-21,0.0,21.125,78.975006
2024-10-21,0.0,21.125,79.024994
2024-10-21,0.0,21.125,79.07501
2024-10-21,0.0,21.125,79.125
2024-10-21,0.0,21.125,79.17499
2024-10-21,0.0,21.125,79.225006
2024-10-21,0.0,21.174995,78.975006
2024-10-21,0.0,21.174995,79.024994
2024-10-21,0.0,21.174995,79.07501
2024-10-21,0.0,21.174995,79.125
2024-10-21,0.0,21.174995,79.17499
2024-10-21,0.0,21.174995,79.225006
2024-10-21,0.0,21.224998,78.975006
2024-10-21,0.0,21.224998,79.024994
2024-10-21,0.0,21.224998,79.07501
2024-10-21,0.0,21.224998,79.125
2024-10-21,0.0,21.224998,79.17499
2024-10-21,0.0,21.224998,79.225006
2024-10-22,0.0,21.024994,78.975006
2024-10-22,0.0,21.024994,79.024994
2024-10-22,0.0,21.024994,79.07501
2024-10-22,0.0,21.024994,79.125
2024-10-22,0.0,21.024994,79.17499
2024-10-22,0.0,21.024994,79.225006
2024-10-22,0.0,21.074997,78.975006
2024-10-22,0.0,21.074997,79.024994
2024-10-22,0.0,21.074997,79.07501
2024-10-22,0.0,21.074997,79.125
2024-10-22,0.0,21.074997,79.17499
2024-10-22,0.0,21.074997,79.225006
2024-10-22,0.0,21.125,78.975006
2024-10-22,0.0,21.125,79.024994
2024-10-22,0.0,21.125,79.07501
2024-10-22,0.0,21.125,79.125
2024-10-22,0.0,21.125,79.17499
2024-10-22,0.0,21.125,79.225006
2024-10-22,0.0,21.174995,78.975006
2024-10-22,0.0,21.174995,79.024994
2024-10-22,0.0,21.174995,79.07501
2024-10-22,0.0,21.174995,79.125
2024-10-22,0.0,21.174995,79.17499
2024-10-22,0.0,21.174995,79.225006
2024-10-22,0.0,21.224998,78.975006
2024-10-22,0.0,21.224998,79.024994
2024-10-22,0.0,21.224998,79.07501
2024-10-22,0.0,21.224998,79.125
2024-10-22,0.0,21.224998,79.17499
2024-10-22,0.0,21.224998,79.225006
2024-10-23,0.0,21.024994,78.975006
2024-10-23,0.0,21.024994,79.024994
2024-10-23,0.0,21.024994,79.07501
2024-10-23,0.0,21.024994,79.125
2024-10-23,0.0,21.024994,79.17499
2024-10-23,0.0,21.024994,79.225006
2024-10-23,0.0,21.074997,78.975006
2024-10-23,0.0,21.074997,79.024994
2024-10-23,0.0,21.074997,79.07501
2024-10-23,0.0,21.074997,79.125
2024-10-23,0.0,21.074997,79.17499
2024-10-23,0.0,21.074997,79.225006
2024-10-23,0.0,21.125,78.975006
2024-10-23,0.0,21.125,79.024994
2024-10-23,0.0,21.125,79.07501
2024-10-23,0.0,21.125,79.125
2024-10-23,0.0,21.125,79.17499
2024-10-23,0.0,21.125,79.225006
2024-10-23,0.0,21.174995,78.975006
2024-10-23,0.0,21.174995,79.024994
2024-10-23,0.0,21.174995,79.07501
2024-10-23,0.0,21.174995,79.125
2024-10-23,0.0,21.174995,79.17499
2024-10-23,0.0,21.174995,79.225006
2024-10-23,0.0,21.224998,78.975006
2024-10-23,0.0,21.224998,79.024994
2024-10-23,0.0,21.224998,79.07501
2024-10-23,0.0,21.224998,79.125
2024-10-23,0.0,21.224998,79.17499
2024-10-23,0.0,21.224998,79.225006
2024-10-24,0.0,21.024994,78.975006
2024-10-24,0.0,21.024994,79.024994
2024-10-24,0.0,21.024994,79.07501
2024-10-24,0.0,21.024994,79.125
2024-10-24,0.0,21.024994,79.17499
2024-10-24,0.0,21.024994,79.225006
2024-10-24,0.0,21.074997,78.975006
2024-10-24,0.0,21.074997,79.024994
2024-10-24,0.0,21.074997,79.07501
2024-10-24,0.0,21.074997,79.125
2024-10-24,0.0,21.074997,79.17499
2024-10-24,0.0,21.074997,79.225006
2024-10-24,0.0,21.125,78.975006
2024-10-24,0.0,21.125,79.024994
2024-10-24,0.0,21.125,79.07501
2024-10-24,0.0,21.125,79.125
2024-10-24,0.0,21.125,79.17499
2024-10-24,0.0,21.125,79.225006
2024-10-24,0.0,21.174995,78.975006
2024-10-24,0.0,21.174995,79.024994
2024-10-24,0.0,21.174995,79.07501
2024-10-24,0.0,21.174995,79.125
2024-10-24,0.0,21.174995,79.17499
2024-10-24,0.0,21.174995,79.225006
2024-10-24,0.0,21.224998,78.975006
2024-10-24,0.0,21.224998,79.024994
2024-10-24,0.0,21.224998,79.07501
2024-10-24,0.0,21.224998,79.125
2024-10-24,0.0,21.224998,79.17499
2024-10-24,0.0,21.224998,79.225006
2024-10-25,0.0,21.024994,78.975006
2024-10-25,0.0,21.024994,79.024994
2024-10-25,0.0,21.024994,79.07501
2024-10-25,0.0,21.024994,79.125
2024-10-25,0.0,21.024994,79.17499
2024-10-25,0.0,21.024994,79.225006
2024-10-25,0.0,21.074997,78.975006
2024-10-25,0.0,21.074997,79.024994
2024-10-25,0.0,21.074997,79.07501
2024-10-25,0.0,21.074997,79.125
2024-10-25,0.0,21.074997,79.17499
2024-10-25,0.0,21.074997,79.225006
2024-10-25,0.0,21.125,78.975006
2024-10-25,0.0,21.125,79.024994
2024-10-25,0.0,21.125,79.07501
2024-10-25,0.0,21.125,79.125
2024-10-25,0.0,21.125,79.17499
2024-10-25,0.0,21.125,79.225006
2024-10-25,0.0,21.174995,78.975006
2024-10-25,0.0,21.174995,79.024994
2024-10-25,0.0,21.174995,79.07501
2024-10-25,0.0,21.174995,79.125
2024-10-25,0.0,21.174995,79.17499
2024-10-25,0.0,21.174995,79.225006
2024-10-25,0.0,21.224998,78.975006
2024-10-25,0.0,21.224998,79.024994
2024-10-25,0.0,21.224998,79.07501
2024-10-25,0.0,21.224998,79.125
2024-10-25,0.0,21.224998,79.17499
2024-10-25,0.0,21.224998,79.225006
2024-10-26,0.0,21.024994,78.975006
2024-10-26,0.0,21.024994,79.024994
2024-10-26,0.0,21.024994,79.07501
2024-10-26,0.0,21.024994,79.125
2024-10-26,0.0,21.024994,79.17499
2024-10-26,0.0,21.024994,79.225006
2024-10-26,0.0,21.074997,78.975006
2024-10-26,0.0,21.074997,79.024994
2024-10-26,0.0,21.074997,79.07501
2024-10-26,0.0,21.074997,79.125
2024-10-26,0.0,21.074997,79.17499
2024-10-26,0.0,21.074997,79.225006
2024-10-26,0.0,21.125,78.975006
2024-10-26,0.0,21.125,79.024994
2024-10-26,0.0,21.125,79.07501
2024-10-26,0.0,21.125,79.125
2024-10-26,0.0,21.125,79.17499
2024-10-26,0.0,21.125,79.225006
2024-10-26,0.0,21.174995,78.975006
2024-10-26,0.0,21.174995,79.024994
2024-10-26,0.0,21.174995,79.07501
2024-10-26,0.0,21.174995,79.125
2024-10-26,0.0,21.174995,79.17499
2024-10-26,0.0,21.174995,79.225006
2024-10-26,0.0,21.224998,78.975006
2024-10-26,0.0,21.224998,79.024994
2024-10-26,0.0,21.224998,79.07501
2024-10-26,0.0,21.224998,79.125
2024-10-26,0.0,21.224998,79.17499
2024-10-26,0.0,21.224998,79.225006
2024-10-27,0.0,21.024994,78.975006
2024-10-27,0.0,21.024994,79.024994
2024-10-27,0.0,21.024994,79.07501
2024-10-27,0.0,21.024994,79.125
2024-10-27,0.0,21.024994,79.17499
2024-10-27,0.0,21.024994,79.225006
2024-10-27,0.0,21.074997,78.975006
2024-10-27,0.0,21.074997,79.024994
2024-10-27,0.0,21.074997,79.07501
2024-10-27,0.0,21.074997,79.125
2024-10-27,0.0,21.074997,79.17499
2024-10-27,0.0,21.074997,79.225006
2024-10-27,0.0,21.125,78.975006
2024-10-27,0.0,21.125,79.024994
2024-10-27,0.0,21.125,79.07501
2024-10-27,0.0,21.125,79.125
2024-10-27,0.0,21.125,79.17499
2024-10-27,0.0,21.125,79.225006
2024-10-27,0.0,21.174995,78.975006
2024-10-27,0.0,21.174995,79.024994
2024-10-27,0.0,21.174995,79.07501
2024-10-27,0.0,21.174995,79.125
2024-10-27,0.0,21.174995,79.17499
2024-10-27,0.0,21.174995,79.225006
2024-10-27,0.0,21.224998,78.975006
2024-10-27,0.0,21.224998,79.024994
2024-10-27,0.0,21.224998,79.07501
2024-10-27,0.0,21.224998,79.125
2024-10-27,0.0,21.224998,79.17499
2024-10-27,0.0,21.224998,79.225006
2024-10-28,0.0,21.024994,78.975006
2024-10-28,0.0,21.024994,79.024994
2024-10-28,0.0,21.024994,79.07501
2024-10-28,0.0,21.024994,79.125
2024-10-28,0.0,21.024994,79.17499
2024-10-28,0.0,21.024994,79.225006
2024-10-28,0.0,21.074997,78.975006
2024-10-28,0.0,21.074997,79.024994
2024-10-28,0.0,21.074997,79.07501
2024-10-28,0.0,21.074997,79.125
2024-10-28,0.0,21.074997,79.17499
2024-10-28,0.0,21.074997,79.225006
2024-10-28,0.0,21.125,78.975006
2024-10-28,0.0,21.125,79.024994
2024-10-28,0.0,21.125,79.07501
2024-10-28,0.0,21.125,79.125
2024-10-28,0.0,21.125,79.17499
2024-10-28,0.0,21.125,79.225006
2024-10-28,0.0,21.174995,78.975006
2024-10-28,0.0,21.174995,79.024994
2024-10-28,0.0,21.174995,79.07501
2024-10-28,0.0,21.174995,79.125
2024-10-28,0.0,21.174995,79.17499
2024-10-28,0.0,21.174995,79.225006
2024-10-28,0.0,21.224998,78.975006
2024-10-28,0.0,21.224998,79.024994
2024-10-28,0.0,21.224998,79.07501
2024-10-28,0.0,21.224998,79.125
2024-10-28,0.0,21.224998,79.17499
2024-10-28,0.0,21.224998,79.225006
2024-10-29,0.0,21.024994,78.975006
2024-10-29,0.0,21.024994,79.024994
2024-10-29,0.0,21.024994,79.07501
2024-10-29,0.0,21.024994,79.125
2024-10-29,0.0,21.024994,79.17499
2024-10-29,0.0,21.024994,79.225006
2024-10-29,0.0,21.074997,78.975006
2024-10-29,0.0,21.074997,79.024994
2024-10-29,0.0,21.074997,79.07501
2024-10-29,0.0,21.074997,79.125
2024-10-29,0.0,21.074997,79.17499
2024-10-29,0.0,21.074997,79.225006
2024-10-29,0.0,21.125,78.975006
2024-10-29,0.0,21.125,79.024994
2024-10-29,0.0,21.125,79.07501
2024-10-29,0.0,21.125,79.125
2024-10-29,0.0,21.125,79.17499
2024-10-29,0.0,21.125,79.225006
2024-10-29,0.0,21.174995,78.975006
2024-10-29,0.0,21.174995,79.024994
2024-10-29,0.0,21.174995,79.07501
2024-10-29,0.0,21.174995,79.125
2024-10-29,0.0,21.174995,79.17499
2024-10-29,0.0,21.174995,79.225006
2024-10-29,0.0,21.224998,78.975006
2024-10-29,0.0,21.224998,79.024994
2024-10-29,0.0,21.224998,79.07501
2024-10-29,0.0,21.224998,79.125
2024-10-29,0.0,21.224998,79.17499
2024-10-29,0.0,21.224998,79.225006
2024-10-30,0.0,21.024994,78.975006
2024-10-30,0.0,21.024994,79.024994
2024-10-30,0.0,21.024994,79.07501
2024-10-30,0.0,21.024994,79.125
2024-10-30,0.0,21.024994,79.17499
2024-10-30,0.0,21.024994,79.225006
2024-10-30,0.0,21.074997,78.975006
2024-10-30,0.0,21.074997,79.024994
2024-10-30,0.0,21.074997,79.07501
2024-10-30,0.0,21.074997,79.125
2024-10-30,0.0,21.074997,79.17499
2024-10-30,0.0,21.074997,79.225006
2024-10-30,0.0,21.125,78.975006
2024-10-30,0.0,21.125,79.024994
2024-10-30,0.0,21.125,79.07501
2024-10-30,0.0,21.125,79.125
2024-10-30,0.0,21.125,79.17499
2024-10-30,0.0,21.125,79.225006
2024-10-30,0.0,21.174995,78.975006
2024-10-30,0.0,21.174995,79.024994
2024-10-30,0.0,21.174995,79.07501
2024-10-30,0.0,21.174995,79.125
2024-10-30,0.0,21.174995,79.17499
2024-10-30,0.0,21.174995,79.225006
2024-10-30,0.0,21.224998,78.975006
2024-10-30,0.0,21.224998,79.024994
2024-10-30,0.0,21.224998,79.07501
2024-10-30,0.0,21.224998,79.125
2024-10-30,0.0,21.224998,79.17499
2024-10-30,0.0,21.224998,79.225006
2024-10-31,0.0,21.024994,78.975006
2024-10-31,0.0,21.024994,79.024994
2024-10-31,0.0,21.024994,79.07501
2024-10-31,0.0,21.024994,79.125
2024-10-31,0.0,21.024994,79.17499
2024-10-31,0.0,21.024994,79.225006
2024-10-31,0.0,21.074997,78.975006
2024-10-31,0.0,21.074997,79.024994
2024-10-31,0.0,21.074997,79.07501
2024-10-31,0.0,21.074997,79.125
2024-10-31,0.0,21.074997,79.17499
2024-10-31,0.0,21.074997,79.225006
2024-10-31,0.0,21.125,78.975006
2024-10-31,0.0,21.125,79.024994
2024-10-31,0.0,21.125,79.07501
2024-10-31,0.0,21.125,79.125
2024-10-31,0.0,21.125,79.17499
2024-10-31,0.0,21.125,79.225006
2024-10-31,0.0,21.174995,78.975006
2024-10-31,0.0,21.174995,79.024994
2024-10-31,0.0,21.174995,79.07501
2024-10-31,0.0,21.174995,79.125
2024-10-31,0.0,21.174995,79.17499
2024-10-31,0.0,21.174995,79.225006
2024-10-31,0.0,21.224998,78.975006
2024-10-31,0.0,21.224998,79.024994
2024-10-31,0.0,21.224998,79.07501
2024-10-31,0.0,21.224998,79.125
2024-10-31,0.0,21.224998,79.17499
2024-10-31,0.0,21.224998,79.225006
2024-11-01,0.0,21.024994,78.975006
2024-11-01,0.0,21.024994,79.024994
2024-11-01,0.0,21.024994,79.07501
2024-11-01,0.0,21.024994,79.125
2024-11-01,0.0,21.024994,79.17499
2024-11-01,0.0,21.024994,79.225006
2024-11-01,0.0,21.074997,78.975006
2024-11-01,0.0,21.074997,79.024994
2024-11-01,0.0,21.074997,79.07501
2024-11-01,0.0,21.074997,79.125
2024-11-01,0.0,21.074997,79.17499
2024-11-01,0.0,21.074997,79.225006
2024-11-01,0.0,21.125,78.975006
2024-11-01,0.0,21.125,79.024994
2024-11-01,0.0,21.125,79.07501
2024-11-01,0.0,21.125,79.125
2024-11-01,0.0,21.125,79.17499
2024-11-01,0.0,21.125,79.225006
2024-11-01,0.0,21.174995,78.975006
2024-11-01,0.0,21.174995,79.024994
2024-11-01,0.0,21.174995,79.07501
2024-11-01,0.0,21.174995,79.125
2024-11-01,0.0,21.174995,79.17499
2024-11-01,0.0,21.174995,79.225006
2024-11-01,0.0,21.224998,78.975006
2024-11-01,0.0,21.224998,79.024994
2024-11-01,0.0,21.224998,79.07501
2024-11-01,0.0,21.224998,79.125
2024-11-01,0.0,21.224998,79.17499
2024-11-01,0.0,21.224998,79.225006
2024-11-02,0.0,21.024994,78.975006
2024-11-02,0.0,21.024994,79.024994
2024-11-02,0.0,21.024994,79.07501
2024-11-02,0.0,21.024994,79.125
2024-11-02,0.0,21.024994,79.17499
2024-11-02,0.0,21.024994,79.225006
2024-11-02,0.0,21.074997,78.975006
2024-11-02,0.0,21.074997,79.024994
2024-11-02,0.0,21.074997,79.07501
2024-11-02,0.0,21.074997,79.125
2024-11-02,0.0,21.074997,79.17499
2024-11-02,0.0,21.074997,79.225006
2024-11-02,0.0,21.125,78.975006
2024-11-02,0.0,21.125,79.024994
2024-11-02,0.0,21.125,79.07501
2024-11-02,0.0,21.125,79.125
2024-11-02,0.0,21.125,79.17499
2024-11-02,0.0,21.125,79.225006
2024-11-02,0.0,21.174995,78.975006
2024-11-02,0.0,21.174995,79.024994
2024-11-02,0.0,21.174995,79.07501
2024-11-02,0.0,21.174995,79.125
2024-11-02,0.0,21.174995,79.17499
2024-11-02,0.0,21.174995,79.225006
2024-11-02,0.0,21.224998,78.975006
2024-11-02,0.0,21.224998,79.024994
2024-11-02,0.0,21.224998,79.07501
2024-11-02,0.0,21.224998,79.125
2024-11-02,0.0,21.224998,79.17499
2024-11-02,0.0,21.224998,79.225006
2024-11-03,0.0,21.024994,78.975006
2024-11-03,0.0,21.024994,79.024994
2024-11-03,0.0,21.024994,79.07501
2024-11-03,0.0,21.024994,79.125
2024-11-03,0.0,21.024994,79.17499
2024-11-03,0.0,21.024994,79.225006
2024-11-03,0.0,21.074997,78.975006
2024-11-03,0.0,21.074997,79.024994
2024-11-03,0.0,21.074997,79.07501
2024-11-03,0.0,21.074997,79.125
2024-11-03,0.0,21.074997,79.17499
2024-11-03,0.0,21.074997,79.225006
2024-11-03,0.0,21.125,78.975006
2024-11-03,0.0,21.125,79.024994
2024-11-03,0.0,21.125,79.07501
2024-11-03,0.0,21.125,79.125
2024-11-03,0.0,21.125,79.17499
2024-11-03,0.0,21.125,79.225006
2024-11-03,0.0,21.174995,78.975006
2024-11-03,0.0,21.174995,79.024994
2024-11-03,0.0,21.174995,79.07501
2024-11-03,0.0,21.174995,79.125
2024-11-03,0.0,21.174995,79.17499
2024-11-03,0.0,21.174995,79.225006
2024-11-03,0.0,21.224998,78.975006
2024-11-03,0.0,21.224998,79.024994
2024-11-03,0.0,21.224998,79.07501
2024-11-03,0.0,21.224998,79.125
2024-11-03,0.0,21.224998,79.17499
2024-11-03,0.0,21.224998,79.225006
2024-11-04,1.2446628,21.024994,78.975006
2024-11-04,0.0,21.024994,79.024994
2024-11-04,0.0,21.024994,79.07501
2024-11-04,0.0,21.024994,79.125
2024-11-04,0.0,21.024994,79.17499
2024-11-04,0.0,21.024994,79.225006
2024-11-04,1.3293585,21.074997,78.975006
2024-11-04,1.1684006,21.074997,79.024994
2024-11-04,0.0,21.074997,79.07501
2024-11-04,0.0,21.074997,79.125
2024-11-04,0.0,21.074997,79.17499
2024-11-04,0.0,21.074997,79.225006
2024-11-04,1.2380831,21.125,78.975006
2024-11-04,1.3258941,21.125,79.024994
2024-11-04,1.2055357,21.125,79.07501
2024-11-04,0.0,21.125,79.125
2024-11-04,0.0,21.125,79.17499
2024-11-04,0.0,21.125,79.225006
2024-11-04,0.0,21.174995,78.975006
2024-11-04,1.2777028,21.174995,79.024994
2024-11-04,1.1917617,21.174995,79.07501
2024-11-04,1.1876159,21.174995,79.125
2024-11-04,1.2970877,21.174995,79.17499
2024-11-04,1.1157651,21.174995,79.225006
2024-11-04,0.0,21.224998,78.975006
2024-11-04,0.0,21.224998,79.024994
2024-11-04,0.0,21.224998,79.07501
2024-11-04,0.0,21.224998,79.125
2024-11-04,0.0,21.224998,79.17499
2024-11-04,0.0,21.224998,79.225006
2024-11-05,0.0,21.024994,78.975006
2024-11-05,0.0,21.024994,79.024994
2024-11-05,0.0,21.024994,79.07501
2024-11-05,0.0,21.024994,79.125
2024-11-05,0.0,21.024994,79.17499
2024-11-05,0.0,21.024994,79.225006
2024-11-05,0.0,21.074997,78.975006
2024-11-05,0.0,21.074997,79.024994
2024-11-05,0.0,21.074997,79.07501
2024-11-05,0.0,21.074997,79.125
2024-11-05,0.0,21.074997,79.17499
2024-11-05,0.0,21.074997,79.225006
2024-11-05,0.0,21.125,78.975006
2024-11-05,0.0,21.125,79.024994
2024-11-05,0.0,21.125,79.07501
2024-11-05,0.0,21.125,79.125
2024-11-05,0.0,21.125,79.17499
2024-11-05,0.0,21.125,79.225006
2024-11-05,0.0,21.174995,78.975006
2024-11-05,0.0,21.174995,79.024994
2024-11-05,0.0,21.174995,79.07501
2024-11-05,0.0,21.174995,79.125
2024-11-05,0.0,21.174995,79.17499
2024-11-05,0.0,21.174995,79.225006
2024-11-05,0.0,21.224998,78.975006
2024-11-05,0.0,21.224998,79.024994
2024-11-05,0.0,21.224998,79.07501
2024-11-05,0.0,21.224998,79.125
2024-11-05,0.0,21.224998,79.17499
2024-11-05,0.0,21.224998,79.225006
2024-11-06,0.0,21.024994,78.975006
2024-11-06,0.0,21.024994,79.024994
2024-11-06,0.0,21.024994,79.07501
2024-11-06,0.0,21.024994,79.125
2024-11-06,0.0,21.024994,79.17499
2024-11-06,0.0,21.024994,79.225006
2024-11-06,0.0,21.074997,78.975006
2024-11-06,0.0,21.074997,79.024994
2024-11-06,0.0,21.074997,79.07501
2024-11-06,0.0,21.074997,79.125
2024-11-06,0.0,21.074997,79.17499
2024-11-06,0.0,21.074997,79.225006
2024-11-06,0.0,21.125,78.975006
2024-11-06,0.0,21.125,79.024994
2024-11-06,0.0,21.125,79.07501
2024-11-06,0.0,21.125,79.125
2024-11-06,0.0,21.125,79.17499
2024-11-06,0.0,21.125,79.225006
2024-11-06,0.0,21.174995,78.975006
2024-11-06,0.0,21.174995,79.024994
2024-11-06,0.0,21.174995,79.07501
2024-11-06,0.0,21.174995,79.125
2024-11-06,0.0,21.174995,79.17499
2024-11-06,0.0,21.174995,79.225006
2024-11-06,0.0,21.224998,78.975006
2024-11-06,0.0,21.224998,79.024994
2024-11-06,0.0,21.224998,79.07501
2024-11-06,0.0,21.224998,79.125
2024-11-06,0.0,21.224998,79.17499
2024-11-06,0.0,21.224998,79.225006
2024-11-07,0.0,21.024994,78.975006
2024-11-07,0.0,21.024994,79.024994
2024-11-07,0.0,21.024994,79.07501
2024-11-07,0.0,21.024994,79.125
2024-11-07,0.0,21.024994,79.17499
2024-11-07,0.0,21.024994,79.225006
2024-11-07,0.0,21.074997,78.975006
2024-11-07,0.0,21.074997,79.024994
2024-11-07,0.0,21.074997,79.07501
2024-11-07,0.0,21.074997,79.125
2024-11-07,0.0,21.074997,79.17499
2024-11-07,0.0,21.074997,79.225006
2024-11-07,0.0,21.125,78.975006
2024-11-07,0.0,21.125,79.024994
2024-11-07,0.0,21.125,79.07501
2024-11-07,0.0,21.125,79.125
2024-11-07,0.0,21.125,79.17499
2024-11-07,0.0,21.125,79.225006
2024-11-07,0.0,21.174995,78.975006
2024-11-07,0.0,21.174995,79.024994
2024-11-07,0.0,21.174995,79.07501
2024-11-07,0.0,21.174995,79.125
2024-11-07,0.0,21.174995,79.17499
2024-11-07,0.0,21.174995,79.225006
2024-11-07,0.0,21.224998,78.975006
2024-11-07,0.0,21.224998,79.024994
2024-11-07,0.0,21.224998,79.07501
2024-11-07,0.0,21.224998,79.125
2024-11-07,0.0,21.224998,79.17499
2024-11-07,0.0,21.224998,79.225006
2024-11-08,0.0,21.024994,78.975006
2024-11-08,0.0,21.024994,79.024994
2024-11-08,0.0,21.024994,79.07501
2024-11-08,0.0,21.024994,79.125
2024-11-08,0.0,21.024994,79.17499
2024-11-08,0.0,21.024994,79.225006
2024-11-08,0.0,21.074997,78.975006
2024-11-08,0.0,21.074997,79.024994
2024-11-08,0.0,21.074997,79.07501
2024-11-08,0.0,21.074997,79.125
2024-11-08,0.0,21.074997,79.17499
2024-11-08,0.0,21.074997,79.225006
2024-11-08,0.0,21.125,78.975006
2024-11-08,0.0,21.125,79.024994
2024-11-08,0.0,21.125,79.07501
2024-11-08,0.0,21.125,79.125
2024-11-08,0.0,21.125,79.17499
2024-11-08,0.0,21.125,79.225006
2024-11-08,0.0,21.174995,78.975006
2024-11-08,0.0,21.174995,79.024994
2024-11-08,0.0,21.174995,79.07501
2024-11-08,0.0,21.174995,79.125
2024-11-08,0.0,21.174995,79.17499
2024-11-08,0.0,21.174995,79.225006
2024-11-08,0.0,21.224998,78.975006
2024-11-08,0.0,21.224998,79.024994
2024-11-08,0.0,21.224998,79.07501
2024-11-08,0.0,21.224998,79.125
2024-11-08,0.0,21.224998,79.17499
2024-11-08,0.0,21.224998,79.225006
2024-11-09,0.0,21.024994,78.975006
2024-11-09,0.0,21.024994,79.024994
2024-11-09,0.0,21.024994,79.07501
2024-11-09,0.0,21.024994,79.125
2024-11-09,0.0,21.024994,79.17499
2024-11-09,0.0,21.024994,79.225006
2024-11-09,0.0,21.074997,78.975006
2024-11-09,0.0,21.074997,79.024994
2024-11-09,0.0,21.074997,79.07501
2024-11-09,0.0,21.074997,79.125
2024-11-09,0.0,21.074997,79.17499
2024-11-09,0.0,21.074997,79.225006
2024-11-09,0.0,21.125,78.975006
2024-11-09,0.0,21.125,79.024994
2024-11-09,0.0,21.125,79.07501
2024-11-09,0.0,21.125,79.125
2024-11-09,0.0,21.125,79.17499
2024-11-09,0.0,21.125,79.225006
2024-11-09,0.0,21.174995,78.975006
2024-11-09,0.0,21.174995,79.024994
2024-11-09,0.0,21.174995,79.07501
2024-11-09,0.0,21.174995,79.125
2024-11-09,0.0,21.174995,79.17499
2024-11-09,0.0,21.174995,79.225006
2024-11-09,0.0,21.224998,78.975006
2024-11-09,0.0,21.224998,79.024994
2024-11-09,0.0,21.224998,79.07501
2024-11-09,0.0,21.224998,79.125
2024-11-09,0.0,21.224998,79.17499
2024-11-09,0.0,21.224998,79.225006
2024-11-10,0.0,21.024994,78.975006
2024-11-10,0.0,21.024994,79.024994
2024-11-10,0.0,21.024994,79.07501
2024-11-10,0.0,21.024994,79.125
2024-11-10,0.0,21.024994,79.17499
2024-11-10,0.0,21.024994,79.225006
2024-11-10,0.0,21.074997,78.975006
2024-11-10,0.0,21.074997,79.024994
2024-11-10,0.0,21.074997,79.07501
2024-11-10,0.0,21.074997,79.125
2024-11-10,0.0,21.074997,79.17499
2024-11-10,0.0,21.074997,79.225006
2024-11-10,0.0,21.125,78.975006
2024-11-10,0.0,21.125,79.024994
2024-11-10,0.0,21.125,79.07501
2024-11-10,0.0,21.125,79.125
2024-11-10,0.0,21.125,79.17499
2024-11-10,0.0,21.125,79.225006
2024-11-10,0.0,21.174995,78.975006
2024-11-10,0.0,21.174995,79.024994
2024-11-10,0.0,21.174995,79.07501
2024-11-10,0.0,21.174995,79.125
2024-11-10,0.0,21.174995,79.17499
2024-11-10,0.0,21.174995,79.225006
2024-11-10,0.0,21.224998,78.975006
2024-11-10,0.0,21.224998,79.024994
2024-11-10,0.0,21.224998,79.07501
2024-11-10,0.0,21.224998,79.125
2024-11-10,0.0,21.224998,79.17499
2024-11-10,0.0,21.224998,79.225006
2024-11-11,0.0,21.024994,78.975006
2024-11-11,0.0,21.024994,79.024994
2024-11-11,0.0,21.024994,79.07501
2024-11-11,0.0,21.024994,79.125
2024-11-11,0.0,21.024994,79.17499
2024-11-11,0.0,21.024994,79.225006
2024-11-11,0.0,21.074997,78.975006
2024-11-11,0.0,21.074997,79.024994
2024-11-11,0.0,21.074997,79.07501
2024-11-11,0.0,21.074997,79.125
2024-11-11,0.0,21.074997,79.17499
2024-11-11,0.0,21.074997,79.225006
2024-11-11,0.0,21.125,78.975006
2024-11-11,0.0,21.125,79.024994
2024-11-11,0.0,21.125,79.07501
2024-11-11,0.0,21.125,79.125
2024-11-11,0.0,21.125,79.17499
2024-11-11,0.0,21.125,79.225006
2024-11-11,0.0,21.174995,78.975006
2024-11-11,0.0,21.174995,79.024994
2024-11-11,0.0,21.174995,79.07501
2024-11-11,0.0,21.174995,79.125
2024-11-11,0.0,21.174995,79.17499
2024-11-11,0.0,21.174995,79.225006
2024-11-11,0.0,21.224998,78.975006
2024-11-11,0.0,21.224998,79.024994
2024-11-11,0.0,21.224998,79.07501
2024-11-11,0.0,21.224998,79.125
2024-11-11,0.0,21.224998,79.17499
2024-11-11,0.0,21.224998,79.225006
2024-11-12,0.0,21.024994,78.975006
2024-11-12,0.0,21.024994,79.024994
2024-11-12,0.0,21.024994,79.07501
2024-11-12,0.0,21.024994,79.125
2024-11-12,0.0,21.024994,79.17499
2024-11-12,0.0,21.024994,79.225006
2024-11-12,0.0,21.074997,78.975006
2024-11-12,0.0,21.074997,79.024994
2024-11-12,0.0,21.074997,79.07501
2024-11-12,0.0,21.074997,79.125
2024-11-12,0.0,21.074997,79.17499
2024-11-12,0.0,21.074997,79.225006
2024-11-12,0.0,21.125,78.975006
2024-11-12,0.0,21.125,79.024994
2024-11-12,0.0,21.125,79.07501
2024-11-12,0.0,21.125,79.125
2024-11-12,0.0,21.125,79.17499
2024-11-12,0.0,21.125,79.225006
2024-11-12,0.0,21.174995,78.975006
2024-11-12,0.0,21.174995,79.024994
2024-11-12,0.0,21.174995,79.07501
2024-11-12,0.0,21.174995,79.125
2024-11-12,0.0,21.174995,79.17499
2024-11-12,0.0,21.174995,79.225006
2024-11-12,0.0,21.224998,78.975006
2024-11-12,0.0,21.224998,79.024994
2024-11-12,0.0,21.224998,79.07501
2024-11-12,0.0,21.224998,79.125
2024-11-12,0.0,21.224998,79.17499
2024-11-12,0.0,21.224998,79.225006
2024-11-13,0.0,21.024994,78.975006
2024-11-13,0.0,21.024994,79.024994
2024-11-13,0.0,21.024994,79.07501
2024-11-13,0.0,21.024994,79.125
2024-11-13,0.0,21.024994,79.17499
2024-11-13,0.0,21.024994,79.225006
2024-11-13,0.0,21.074997,78.975006
2024-11-13,0.0,21.074997,79.024994
2024-11-13,0.0,21.074997,79.07501
2024-11-13,0.0,21.074997,79.125
2024-11-13,0.0,21.074997,79.17499
2024-11-13,0.0,21.074997,79.225006
2024-11-13,0.0,21.125,78.975006
2024-11-13,0.0,21.125,79.024994
2024-11-13,0.0,21.125,79.07501
2024-11-13,0.0,21.125,79.125
2024-11-13,0.0,21.125,79.17499
2024-11-13,0.0,21.125,79.225006
2024-11-13,0.0,21.174995,78.975006
2024-11-13,0.0,21.174995,79.024994
2024-11-13,0.0,21.174995,79.07501
2024-11-13,0.0,21.174995,79.125
2024-11-13,0.0,21.174995,79.17499
2024-11-13,0.0,21.174995,79.225006
2024-11-13,0.0,21.224998,78.975006
2024-11-13,0.0,21.224998,79.024994
2024-11-13,0.9242682,21.224998,79.07501
2024-11-13,1.1786261,21.224998,79.125
2024-11-13,1.1645317,21.224998,79.17499
2024-11-13,1.1672288,21.224998,79.225006
2024-11-14,0.0,21.024994,78.975006
2024-11-14,0.0,21.024994,79.024994
2024-11-14,0.0,21.024994,79.07501
2024-11-14,0.0,21.024994,79.125
2024-11-14,0.0,21.024994,79.17499
2024-11-14,0.0,21.024994,79.225006
2024-11-14,0.0,21.074997,78.975006
2024-11-14,0.0,21.074997,79.024994
2024-11-14,0.0,21.074997,79.07501
2024-11-14,0.0,21.074997,79.125
2024-11-14,0.0,21.074997,79.17499
2024-11-14,0.0,21.074997,79.225006
2024-11-14,0.0,21.125,78.975006
2024-11-14,0.0,21.125,79.024994
2024-11-14,0.0,21.125,79.07501
2024-11-14,0.0,21.125,79.125
2024-11-14,0.0,21.125,79.17499
2024-11-14,0.0,21.125,79.225006
2024-11-14,0.0,21.174995,78.975006
2024-11-14,0.0,21.174995,79.024994
2024-11-14,0.0,21.174995,79.07501
2024-11-14,0.0,21.174995,79.125
2024-11-14,0.0,21.174995,79.17499
2024-11-14,0.0,21.174995,79.225006
2024-11-14,0.0,21.224998,78.975006
2024-11-14,0.0,21.224998,79.024994
2024-11-14,0.0,21.224998,79.07501
2024-11-14,0.0,21.224998,79.125
2024-11-14,0.0,21.224998,79.17499
2024-11-14,0.0,21.224998,79.225006
2024-11-15,0.0,21.024994,78.975006
2024-11-15,0.0,21.024994,79.024994
2024-11-15,0.0,21.024994,79.07501
2024-11-15,0.0,21.024994,79.125
2024-11-15,0.0,21.024994,79.17499
2024-11-15,0.0,21.024994,79.225006
2024-11-15,0.0,21.074997,78.975006
2024-11-15,0.0,21.074997,79.024994
2024-11-15,0.0,21.074997,79.07501
2024-11-15,0.0,21.074997,79.125
2024-11-15,0.0,21.074997,79.17499
2024-11-15,0.0,21.074997,79.225006
2024-11-15,0.0,21.125,78.975006
2024-11-15,0.0,21.125,79.024994
2024-11-15,0.0,21.125,79.07501
2024-11-15,0.0,21.125,79.125
2024-11-15,0.0,21.125,79.17499
2024-11-15,0.0,21.125,79.225006
2024-11-15,0.0,21.174995,78.975006
2024-11-15,0.0,21.174995,79.024994
2024-11-15,0.0,21.174995,79.07501
2024-11-15,0.0,21.174995,79.125
2024-11-15,0.0,21.174995,79.17499
2024-11-15,0.0,21.174995,79.225006
2024-11-15,0.0,21.224998,78.975006
2024-11-15,0.0,21.224998,79.024994
2024-11-15,0.0,21.224998,79.07501
2024-11-15,0.0,21.224998,79.125
2024-11-15,0.0,21.224998,79.17499
2024-11-15,0.0,21.224998,79.225006
2024-11-16,0.0,21.024994,78.975006
2024-11-16,0.0,21.024994,79.024994
2024-11-16,0.0,21.024994,79.07501
2024-11-16,0.0,21.024994,79.125
2024-11-16,0.0,21.024994,79.17499
2024-11-16,0.0,21.024994,79.225006
2024-11-16,0.0,21.074997,78.975006
2024-11-16,0.0,21.074997,79.024994
2024-11-16,0.0,21.074997,79.07501
2024-11-16,0.0,21.074997,79.125
2024-11-16,0.0,21.074997,79.17499
2024-11-16,0.0,21.074997,79.225006
2024-11-16,0.0,21.125,78.975006
2024-11-16,0.0,21.125,79.024994
2024-11-16,0.0,21.125,79.07501
2024-11-16,0.0,21.125,79.125
2024-11-16,0.0,21.125,79.17499
2024-11-16,0.0,21.125,79.225006
2024-11-16,0.0,21.174995,78.975006
2024-11-16,0.0,21.174995,79.024994
2024-11-16,0.0,21.174995,79.07501
2024-11-16,0.0,21.174995,79.125
2024-11-16,0.0,21.174995,79.17499
2024-11-16,0.0,21.174995,79.225006
2024-11-16,0.0,21.224998,78.975006
2024-11-16,0.0,21.224998,79.024994
2024-11-16,0.0,21.224998,79.07501
2024-11-16,0.0,21.224998,79.125
2024-11-16,0.0,21.224998,79.17499
2024-11-16,0.0,21.224998,79.225006
2024-11-17,0.0,21.024994,78.975006
2024-11-17,0.0,21.024994,79.024994
2024-11-17,0.0,21.024994,79.07501
2024-11-17,0.0,21.024994,79.125
2024-11-17,0.0,21.024994,79.17499
2024-11-17,0.0,21.024994,79.225006
2024-11-17,0.0,21.074997,78.975006
2024-11-17,0.0,21.074997,79.024994
2024-11-17,0.0,21.074997,79.07501
2024-11-17,0.0,21.074997,79.125
2024-11-17,0.0,21.074997,79.17499
2024-11-17,0.0,21.074997,79.225006
2024-11-17,0.0,21.125,78.975006
2024-11-17,0.0,21.125,79.024994
2024-11-17,0.0,21.125,79.07501
2024-11-17,0.0,21.125,79.125
2024-11-17,0.0,21.125,79.17499
2024-11-17,0.0,21.125,79.225006
2024-11-17,0.0,21.174995,78.975006
2024-11-17,0.0,21.174995,79.024994
2024-11-17,0.0,21.174995,79.07501
2024-11-17,0.0,21.174995,79.125
2024-11-17,0.0,21.174995,79.17499
2024-11-17,0.0,21.174995,79.225006
2024-11-17,0.0,21.224998,78.975006
2024-11-17,0.0,21.224998,79.024994
2024-11-17,0.0,21.224998,79.07501
2024-11-17,0.0,21.224998,79.125
2024-11-17,0.0,21.224998,79.17499
2024-11-17,0.0,21.224998,79.225006
2024-11-18,0.0,21.024994,78.975006
2024-11-18,0.0,21.024994,79.024994
2024-11-18,0.0,21.024994,79.07501
2024-11-18,0.0,21.024994,79.125
2024-11-18,0.0,21.024994,79.17499
2024-11-18,0.0,21.024994,79.225006
2024-11-18,0.0,21.074997,78.975006
2024-11-18,0.0,21.074997,79.024994
2024-11-18,0.0,21.074997,79.07501
2024-11-18,0.0,21.074997,79.125
2024-11-18,0.0,21.074997,79.17499
2024-11-18,0.0,21.074997,79.225006
2024-11-18,0.0,21.125,78.975006
2024-11-18,0.0,21.125,79.024994
2024-11-18,0.0,21.125,79.07501
2024-11-18,0.0,21.125,79.125
2024-11-18,0.0,21.125,79.17499
2024-11-18,0.0,21.125,79.225006
2024-11-18,0.0,21.174995,78.975006
2024-11-18,0.0,21.174995,79.024994
2024-11-18,0.0,21.174995,79.07501
2024-11-18,0.0,21.174995,79.125
2024-11-18,0.0,21.174995,79.17499
2024-11-18,0.0,21.174995,79.225006
2024-11-18,0.0,21.224998,78.975006
2024-11-18,0.0,21.224998,79.024994
2024-11-18,0.0,21.224998,79.07501
2024-11-18,0.0,21.224998,79.125
2024-11-18,0.0,21.224998,79.17499
2024-11-18,0.0,21.224998,79.225006
2024-11-19,0.0,21.024994,78.975006
2024-11-19,0.0,21.024994,79.024994
2024-11-19,0.0,21.024994,79.07501
2024-11-19,0.0,21.024994,79.125
2024-11-19,0.0,21.024994,79.17499
2024-11-19,0.0,21.024994,79.225006
2024-11-19,0.0,21.074997,78.975006
2024-11-19,0.0,21.074997,79.024994
2024-11-19,0.0,21.074997,79.07501
2024-11-19,0.0,21.074997,79.125
2024-11-19,0.0,21.074997,79.17499
2024-11-19,0.0,21.074997,79.225006
2024-11-19,0.0,21.125,78.975006
2024-11-19,0.0,21.125,79.024994
2024-11-19,0.0,21.125,79.07501
2024-11-19,0.0,21.125,79.125
2024-11-19,0.0,21.125,79.17499
2024-11-19,0.0,21.125,79.225006
2024-11-19,0.0,21.174995,78.975006
2024-11-19,0.0,21.174995,79.024994
2024-11-19,0.0,21.174995,79.07501
2024-11-19,0.0,21.174995,79.125
2024-11-19,0.0,21.174995,79.17499
2024-11-19,0.0,21.174995,79.225006
2024-11-19,0.0,21.224998,78.975006
2024-11-19,0.0,21.224998,79.024994
2024-11-19,0.0,21.224998,79.07501
2024-11-19,0.0,21.224998,79.125
2024-11-19,0.0,21.224998,79.17499
2024-11-19,0.0,21.224998,79.225006
2024-11-20,0.0,21.024994,78.975006
2024-11-20,0.0,21.024994,79.024994
2024-11-20,0.0,21.024994,79.07501
2024-11-20,0.0,21.024994,79.125
2024-11-20,0.0,21.024994,79.17499
2024-11-20,0.0,21.024994,79.225006
2024-11-20,0.0,21.074997,78.975006
2024-11-20,0.0,21.074997,79.024994
2024-11-20,0.0,21.074997,79.07501
2024-11-20,0.0,21.074997,79.125
2024-11-20,0.0,21.074997,79.17499
2024-11-20,0.0,21.074997,79.225006
2024-11-20,0.0,21.125,78.975006
2024-11-20,0.0,21.125,79.024994
2024-11-20,0.0,21.125,79.07501
2024-11-20,0.0,21.125,79.125
2024-11-20,0.0,21.125,79.17499
2024-11-20,0.0,21.125,79.225006
2024-11-20,0.0,21.174995,78.975006
2024-11-20,0.0,21.174995,79.024994
2024-11-20,0.0,21.174995,79.07501
2024-11-20,0.0,21.174995,79.125
2024-11-20,0.0,21.174995,79.17499
2024-11-20,0.0,21.174995,79.225006
2024-11-20,0.0,21.224998,78.975006
2024-11-20,0.0,21.224998,79.024994
2024-11-20,0.0,21.224998,79.07501
2024-11-20,0.0,21.224998,79.125
2024-11-20,0.0,21.224998,79.17499
2024-11-20,0.0,21.224998,79.225006
2024-11-21,0.0,21.024994,78.975006
2024-11-21,0.0,21.024994,79.024994
2024-11-21,0.0,21.024994,79.07501
2024-11-21,0.0,21.024994,79.125
2024-11-21,0.0,21.024994,79.17499
2024-11-21,0.0,21.024994,79.225006
2024-11-21,0.0,21.074997,78.975006
2024-11-21,0.0,21.074997,79.024994
2024-11-21,0.0,21.074997,79.07501
2024-11-21,0.0,21.074997,79.125
2024-11-21,0.0,21.074997,79.17499
2024-11-21,0.0,21.074997,79.225006
2024-11-21,0.0,21.125,78.975006
2024-11-21,0.0,21.125,79.024994
2024-11-21,0.0,21.125,79.07501
2024-11-21,0.0,21.125,79.125
2024-11-21,0.0,21.125,79.17499
2024-11-21,0.0,21.125,79.225006
2024-11-21,0.0,21.174995,78.975006
2024-11-21,0.0,21.174995,79.024994
2024-11-21,0.0,21.174995,79.07501
2024-11-21,0.0,21.174995,79.125
2024-11-21,0.0,21.174995,79.17499
2024-11-21,0.0,21.174995,79.225006
2024-11-21,0.0,21.224998,78.975006
2024-11-21,0.0,21.224998,79.024994
2024-11-21,0.0,21.224998,79.07501
2024-11-21,0.0,21.224998,79.125
2024-11-21,0.0,21.224998,79.17499
2024-11-21,0.0,21.224998,79.225006
2024-11-22,0.0,21.024994,78.975006
2024-11-22,0.0,21.024994,79.024994
2024-11-22,0.0,21.024994,79.07501
2024-11-22,0.0,21.024994,79.125
2024-11-22,0.0,21.024994,79.17499
2024-11-22,0.0,21.024994,79.225006
2024-11-22,0.0,21.074997,78.975006
2024-11-22,0.0,21.074997,79.024994
2024-11-22,0.0,21.074997,79.07501
2024-11-22,0.0,21.074997,79.125
2024-11-22,0.0,21.074997,79.17499
2024-11-22,0.0,21.074997,79.225006
2024-11-22,0.0,21.125,78.975006
2024-11-22,0.0,21.125,79.024994
2024-11-22,0.0,21.125,79.07501
2024-11-22,0.0,21.125,79.125
2024-11-22,0.0,21.125,79.17499
2024-11-22,0.0,21.125,79.225006
2024-11-22,0.0,21.174995,78.975006
2024-11-22,0.0,21.174995,79.024994
2024-11-22,0.0,21.174995,79.07501
2024-11-22,0.0,21.174995,79.125
2024-11-22,0.0,21.174995,79.17499
2024-11-22,0.0,21.174995,79.225006
2024-11-22,0.0,21.224998,78.975006
2024-11-22,0.0,21.224998,79.024994
2024-11-22,0.0,21.224998,79.07501
2024-11-22,0.0,21.224998,79.125
2024-11-22,0.0,21.224998,79.17499
2024-11-22,0.0,21.224998,79.225006
2024-11-23,0.0,21.024994,78.975006
2024-11-23,0.0,21.024994,79.024994
2024-11-23,0.0,21.024994,79.07501
2024-11-23,0.0,21.024994,79.125
2024-11-23,0.0,21.024994,79.17499
2024-11-23,0.0,21.024994,79.225006
2024-11-23,0.0,21.074997,78.975006
2024-11-23,0.0,21.074997,79.024994
2024-11-23,0.0,21.074997,79.07501
2024-11-23,0.0,21.074997,79.125
2024-11-23,0.0,21.074997,79.17499
2024-11-23,0.0,21.074997,79.225006
2024-11-23,0.0,21.125,78.975006
2024-11-23,0.0,21.125,79.024994
2024-11-23,0.0,21.125,79.07501
2024-11-23,0.0,21.125,79.125
2024-11-23,0.0,21.125,79.17499
2024-11-23,0.0,21.125,79.225006
2024-11-23,0.0,21.174995,78.975006
2024-11-23,0.0,21.174995,79.024994
2024-11-23,0.0,21.174995,79.07501
2024-11-23,0.0,21.174995,79.125
2024-11-23,0.0,21.174995,79.17499
2024-11-23,0.0,21.174995,79.225006
2024-11-23,0.0,21.224998,78.975006
2024-11-23,0.0,21.224998,79.024994
2024-11-23,0.0,21.224998,79.07501
2024-11-23,0.0,21.224998,79.125
2024-11-23,0.0,21.224998,79.17499
2024-11-23,0.0,21.224998,79.225006
2024-11-24,0.0,21.024994,78.975006
2024-11-24,0.0,21.024994,79.024994
2024-11-24,0.0,21.024994,79.07501
2024-11-24,0.0,21.024994,79.125
2024-11-24,0.0,21.024994,79.17499
2024-11-24,0.0,21.024994,79.225006
2024-11-24,0.0,21.074997,78.975006
2024-11-24,0.0,21.074997,79.024994
2024-11-24,0.0,21.074997,79.07501
2024-11-24,0.0,21.074997,79.125
2024-11-24,0.0,21.074997,79.17499
2024-11-24,0.0,21.074997,79.225006
2024-11-24,0.0,21.125,78.975006
2024-11-24,0.0,21.125,79.024994
2024-11-24,0.0,21.125,79.07501
2024-11-24,0.0,21.125,79.125
2024-11-24,0.0,21.125,79.17499
2024-11-24,0.0,21.125,79.225006
2024-11-24,0.0,21.174995,78.975006
2024-11-24,0.0,21.174995,79.024994
2024-11-24,0.0,21.174995,79.07501
2024-11-24,0.0,21.174995,79.125
2024-11-24,0.0,21.174995,79.17499
2024-11-24,0.0,21.174995,79.225006
2024-11-24,0.0,21.224998,78.975006
2024-11-24,0.0,21.224998,79.024994
2024-11-24,0.0,21.224998,79.07501
2024-11-24,0.0,21.224998,79.125
2024-11-24,0.0,21.224998,79.17499
2024-11-24,0.0,21.224998,79.225006
2024-11-25,0.0,21.024994,78.975006
2024-11-25,0.0,21.024994,79.024994
2024-11-25,0.0,21.024994,79.07501
2024-11-25,0.0,21.024994,79.125
2024-11-25,0.0,21.024994,79.17499
2024-11-25,0.0,21.024994,79.225006
2024-11-25,0.0,21.074997,78.975006
2024-11-25,0.0,21.074997,79.024994
2024-11-25,0.0,21.074997,79.07501
2024-11-25,0.0,21.074997,79.125
2024-11-25,0.0,21.074997,79.17499
2024-11-25,0.0,21.074997,79.225006
2024-11-25,0.0,21.125,78.975006
2024-11-25,0.0,21.125,79.024994
2024-11-25,0.0,21.125,79.07501
2024-11-25,0.0,21.125,79.125
2024-11-25,0.0,21.125,79.17499
2024-11-25,0.0,21.125,79.225006
2024-11-25,0.0,21.174995,78.975006
2024-11-25,0.0,21.174995,79.024994
2024-11-25,0.0,21.174995,79.07501
2024-11-25,0.0,21.174995,79.125
2024-11-25,0.0,21.174995,79.17499
2024-11-25,0.0,21.174995,79.225006
2024-11-25,0.0,21.224998,78.975006
2024-11-25,0.0,21.224998,79.024994
2024-11-25,0.0,21.224998,79.07501
2024-11-25,0.0,21.224998,79.125
2024-11-25,0.0,21.224998,79.17499
2024-11-25,0.0,21.224998,79.225006
2024-11-26,0.0,21.024994,78.975006
2024-11-26,0.0,21.024994,79.024994
2024-11-26,0.0,21.024994,79.07501
2024-11-26,0.0,21.024994,79.125
2024-11-26,0.0,21.024994,79.17499
2024-11-26,0.0,21.024994,79.225006
2024-11-26,0.0,21.074997,78.975006
2024-11-26,0.0,21.074997,79.024994
2024-11-26,0.0,21.074997,79.07501
2024-11-26,0.0,21.074997,79.125
2024-11-26,0.0,21.074997,79.17499
2024-11-26,0.0,21.074997,79.225006
2024-11-26,0.0,21.125,78.975006
2024-11-26,0.0,21.125,79.024994
2024-11-26,0.0,21.125,79.07501
2024-11-26,0.0,21.125,79.125
2024-11-26,0.0,21.125,79.17499
2024-11-26,0.0,21.125,79.225006
2024-11-26,0.0,21.174995,78.975006
2024-11-26,0.0,21.174995,79.024994
2024-11-26,0.0,21.174995,79.07501
2024-11-26,0.0,21.174995,79.125
2024-11-26,0.0,21.174995,79.17499
2024-11-26,0.0,21.174995,79.225006
2024-11-26,0.0,21.224998,78.975006
2024-11-26,0.0,21.224998,79.024994
2024-11-26,0.0,21.224998,79.07501
2024-11-26,0.0,21.224998,79.125
2024-11-26,0.0,21.224998,79.17499
2024-11-26,0.0,21.224998,79.225006
2024-11-27,0.0,21.024994,78.975006
2024-11-27,0.0,21.024994,79.024994
2024-11-27,0.0,21.024994,79.07501
2024-11-27,0.0,21.024994,79.125
2024-11-27,0.0,21.024994,79.17499
2024-11-27,0.0,21.024994,79.225006
2024-11-27,0.0,21.074997,78.975006
2024-11-27,0.0,21.074997,79.024994
2024-11-27,0.0,21.074997,79.07501
2024-11-27,0.0,21.074997,79.125
2024-11-27,0.0,21.074997,79.17499
2024-11-27,0.0,21.074997,79.225006
2024-11-27,0.0,21.125,78.975006
2024-11-27,0.0,21.125,79.024994
2024-11-27,0.0,21.125,79.07501
2024-11-27,0.0,21.125,79.125
2024-11-27,0.0,21.125,79.17499
2024-11-27,0.0,21.125,79.225006
2024-11-27,0.0,21.174995,78.975006
2024-11-27,0.0,21.174995,79.024994
2024-11-27,0.0,21.174995,79.07501
2024-11-27,0.0,21.174995,79.125
2024-11-27,0.0,21.174995,79.17499
2024-11-27,0.0,21.174995,79.225006
2024-11-27,0.0,21.224998,78.975006
2024-11-27,0.0,21.224998,79.024994
2024-11-27,0.0,21.224998,79.07501
2024-11-27,0.0,21.224998,79.125
2024-11-27,0.0,21.224998,79.17499
2024-11-27,0.0,21.224998,79.225006
2024-11-28,0.0,21.024994,78.975006
2024-11-28,0.0,21.024994,79.024994
2024-11-28,0.0,21.024994,79.07501
2024-11-28,0.0,21.024994,79.125
2024-11-28,0.0,21.024994,79.17499
2024-11-28,0.0,21.024994,79.225006
2024-11-28,0.0,21.074997,78.975006
2024-11-28,0.0,21.074997,79.024994
2024-11-28,0.0,21.074997,79.07501
2024-11-28,0.0,21.074997,79.125
2024-11-28,0.0,21.074997,79.17499
2024-11-28,0.0,21.074997,79.225006
2024-11-28,0.0,21.125,78.975006
2024-11-28,0.0,21.125,79.024994
2024-11-28,0.0,21.125,79.07501
2024-11-28,0.0,21.125,79.125
2024-11-28,0.0,21.125,79.17499
2024-11-28,0.0,21.125,79.225006
2024-11-28,0.0,21.174995,78.975006
2024-11-28,0.0,21.174995,79.024994
2024-11-28,0.0,21.174995,79.07501
2024-11-28,0.0,21.174995,79.125
2024-11-28,0.0,21.174995,79.17499
2024-11-28,0.0,21.174995,79.225006
2024-11-28,0.0,21.224998,78.975006
2024-11-28,0.0,21.224998,79.024994
2024-11-28,0.0,21.224998,79.07501
2024-11-28,0.0,21.224998,79.125
2024-11-28,0.0,21.224998,79.17499
2024-11-28,0.0,21.224998,79.225006
2024-11-29,0.0,21.024994,78.975006
2024-11-29,0.0,21.024994,79.024994
2024-11-29,0.0,21.024994,79.07501
2024-11-29,0.0,21.024994,79.125
2024-11-29,0.0,21.024994,79.17499
2024-11-29,0.0,21.024994,79.225006
2024-11-29,0.0,21.074997,78.975006
2024-11-29,0.0,21.074997,79.024994
2024-11-29,0.0,21.074997,79.07501
2024-11-29,0.0,21.074997,79.125
2024-11-29,0.0,21.074997,79.17499
2024-11-29,0.0,21.074997,79.225006
2024-11-29,0.0,21.125,78.975006
2024-11-29,0.0,21.125,79.024994
2024-11-29,0.0,21.125,79.07501
2024-11-29,0.0,21.125,79.125
2024-11-29,0.0,21.125,79.17499
2024-11-29,0.0,21.125,79.225006
2024-11-29,0.0,21.174995,78.975006
2024-11-29,0.0,21.174995,79.024994
2024-11-29,0.0,21.174995,79.07501
2024-11-29,0.0,21.174995,79.125
2024-11-29,0.0,21.174995,79.17499
2024-11-29,0.0,21.174995,79.225006
2024-11-29,0.0,21.224998,78.975006
2024-11-29,0.0,21.224998,79.024994
2024-11-29,0.0,21.224998,79.07501
2024-11-29,0.0,21.224998,79.125
2024-11-29,0.0,21.224998,79.17499
2024-11-29,0.0,21.224998,79.225006
2024-11-30,5.187049,21.024994,78.975006
2024-11-30,6.395879,21.024994,79.024994
2024-11-30,6.2872863,21.024994,79.07501
2024-11-30,7.108359,21.024994,79.125
2024-11-30,7.1664667,21.024994,79.17499
2024-11-30,7.018562,21.024994,79.225006
2024-11-30,4.0245714,21.074997,78.975006
2024-11-30,5.24479,21.074997,79.024994
2024-11-30,6.207416,21.074997,79.07501
2024-11-30,6.149887,21.074997,79.125
2024-11-30,6.929363,21.074997,79.17499
2024-11-30,6.642356,21.074997,79.225006
2024-11-30,4.115829,21.125,78.975006
2024-11-30,3.9758224,21.125,79.024994
2024-11-30,5.207668,21.125,79.07501
2024-11-30,6.329046,21.125,79.125
2024-11-30,6.1132727,21.125,79.17499
2024-11-30,7.13713,21.125,79.225006
2024-11-30,0.0,21.174995,78.975006
2024-11-30,4.2714686,21.174995,79.024994
2024-11-30,3.88163,21.174995,79.07501
2024-11-30,4.008334,21.174995,79.125
2024-11-30,4.005948,21.174995,79.17499
2024-11-30,5.1631794,21.174995,79.225006
2024-11-30,0.0,21.224998,78.975006
2024-11-30,0.0,21.224998,79.024994
2024-11-30,5.0992765,21.224998,79.07501
2024-11-30,4.1830635,21.224998,79.125
2024-11-30,4.180363,21.224998,79.17499
2024-11-30,4.2055335,21.224998,79.225006
2024-12-01,0.0,21.024994,78.975006
2024-12-01,0.0,21.024994,79.024994
2024-12-01,0.0,21.024994,79.07501
2024-12-01,0.0,21.024994,79.125
2024-12-01,0.0,21.024994,79.17499
2024-12-01,0.0,21.024994,79.225006
2024-12-01,0.0,21.074997,78.975006
2024-12-01,0.0,21.074997,79.024994
2024-12-01,0.0,21.074997,79.07501
2024-12-01,0.0,21.074997,79.125
2024-12-01,0.0,21.074997,79.17499
2024-12-01,0.0,21.074997,79.225006
2024-12-01,0.0,21.125,78.975006
2024-12-01,0.0,21.125,79.024994
2024-12-01,0.0,21.125,79.07501
2024-12-01,0.0,21.125,79.125
2024-12-01,0.0,21.125,79.17499
2024-12-01,0.0,21.125,79.225006
2024-12-01,0.0,21.174995,78.975006
2024-12-01,0.0,21.174995,79.024994
2024-12-01,0.0,21.174995,79.07501
2024-12-01,0.0,21.174995,79.125
2024-12-01,0.0,21.174995,79.17499
2024-12-01,0.0,21.174995,79.225006
2024-12-01,0.0,21.224998,78.975006
2024-12-01,0.0,21.224998,79.024994
2024-12-01,0.0,21.224998,79.07501
2024-12-01,0.0,21.224998,79.125
2024-12-01,0.0,21.224998,79.17499
2024-12-01,0.0,21.224998,79.225006
2024-12-02,0.0,21.024994,78.975006
2024-12-02,0.0,21.024994,79.024994
2024-12-02,0.0,21.024994,79.07501
2024-12-02,0.0,21.024994,79.125
2024-12-02,0.0,21.024994,79.17499
2024-12-02,0.0,21.024994,79.225006
2024-12-02,0.0,21.074997,78.975006
2024-12-02,0.0,21.074997,79.024994
2024-12-02,0.0,21.074997,79.07501
2024-12-02,0.0,21.074997,79.125
2024-12-02,0.0,21.074997,79.17499
2024-12-02,0.0,21.074997,79.225006
2024-12-02,0.0,21.125,78.975006
2024-12-02,0.0,21.125,79.024994
2024-12-02,0.0,21.125,79.07501
2024-12-02,0.0,21.125,79.125
2024-12-02,0.0,21.125,79.17499
2024-12-02,0.0,21.125,79.225006
2024-12-02,0.0,21.174995,78.975006
2024-12-02,0.0,21.174995,79.024994
2024-12-02,0.0,21.174995,79.07501
2024-12-02,0.0,21.174995,79.125
2024-12-02,0.0,21.174995,79.17499
2024-12-02,0.0,21.174995,79.225006
2024-12-02,0.0,21.224998,78.975006
2024-12-02,0.0,21.224998,79.024994
2024-12-02,0.0,21.224998,79.07501
2024-12-02,0.0,21.224998,79.125
2024-12-02,0.0,21.224998,79.17499
2024-12-02,0.0,21.224998,79.225006
2024-12-03,0.0,21.024994,78.975006
2024-12-03,0.0,21.024994,79.024994
2024-12-03,0.0,21.024994,79.07501
2024-12-03,0.0,21.024994,79.125
2024-12-03,0.0,21.024994,79.17499
2024-12-03,0.0,21.024994,79.225006
2024-12-03,0.0,21.074997,78.975006
2024-12-03,0.0,21.074997,79.024994
2024-12-03,0.0,21.074997,79.07501
2024-12-03,0.0,21.074997,79.125
2024-12-03,0.0,21.074997,79.17499
2024-12-03,0.0,21.074997,79.225006
2024-12-03,0.0,21.125,78.975006
2024-12-03,0.0,21.125,79.024994
2024-12-03,0.0,21.125,79.07501
2024-12-03,0.0,21.125,79.125
2024-12-03,0.0,21.125,79.17499
2024-12-03,0.0,21.125,79.225006
2024-12-03,0.0,21.174995,78.975006
2024-12-03,0.0,21.174995,79.024994
2024-12-03,0.0,21.174995,79.07501
2024-12-03,0.0,21.174995,79.125
2024-12-03,0.0,21.174995,79.17499
2024-12-03,0.0,21.174995,79.225006
2024-12-03,0.0,21.224998,78.975006
2024-12-03,0.0,21.224998,79.024994
2024-12-03,0.0,21.224998,79.07501
2024-12-03,0.0,21.224998,79.125
2024-12-03,0.0,21.224998,79.17499
2024-12-03,0.0,21.224998,79.225006
2024-12-04,0.0,21.024994,78.975006
2024-12-04,0.0,21.024994,79.024994
2024-12-04,0.0,21.024994,79.07501
2024-12-04,0.0,21.024994,79.125
2024-12-04,0.0,21.024994,79.17499
2024-12-04,0.0,21.024994,79.225006
2024-12-04,0.0,21.074997,78.975006
2024-12-04,0.0,21.074997,79.024994
2024-12-04,0.0,21.074997,79.07501
2024-12-04,0.0,21.074997,79.125
2024-12-04,0.0,21.074997,79.17499
2024-12-04,0.0,21.074997,79.225006
2024-12-04,0.0,21.125,78.975006
2024-12-04,0.0,21.125,79.024994
2024-12-04,0.0,21.125,79.07501
2024-12-04,0.0,21.125,79.125
2024-12-04,0.0,21.125,79.17499
2024-12-04,0.0,21.125,79.225006
2024-12-04,0.0,21.174995,78.975006
2024-12-04,0.0,21.174995,79.024994
2024-12-04,0.0,21.174995,79.07501
2024-12-04,0.0,21.174995,79.125
2024-12-04,0.0,21.174995,79.17499
2024-12-04,0.0,21.174995,79.225006
2024-12-04,0.0,21.224998,78.975006
2024-12-04,0.0,21.224998,79.024994
2024-12-04,0.0,21.224998,79.07501
2024-12-04,0.0,21.224998,79.125
2024-12-04,0.0,21.224998,79.17499
2024-12-04,0.0,21.224998,79.225006
2024-12-05,0.0,21.024994,78.975006
2024-12-05,0.0,21.024994,79.024994
2024-12-05,0.0,21.024994,79.07501
2024-12-05,0.0,21.024994,79.125
2024-12-05,0.0,21.024994,79.17499
2024-12-05,0.0,21.024994,79.225006
2024-12-05,0.0,21.074997,78.975006
2024-12-05,0.0,21.074997,79.024994
2024-12-05,0.0,21.074997,79.07501
2024-12-05,0.0,21.074997,79.125
2024-12-05,0.0,21.074997,79.17499
2024-12-05,0.0,21.074997,79.225006
2024-12-05,0.0,21.125,78.975006
2024-12-05,0.0,21.125,79.024994
2024-12-05,0.0,21.125,79.07501
2024-12-05,0.0,21.125,79.125
2024-12-05,0.0,21.125,79.17499
2024-12-05,0.0,21.125,79.225006
2024-12-05,0.0,21.174995,78.975006
2024-12-05,0.0,21.174995,79.024994
2024-12-05,0.0,21.174995,79.07501
2024-12-05,0.0,21.174995,79.125
2024-12-05,0.0,21.174995,79.17499
2024-12-05,0.0,21.174995,79.225006
2024-12-05,0.0,21.224998,78.975006
2024-12-05,0.0,21.224998,79.024994
2024-12-05,0.0,21.224998,79.07501
2024-12-05,0.0,21.224998,79.125
2024-12-05,0.0,21.224998,79.17499
2024-12-05,0.0,21.224998,79.225006
2024-12-06,0.0,21.024994,78.975006
2024-12-06,0.0,21.024994,79.024994
2024-12-06,0.0,21.024994,79.07501
2024-12-06,0.0,21.024994,79.125
2024-12-06,0.0,21.024994,79.17499
2024-12-06,0.0,21.024994,79.225006
2024-12-06,0.0,21.074997,78.975006
2024-12-06,0.0,21.074997,79.024994
2024-12-06,0.0,21.074997,79.07501
2024-12-06,0.0,21.074997,79.125
2024-12-06,0.0,21.074997,79.17499
2024-12-06,0.0,21.074997,79.225006
2024-12-06,0.0,21.125,78.975006
2024-12-06,0.0,21.125,79.024994
2024-12-06,0.0,21.125,79.07501
2024-12-06,0.0,21.125,79.125
2024-12-06,0.0,21.125,79.17499
2024-12-06,0.0,21.125,79.225006
2024-12-06,0.0,21.174995,78.975006
2024-12-06,0.0,21.174995,79.024994
2024-12-06,0.0,21.174995,79.07501
2024-12-06,0.0,21.174995,79.125
2024-12-06,0.0,21.174995,79.17499
2024-12-06,0.0,21.174995,79.225006
2024-12-06,0.0,21.224998,78.975006
2024-12-06,0.0,21.224998,79.024994
2024-12-06,0.0,21.224998,79.07501
2024-12-06,0.0,21.224998,79.125
2024-12-06,0.0,21.224998,79.17499
2024-12-06,0.0,21.224998,79.225006
2024-12-07,3.8373168,21.024994,78.975006
2024-12-07,3.8141787,21.024994,79.024994
2024-12-07,3.7984376,21.024994,79.07501
2024-12-07,3.5882425,21.024994,79.125
2024-12-07,3.4586804,21.024994,79.17499
2024-12-07,3.3240619,21.024994,79.225006
2024-12-07,3.828446,21.074997,78.975006
2024-12-07,3.9402251,21.074997,79.024994
2024-12-07,3.8181818,21.074997,79.07501
2024-12-07,3.6569495,21.074997,79.125
2024-12-07,3.6035166,21.074997,79.17499
2024-12-07,3.488391,21.074997,79.225006
2024-12-07,3.6469607,21.125,78.975006
2024-12-07,3.7989495,21.125,79.024994
2024-12-07,3.794617,21.125,79.07501
2024-12-07,3.7556043,21.125,79.125
2024-12-07,3.5519614,21.125,79.17499
2024-12-07,0.0,21.125,79.225006
2024-12-07,3.616921,21.174995,78.975006
2024-12-07,3.7293556,21.174995,79.024994
2024-12-07,0.0,21.174995,79.07501
2024-12-07,0.0,21.174995,79.125
2024-12-07,0.0,21.174995,79.17499
2024-12-07,0.0,21.174995,79.225006
2024-12-07,3.5597825,21.224998,78.975006
2024-12-07,3.665156,21.224998,79.024994
2024-12-07,3.7608669,21.224998,79.07501
2024-12-07,0.0,21.224998,79.125
2024-12-07,0.0,21.224998,79.17499
2024-12-07,0.0,21.224998,79.225006
2024-12-08,0.0,21.024994,78.975006
2024-12-08,0.0,21.024994,79.024994
2024-12-08,0.0,21.024994,79.07501
2024-12-08,0.0,21.024994,79.125
2024-12-08,0.0,21.024994,79.17499
2024-12-08,0.0,21.024994,79.225006
2024-12-08,0.0,21.074997,78.975006
2024-12-08,0.0,21.074997,79.024994
2024-12-08,0.0,21.074997,79.07501
2024-12-08,0.0,21.074997,79.125
2024-12-08,0.0,21.074997,79.17499
2024-12-08,0.0,21.074997,79.225006
2024-12-08,0.0,21.125,78.975006
2024-12-08,0.0,21.125,79.024994
2024-12-08,0.0,21.125,79.07501
2024-12-08,0.0,21.125,79.125
2024-12-08,0.0,21.125,79.17499
2024-12-08,0.0,21.125,79.225006
2024-12-08,0.0,21.174995,78.975006
2024-12-08,0.0,21.174995,79.024994
2024-12-08,0.0,21.174995,79.07501
2024-12-08,0.0,21.174995,79.125
2024-12-08,0.0,21.174995,79.17499
2024-12-08,0.0,21.174995,79.225006
2024-12-08,0.0,21.224998,78.975006
2024-12-08,0.0,21.224998,79.024994
2024-12-08,0.0,21.224998,79.07501
2024-12-08,0.0,21.224998,79.125
2024-12-08,0.0,21.224998,79.17499
2024-12-08,0.0,21.224998,79.225006
2024-12-09,0.0,21.024994,78.975006
2024-12-09,0.0,21.024994,79.024994
2024-12-09,0.0,21.024994,79.07501
2024-12-09,0.0,21.024994,79.125
2024-12-09,0.0,21.024994,79.17499
2024-12-09,0.0,21.024994,79.225006
2024-12-09,0.0,21.074997,78.975006
2024-12-09,0.0,21.074997,79.024994
2024-12-09,0.0,21.074997,79.07501
2024-12-09,0.0,21.074997,79.125
2024-12-09,0.0,21.074997,79.17499
2024-12-09,0.0,21.074997,79.225006
2024-12-09,0.0,21.125,78.975006
2024-12-09,0.0,21.125,79.024994
2024-12-09,0.0,21.125,79.07501
2024-12-09,0.0,21.125,79.125
2024-12-09,0.0,21.125,79.17499
2024-12-09,0.0,21.125,79.225006
2024-12-09,0.0,21.174995,78.975006
2024-12-09,0.0,21.174995,79.024994
2024-12-09,0.0,21.174995,79.07501
2024-12-09,0.0,21.174995,79.125
2024-12-09,0.0,21.174995,79.17499
2024-12-09,0.0,21.174995,79.225006
2024-12-09,0.0,21.224998,78.975006
2024-12-09,0.0,21.224998,79.024994
2024-12-09,0.0,21.224998,79.07501
2024-12-09,0.0,21.224998,79.125
2024-12-09,0.0,21.224998,79.17499
2024-12-09,0.0,21.224998,79.225006
2024-12-10,0.0,21.024994,78.975006
2024-12-10,0.0,21.024994,79.024994
2024-12-10,0.0,21.024994,79.07501
2024-12-10,0.0,21.024994,79.125
2024-12-10,0.0,21.024994,79.17499
2024-12-10,0.0,21.024994,79.225006
2024-12-10,0.0,21.074997,78.975006
2024-12-10,0.0,21.074997,79.024994
2024-12-10,0.0,21.074997,79.07501
2024-12-10,0.0,21.074997,79.125
2024-12-10,0.0,21.074997,79.17499
2024-12-10,0.0,21.074997,79.225006
2024-12-10,0.0,21.125,78.975006
2024-12-10,0.0,21.125,79.024994
2024-12-10,0.0,21.125,79.07501
2024-12-10,0.0,21.125,79.125
2024-12-10,0.0,21.125,79.17499
2024-12-10,0.0,21.125,79.225006
2024-12-10,0.0,21.174995,78.975006
2024-12-10,0.0,21.174995,79.024994
2024-12-10,0.0,21.174995,79.07501
2024-12-10,0.0,21.174995,79.125
2024-12-10,0.0,21.174995,79.17499
2024-12-10,0.0,21.174995,79.225006
2024-12-10,0.0,21.224998,78.975006
2024-12-10,0.0,21.224998,79.024994
2024-12-10,0.0,21.224998,79.07501
2024-12-10,0.0,21.224998,79.125
2024-12-10,0.0,21.224998,79.17499
2024-12-10,0.0,21.224998,79.225006
2024-12-11,0.0,21.024994,78.975006
2024-12-11,0.0,21.024994,79.024994
2024-12-11,0.0,21.024994,79.07501
2024-12-11,0.0,21.024994,79.125
2024-12-11,0.0,21.024994,79.17499
2024-12-11,0.0,21.024994,79.225006
2024-12-11,0.0,21.074997,78.975006
2024-12-11,0.0,21.074997,79.024994
2024-12-11,0.0,21.074997,79.07501
2024-12-11,0.0,21.074997,79.125
2024-12-11,0.0,21.074997,79.17499
2024-12-11,0.0,21.074997,79.225006
2024-12-11,0.0,21.125,78.975006
2024-12-11,0.0,21.125,79.024994
2024-12-11,0.0,21.125,79.07501
2024-12-11,0.0,21.125,79.125
2024-12-11,0.0,21.125,79.17499
2024-12-11,0.0,21.125,79.225006
2024-12-11,0.0,21.174995,78.975006
2024-12-11,0.0,21.174995,79.024994
2024-12-11,0.0,21.174995,79.07501
2024-12-11,0.0,21.174995,79.125
2024-12-11,0.0,21.174995,79.17499
2024-12-11,0.0,21.174995,79.225006
2024-12-11,0.0,21.224998,78.975006
2024-12-11,0.0,21.224998,79.024994
2024-12-11,0.0,21.224998,79.07501
2024-12-11,0.0,21.224998,79.125
2024-12-11,0.0,21.224998,79.17499
2024-12-11,0.0,21.224998,79.225006
2024-12-12,3.8996034,21.024994,78.975006
2024-12-12,3.9000256,21.024994,79.024994
2024-12-12,3.9154308,21.024994,79.07501
2024-12-12,3.7146013,21.024994,79.125
2024-12-12,3.592457,21.024994,79.17499
2024-12-12,3.476445,21.024994,79.225006
2024-12-12,3.9162474,21.074997,78.975006
2024-12-12,4.069062,21.074997,79.024994
2024-12-12,3.9658527,21.074997,79.07501
2024-12-12,3.8233998,21.074997,79.125
2024-12-12,3.7953508,21.074997,79.17499
2024-12-12,3.7073815,21.074997,79.225006
2024-12-12,3.7361796,21.125,78.975006
2024-12-12,3.939106,21.125,79.024994
2024-12-12,3.9685903,21.125,79.07501
2024-12-12,3.96065,21.125,79.125
2024-12-12,3.7613437,21.125,79.17499
2024-12-12,3.7861347,21.125,79.225006
2024-12-12,3.6994019,21.174995,78.975006
2024-12-12,3.862278,21.174995,79.024994
2024-12-12,3.9746518,21.174995,79.07501
2024-12-12,3.9206696,21.174995,79.125
2024-12-12,3.7833347,21.174995,79.17499
2024-12-12,3.818859,21.174995,79.225006
2024-12-12,3.6661007,21.224998,78.975006
2024-12-12,3.789273,21.224998,79.024994
2024-12-12,3.9265573,21.224998,79.07501
2024-12-12,3.7788699,21.224998,79.125
2024-12-12,3.7764301,21.224998,79.17499
2024-12-12,3.829173,21.224998,79.225006
2024-12-13,0.0,21.024994,78.975006
2024-12-13,0.0,21.024994,79.024994
2024-12-13,0.0,21.024994,79.07501
2024-12-13,0.0,21.024994,79.125
2024-12-13,0.0,21.024994,79.17499
2024-12-13,0.0,21.024994,79.225006
2024-12-13,0.0,21.074997,78.975006
2024-12-13,0.0,21.074997,79.024994
2024-12-13,0.0,21.074997,79.07501
2024-12-13,0.0,21.074997,79.125
2024-12-13,0.0,21.074997,79.17499
2024-12-13,0.0,21.074997,79.225006
2024-12-13,0.0,21.125,78.975006
2024-12-13,0.0,21.125,79.024994
2024-12-13,0.0,21.125,79.07501
2024-12-13,0.0,21.125,79.125
2024-12-13,0.0,21.125,79.17499
2024-12-13,0.0,21.125,79.225006
2024-12-13,0.0,21.174995,78.975006
2024-12-13,0.0,21.174995,79.024994
2024-12-13,0.0,21.174995,79.07501
2024-12-13,0.0,21.174995,79.125
2024-12-13,0.0,21.174995,79.17499
2024-12-13,0.0,21.174995,79.225006
2024-12-13,0.0,21.224998,78.975006
2024-12-13,0.0,21.224998,79.024994
2024-12-13,0.0,21.224998,79.07501
2024-12-13,0.0,21.224998,79.125
2024-12-13,0.0,21.224998,79.17499
2024-12-13,0.0,21.224998,79.225006
2024-12-14,0.0,21.024994,78.975006
2024-12-14,0.0,21.024994,79.024994
2024-12-14,0.0,21.024994,79.07501
2024-12-14,0.0,21.024994,79.125
2024-12-14,0.0,21.024994,79.17499
2024-12-14,0.0,21.024994,79.225006
2024-12-14,0.0,21.074997,78.975006
2024-12-14,0.0,21.074997,79.024994
2024-12-14,0.0,21.074997,79.07501
2024-12-14,0.0,21.074997,79.125
2024-12-14,0.0,21.074997,79.17499
2024-12-14,0.0,21.074997,79.225006
2024-12-14,0.0,21.125,78.975006
2024-12-14,0.0,21.125,79.024994
2024-12-14,0.0,21.125,79.07501
2024-12-14,0.0,21.125,79.125
2024-12-14,0.0,21.125,79.17499
2024-12-14,0.0,21.125,79.225006
2024-12-14,0.0,21.174995,78.975006
2024-12-14,0.0,21.174995,79.024994
2024-12-14,0.0,21.174995,79.07501
2024-12-14,0.0,21.174995,79.125
2024-12-14,0.0,21.174995,79.17499
2024-12-14,0.0,21.174995,79.225006
2024-12-14,0.0,21.224998,78.975006
2024-12-14,0.0,21.224998,79.024994
2024-12-14,0.0,21.224998,79.07501
2024-12-14,0.0,21.224998,79.125
2024-12-14,0.0,21.224998,79.17499
2024-12-14,0.0,21.224998,79.225006
2024-12-15,0.0,21.024994,78.975006
2024-12-15,0.0,21.024994,79.024994
2024-12-15,0.0,21.024994,79.07501
2024-12-15,0.0,21.024994,79.125
2024-12-15,0.0,21.024994,79.17499
2024-12-15,0.0,21.024994,79.225006
2024-12-15,0.0,21.074997,78.975006
2024-12-15,0.0,21.074997,79.024994
2024-12-15,0.0,21.074997,79.07501
2024-12-15,0.0,21.074997,79.125
2024-12-15,0.0,21.074997,79.17499
2024-12-15,0.0,21.074997,79.225006
2024-12-15,0.0,21.125,78.975006
2024-12-15,0.0,21.125,79.024994
2024-12-15,0.0,21.125,79.07501
2024-12-15,0.0,21.125,79.125
2024-12-15,0.0,21.125,79.17499
2024-12-15,0.0,21.125,79.225006
2024-12-15,0.0,21.174995,78.975006
2024-12-15,0.0,21.174995,79.024994
2024-12-15,0.0,21.174995,79.07501
2024-12-15,0.0,21.174995,79.125
2024-12-15,0.0,21.174995,79.17499
2024-12-15,0.0,21.174995,79.225006
2024-12-15,0.0,21.224998,78.975006
2024-12-15,0.0,21.224998,79.024994
2024-12-15,0.0,21.224998,79.07501
2024-12-15,0.0,21.224998,79.125
2024-12-15,0.0,21.224998,79.17499
2024-12-15,0.0,21.224998,79.225006
2024-12-16,0.0,21.024994,78.975006
2024-12-16,0.0,21.024994,79.024994
2024-12-16,0.0,21.024994,79.07501
2024-12-16,0.0,21.024994,79.125
2024-12-16,0.0,21.024994,79.17499
2024-12-16,0.0,21.024994,79.225006
2024-12-16,0.0,21.074997,78.975006
2024-12-16,0.0,21.074997,79.024994
2024-12-16,0.0,21.074997,79.07501
2024-12-16,0.0,21.074997,79.125
2024-12-16,0.0,21.074997,79.17499
2024-12-16,0.0,21.074997,79.225006
2024-12-16,0.0,21.125,78.975006
2024-12-16,0.0,21.125,79.024994
2024-12-16,0.0,21.125,79.07501
2024-12-16,0.0,21.125,79.125
2024-12-16,0.0,21.125,79.17499
2024-12-16,0.0,21.125,79.225006
2024-12-16,0.0,21.174995,78.975006
2024-12-16,0.0,21.174995,79.024994
2024-12-16,0.0,21.174995,79.07501
2024-12-16,0.0,21.174995,79.125
2024-12-16,0.0,21.174995,79.17499
2024-12-16,0.0,21.174995,79.225006
2024-12-16,0.0,21.224998,78.975006
2024-12-16,0.0,21.224998,79.024994
2024-12-16,0.0,21.224998,79.07501
2024-12-16,0.0,21.224998,79.125
2024-12-16,0.0,21.224998,79.17499
2024-12-16,0.0,21.224998,79.225006
2024-12-17,0.0,21.024994,78.975006
2024-12-17,0.0,21.024994,79.024994
2024-12-17,0.0,21.024994,79.07501
2024-12-17,0.0,21.024994,79.125
2024-12-17,0.0,21.024994,79.17499
2024-12-17,0.0,21.024994,79.225006
2024-12-17,0.0,21.074997,78.975006
2024-12-17,0.0,21.074997,79.024994
2024-12-17,0.0,21.074997,79.07501
2024-12-17,0.0,21.074997,79.125
2024-12-17,0.0,21.074997,79.17499
2024-12-17,0.0,21.074997,79.225006
2024-12-17,0.0,21.125,78.975006
2024-12-17,0.0,21.125,79.024994
2024-12-17,0.0,21.125,79.07501
2024-12-17,0.0,21.125,79.125
2024-12-17,0.0,21.125,79.17499
2024-12-17,0.0,21.125,79.225006
2024-12-17,0.0,21.174995,78.975006
2024-12-17,0.0,21.174995,79.024994
2024-12-17,0.0,21.174995,79.07501
2024-12-17,0.0,21.174995,79.125
2024-12-17,0.0,21.174995,79.17499
2024-12-17,0.0,21.174995,79.225006
2024-12-17,0.0,21.224998,78.975006
2024-12-17,0.0,21.224998,79.024994
2024-12-17,0.0,21.224998,79.07501
2024-12-17,0.0,21.224998,79.125
2024-12-17,0.0,21.224998,79.17499
2024-12-17,0.0,21.224998,79.225006
2024-12-18,0.0,21.024994,78.975006
2024-12-18,0.0,21.024994,79.024994
2024-12-18,0.0,21.024994,79.07501
2024-12-18,0.0,21.024994,79.125
2024-12-18,0.0,21.024994,79.17499
2024-12-18,0.0,21.024994,79.225006
2024-12-18,0.0,21.074997,78.975006
2024-12-18,0.0,21.074997,79.024994
2024-12-18,0.0,21.074997,79.07501
2024-12-18,0.0,21.074997,79.125
2024-12-18,0.0,21.074997,79.17499
2024-12-18,0.0,21.074997,79.225006
2024-12-18,0.0,21.125,78.975006
2024-12-18,0.0,21.125,79.024994
2024-12-18,0.0,21.125,79.07501
2024-12-18,0.0,21.125,79.125
2024-12-18,0.0,21.125,79.17499
2024-12-18,0.0,21.125,79.225006
2024-12-18,0.0,21.174995,78.975006
2024-12-18,0.0,21.174995,79.024994
2024-12-18,0.0,21.174995,79.07501
2024-12-18,0.0,21.174995,79.125
2024-12-18,0.0,21.174995,79.17499
2024-12-18,0.0,21.174995,79.225006
2024-12-18,0.0,21.224998,78.975006
2024-12-18,0.0,21.224998,79.024994
2024-12-18,0.0,21.224998,79.07501
2024-12-18,0.0,21.224998,79.125
2024-12-18,0.0,21.224998,79.17499
2024-12-18,0.0,21.224998,79.225006
2024-12-19,0.0,21.024994,78.975006
2024-12-19,0.0,21.024994,79.024994
2024-12-19,0.0,21.024994,79.07501
2024-12-19,0.0,21.024994,79.125
2024-12-19,0.0,21.024994,79.17499
2024-12-19,0.0,21.024994,79.225006
2024-12-19,0.0,21.074997,78.975006
2024-12-19,0.0,21.074997,79.024994
2024-12-19,0.0,21.074997,79.07501
2024-12-19,0.0,21.074997,79.125
2024-12-19,0.0,21.074997,79.17499
2024-12-19,0.0,21.074997,79.225006
2024-12-19,0.0,21.125,78.975006
2024-12-19,0.0,21.125,79.024994
2024-12-19,0.0,21.125,79.07501
2024-12-19,0.0,21.125,79.125
2024-12-19,0.0,21.125,79.17499
2024-12-19,0.0,21.125,79.225006
2024-12-19,0.0,21.174995,78.975006
2024-12-19,0.0,21.174995,79.024994
2024-12-19,0.0,21.174995,79.07501
2024-12-19,0.0,21.174995,79.125
2024-12-19,0.0,21.174995,79.17499
2024-12-19,0.0,21.174995,79.225006
2024-12-19,0.0,21.224998,78.975006
2024-12-19,0.0,21.224998,79.024994
2024-12-19,0.0,21.224998,79.07501
2024-12-19,0.0,21.224998,79.125
2024-12-19,0.0,21.224998,79.17499
2024-12-19,0.0,21.224998,79.225006
2024-12-20,0.0,21.024994,78.975006
2024-12-20,0.0,21.024994,79.024994
2024-12-20,0.0,21.024994,79.07501
2024-12-20,0.0,21.024994,79.125
2024-12-20,0.0,21.024994,79.17499
2024-12-20,0.0,21.024994,79.225006
2024-12-20,0.0,21.074997,78.975006
2024-12-20,0.0,21.074997,79.024994
2024-12-20,0.0,21.074997,79.07501
2024-12-20,0.0,21.074997,79.125
2024-12-20,0.0,21.074997,79.17499
2024-12-20,0.0,21.074997,79.225006
2024-12-20,0.0,21.125,78.975006
2024-12-20,0.0,21.125,79.024994
2024-12-20,0.0,21.125,79.07501
2024-12-20,0.0,21.125,79.125
2024-12-20,0.0,21.125,79.17499
2024-12-20,3.556063,21.125,79.225006
2024-12-20,0.0,21.174995,78.975006
2024-12-20,0.0,21.174995,79.024994
2024-12-20,3.7818897,21.174995,79.07501
2024-12-20,3.7144046,21.174995,79.125
2024-12-20,3.58798,21.174995,79.17499
2024-12-20,3.5854938,21.174995,79.225006
2024-12-20,0.0,21.224998,78.975006
2024-12-20,0.0,21.224998,79.024994
2024-12-20,0.0,21.224998,79.07501
2024-12-20,3.6064577,21.224998,79.125
2024-12-20,3.5825732,21.224998,79.17499
2024-12-20,3.6292553,21.224998,79.225006
2024-12-21,0.0,21.024994,78.975006
2024-12-21,0.0,21.024994,79.024994
2024-12-21,0.0,21.024994,79.07501
2024-12-21,0.0,21.024994,79.125
2024-12-21,0.0,21.024994,79.17499
2024-12-21,0.0,21.024994,79.225006
2024-12-21,0.0,21.074997,78.975006
2024-12-21,0.0,21.074997,79.024994
2024-12-21,0.0,21.074997,79.07501
2024-12-21,0.0,21.074997,79.125
2024-12-21,0.0,21.074997,79.17499
2024-12-21,0.0,21.074997,79.225006
2024-12-21,0.0,21.125,78.975006
2024-12-21,0.0,21.125,79.024994
2024-12-21,0.0,21.125,79.07501
2024-12-21,0.0,21.125,79.125
2024-12-21,0.0,21.125,79.17499
2024-12-21,0.0,21.125,79.225006
2024-12-21,0.0,21.174995,78.975006
2024-12-21,0.0,21.174995,79.024994
2024-12-21,0.0,21.174995,79.07501
2024-12-21,0.0,21.174995,79.125
2024-12-21,0.0,21.174995,79.17499
2024-12-21,0.0,21.174995,79.225006
2024-12-21,0.0,21.224998,78.975006
2024-12-21,0.0,21.224998,79.024994
2024-12-21,0.0,21.224998,79.07501
2024-12-21,0.0,21.224998,79.125
2024-12-21,0.0,21.224998,79.17499
2024-12-21,0.0,21.224998,79.225006
2024-12-22,0.0,21.024994,78.975006
2024-12-22,0.0,21.024994,79.024994
2024-12-22,0.0,21.024994,79.07501
2024-12-22,0.0,21.024994,79.125
2024-12-22,0.0,21.024994,79.17499
2024-12-22,0.0,21.024994,79.225006
2024-12-22,0.0,21.074997,78.975006
2024-12-22,0.0,21.074997,79.024994
2024-12-22,0.0,21.074997,79.07501
2024-12-22,0.0,21.074997,79.125
2024-12-22,0.0,21.074997,79.17499
2024-12-22,0.0,21.074997,79.225006
2024-12-22,0.0,21.125,78.975006
2024-12-22,0.0,21.125,79.024994
2024-12-22,0.0,21.125,79.07501
2024-12-22,0.0,21.125,79.125
2024-12-22,0.0,21.125,79.17499
2024-12-22,0.0,21.125,79.225006
2024-12-22,0.0,21.174995,78.975006
2024-12-22,0.0,21.174995,79.024994
2024-12-22,0.0,21.174995,79.07501
2024-12-22,0.0,21.174995,79.125
2024-12-22,0.0,21.174995,79.17499
2024-12-22,0.0,21.174995,79.225006
2024-12-22,0.0,21.224998,78.975006
2024-12-22,0.0,21.224998,79.024994
2024-12-22,0.0,21.224998,79.07501
2024-12-22,0.0,21.224998,79.125
2024-12-22,0.0,21.224998,79.17499
2024-12-22,0.0,21.224998,79.225006
2024-12-23,0.0,21.024994,78.975006
2024-12-23,0.0,21.024994,79.024994
2024-12-23,0.0,21.024994,79.07501
2024-12-23,0.0,21.024994,79.125
2024-12-23,0.0,21.024994,79.17499
2024-12-23,0.0,21.024994,79.225006
2024-12-23,0.0,21.074997,78.975006
2024-12-23,0.0,21.074997,79.024994
2024-12-23,0.0,21.074997,79.07501
2024-12-23,0.0,21.074997,79.125
2024-12-23,0.0,21.074997,79.17499
2024-12-23,0.0,21.074997,79.225006
2024-12-23,0.0,21.125,78.975006
2024-12-23,0.0,21.125,79.024994
2024-12-23,0.0,21.125,79.07501
2024-12-23,0.0,21.125,79.125
2024-12-23,0.0,21.125,79.17499
2024-12-23,0.0,21.125,79.225006
2024-12-23,0.0,21.174995,78.975006
2024-12-23,0.0,21.174995,79.024994
2024-12-23,0.0,21.174995,79.07501
2024-12-23,0.0,21.174995,79.125
2024-12-23,0.0,21.174995,79.17499
2024-12-23,0.0,21.174995,79.225006
2024-12-23,0.0,21.224998,78.975006
2024-12-23,0.0,21.224998,79.024994
2024-12-23,0.0,21.224998,79.07501
2024-12-23,0.0,21.224998,79.125
2024-12-23,0.0,21.224998,79.17499
2024-12-23,0.0,21.224998,79.225006
2024-12-24,0.0,21.024994,78.975006
2024-12-24,0.0,21.024994,79.024994
2024-12-24,0.0,21.024994,79.07501
2024-12-24,0.0,21.024994,79.125
2024-12-24,0.0,21.024994,79.17499
2024-12-24,0.0,21.024994,79.225006
2024-12-24,0.0,21.074997,78.975006
2024-12-24,0.0,21.074997,79.024994
2024-12-24,0.0,21.074997,79.07501
2024-12-24,0.0,21.074997,79.125
2024-12-24,0.0,21.074997,79.17499
2024-12-24,0.0,21.074997,79.225006
2024-12-24,0.0,21.125,78.975006
2024-12-24,0.0,21.125,79.024994
2024-12-24,0.0,21.125,79.07501
2024-12-24,0.0,21.125,79.125
2024-12-24,0.0,21.125,79.17499
2024-12-24,0.0,21.125,79.225006
2024-12-24,0.0,21.174995,78.975006
2024-12-24,0.0,21.174995,79.024994
2024-12-24,0.0,21.174995,79.07501
2024-12-24,0.0,21.174995,79.125
2024-12-24,0.0,21.174995,79.17499
2024-12-24,0.0,21.174995,79.225006
2024-12-24,0.0,21.224998,78.975006
2024-12-24,0.0,21.224998,79.024994
2024-12-24,0.0,21.224998,79.07501
2024-12-24,0.0,21.224998,79.125
2024-12-24,0.0,21.224998,79.17499
2024-12-24,0.0,21.224998,79.225006
2024-12-25,0.0,21.024994,78.975006
2024-12-25,0.0,21.024994,79.024994
2024-12-25,0.0,21.024994,79.07501
2024-12-25,0.0,21.024994,79.125
2024-12-25,0.0,21.024994,79.17499
2024-12-25,0.0,21.024994,79.225006
2024-12-25,0.0,21.074997,78.975006
2024-12-25,0.0,21.074997,79.024994
2024-12-25,0.0,21.074997,79.07501
2024-12-25,0.0,21.074997,79.125
2024-12-25,0.0,21.074997,79.17499
2024-12-25,0.0,21.074997,79.225006
2024-12-25,0.0,21.125,78.975006
2024-12-25,0.0,21.125,79.024994
2024-12-25,0.0,21.125,79.07501
2024-12-25,0.0,21.125,79.125
2024-12-25,0.0,21.125,79.17499
2024-12-25,0.0,21.125,79.225006
2024-12-25,0.0,21.174995,78.975006
2024-12-25,0.0,21.174995,79.024994
2024-12-25,0.0,21.174995,79.07501
2024-12-25,0.0,21.174995,79.125
2024-12-25,0.0,21.174995,79.17499
2024-12-25,0.0,21.174995,79.225006
2024-12-25,0.0,21.224998,78.975006
2024-12-25,0.0,21.224998,79.024994
2024-12-25,0.0,21.224998,79.07501
2024-12-25,0.0,21.224998,79.125
2024-12-25,0.0,21.224998,79.17499
2024-12-25,0.0,21.224998,79.225006
2024-12-26,0.0,21.024994,78.975006
2024-12-26,0.0,21.024994,79.024994
2024-12-26,0.0,21.024994,79.07501
2024-12-26,0.0,21.024994,79.125
2024-12-26,0.0,21.024994,79.17499
2024-12-26,0.0,21.024994,79.225006
2024-12-26,0.0,21.074997,78.975006
2024-12-26,0.0,21.074997,79.024994
2024-12-26,0.0,21.074997,79.07501
2024-12-26,0.0,21.074997,79.125
2024-12-26,0.0,21.074997,79.17499
2024-12-26,0.0,21.074997,79.225006
2024-12-26,0.0,21.125,78.975006
2024-12-26,0.0,21.125,79.024994
2024-12-26,0.0,21.125,79.07501
2024-12-26,0.0,21.125,79.125
2024-12-26,0.0,21.125,79.17499
2024-12-26,0.0,21.125,79.225006
2024-12-26,0.0,21.174995,78.975006
2024-12-26,0.0,21.174995,79.024994
2024-12-26,0.0,21.174995,79.07501
2024-12-26,0.0,21.174995,79.125
2024-12-26,0.0,21.174995,79.17499
2024-12-26,0.0,21.174995,79.225006
2024-12-26,0.0,21.224998,78.975006
2024-12-26,0.0,21.224998,79.024994
2024-12-26,0.0,21.224998,79.07501
2024-12-26,0.0,21.224998,79.125
2024-12-26,0.0,21.224998,79.17499
2024-12-26,0.0,21.224998,79.225006
2024-12-27,0.0,21.024994,78.975006
2024-12-27,0.0,21.024994,79.024994
2024-12-27,0.0,21.024994,79.07501
2024-12-27,0.0,21.024994,79.125
2024-12-27,0.0,21.024994,79.17499
2024-12-27,0.0,21.024994,79.225006
2024-12-27,0.0,21.074997,78.975006
2024-12-27,0.0,21.074997,79.024994
2024-12-27,0.0,21.074997,79.07501
2024-12-27,0.0,21.074997,79.125
2024-12-27,0.0,21.074997,79.17499
2024-12-27,0.0,21.074997,79.225006
2024-12-27,0.0,21.125,78.975006
2024-12-27,0.0,21.125,79.024994
2024-12-27,0.0,21.125,79.07501
2024-12-27,0.0,21.125,79.125
2024-12-27,0.0,21.125,79.17499
2024-12-27,0.0,21.125,79.225006
2024-12-27,0.0,21.174995,78.975006
2024-12-27,0.0,21.174995,79.024994
2024-12-27,0.0,21.174995,79.07501
2024-12-27,0.0,21.174995,79.125
2024-12-27,0.0,21.174995,79.17499
2024-12-27,0.0,21.174995,79.225006
2024-12-27,0.0,21.224998,78.975006
2024-12-27,0.0,21.224998,79.024994
2024-12-27,0.0,21.224998,79.07501
2024-12-27,0.0,21.224998,79.125
2024-12-27,0.0,21.224998,79.17499
2024-12-27,0.0,21.224998,79.225006
2024-12-28,0.0,21.024994,78.975006
2024-12-28,0.0,21.024994,79.024994
2024-12-28,0.0,21.024994,79.07501
2024-12-28,0.0,21.024994,79.125
2024-12-28,0.0,21.024994,79.17499
2024-12-28,0.0,21.024994,79.225006
2024-12-28,0.0,21.074997,78.975006
2024-12-28,0.0,21.074997,79.024994
2024-12-28,0.0,21.074997,79.07501
2024-12-28,0.0,21.074997,79.125
2024-12-28,0.0,21.074997,79.17499
2024-12-28,0.0,21.074997,79.225006
2024-12-28,0.0,21.125,78.975006
2024-12-28,0.0,21.125,79.024994
2024-12-28,0.0,21.125,79.07501
2024-12-28,0.0,21.125,79.125
2024-12-28,0.0,21.125,79.17499
2024-12-28,0.0,21.125,79.225006
2024-12-28,0.0,21.174995,78.975006
2024-12-28,0.0,21.174995,79.024994
2024-12-28,0.0,21.174995,79.07501
2024-12-28,0.0,21.174995,79.125
2024-12-28,0.0,21.174995,79.17499
2024-12-28,0.0,21.174995,79.225006
2024-12-28,0.0,21.224998,78.975006
2024-12-28,0.0,21.224998,79.024994
2024-12-28,0.0,21.224998,79.07501
2024-12-28,0.0,21.224998,79.125
2024-12-28,0.0,21.224998,79.17499
2024-12-28,0.0,21.224998,79.225006
2024-12-29,0.0,21.024994,78.975006
2024-12-29,0.0,21.024994,79.024994
2024-12-29,0.0,21.024994,79.07501
2024-12-29,0.0,21.024994,79.125
2024-12-29,0.0,21.024994,79.17499
2024-12-29,0.0,21.024994,79.225006
2024-12-29,0.0,21.074997,78.975006
2024-12-29,0.0,21.074997,79.024994
2024-12-29,0.0,21.074997,79.07501
2024-12-29,0.0,21.074997,79.125
2024-12-29,0.0,21.074997,79.17499
2024-12-29,0.0,21.074997,79.225006
2024-12-29,0.0,21.125,78.975006
2024-12-29,0.0,21.125,79.024994
2024-12-29,0.0,21.125,79.07501
2024-12-29,0.0,21.125,79.125
2024-12-29,0.0,21.125,79.17499
2024-12-29,0.0,21.125,79.225006
2024-12-29,0.0,21.174995,78.975006
2024-12-29,0.0,21.174995,79.024994
2024-12-29,0.0,21.174995,79.07501
2024-12-29,0.0,21.174995,79.125
2024-12-29,0.0,21.174995,79.17499
2024-12-29,0.0,21.174995,79.225006
2024-12-29,0.0,21.224998,78.975006
2024-12-29,0.0,21.224998,79.024994
2024-12-29,0.0,21.224998,79.07501
2024-12-29,0.0,21.224998,79.125
2024-12-29,0.0,21.224998,79.17499
2024-12-29,0.0,21.224998,79.225006
2024-12-30,0.0,21.024994,78.975006
2024-12-30,0.0,21.024994,79.024994
2024-12-30,0.0,21.024994,79.07501
2024-12-30,0.0,21.024994,79.125
2024-12-30,0.0,21.024994,79.17499
2024-12-30,0.0,21.024994,79.225006
2024-12-30,0.0,21.074997,78.975006
2024-12-30,0.0,21.074997,79.024994
2024-12-30,0.0,21.074997,79.07501
2024-12-30,0.0,21.074997,79.125
2024-12-30,0.0,21.074997,79.17499
2024-12-30,0.0,21.074997,79.225006
2024-12-30,0.0,21.125,78.975006
2024-12-30,0.0,21.125,79.024994
2024-12-30,0.0,21.125,79.07501
2024-12-30,0.0,21.125,79.125
2024-12-30,0.0,21.125,79.17499
2024-12-30,0.0,21.125,79.225006
2024-12-30,0.0,21.174995,78.975006
2024-12-30,0.0,21.174995,79.024994
2024-12-30,0.0,21.174995,79.07501
2024-12-30,0.0,21.174995,79.125
2024-12-30,0.0,21.174995,79.17499
2024-12-30,0.0,21.174995,79.225006
2024-12-30,0.0,21.224998,78.975006
2024-12-30,0.0,21.224998,79.024994
2024-12-30,0.0,21.224998,79.07501
2024-12-30,0.0,21.224998,79.125
2024-12-30,0.0,21.224998,79.17499
2024-12-30,0.0,21.224998,79.225006
2024-12-31,0.0,21.024994,78.975006
2024-12-31,0.0,21.024994,79.024994
2024-12-31,0.0,21.024994,79.07501
2024-12-31,0.0,21.024994,79.125
2024-12-31,0.0,21.024994,79.17499
2024-12-31,0.0,21.024994,79.225006
2024-12-31,0.0,21.074997,78.975006
2024-12-31,0.0,21.074997,79.024994
2024-12-31,0.0,21.074997,79.07501
2024-12-31,0.0,21.074997,79.125
2024-12-31,0.0,21.074997,79.17499
2024-12-31,0.0,21.074997,79.225006
2024-12-31,0.0,21.125,78.975006
2024-12-31,0.0,21.125,79.024994
2024-12-31,0.0,21.125,79.07501
2024-12-31,0.0,21.125,79.125
2024-12-31,0.0,21.125,79.17499
2024-12-31,0.0,21.125,79.225006
2024-12-31,0.0,21.174995,78.975006
2024-12-31,0.0,21.174995,79.024994
2024-12-31,0.0,21.174995,79.07501
2024-12-31,0.0,21.174995,79.125
2024-12-31,0.0,21.174995,79.17499
2024-12-31,0.0,21.174995,79.225006
2024-12-31,0.0,21.224998,78.975006
2024-12-31,0.0,21.224998,79.024994
2024-12-31,0.0,21.224998,79.07501
2024-12-31,0.0,21.224998,79.125
2024-12-31,0.0,21.224998,79.17499
2024-12-31,0.0,21.224998,79.225006
